ID,price,bathrooms,bedrooms,square_feet,latitude,longitude,category,has_photo,state
2,925,1.0,0,116,47.616,-122.3275,housing/rent/apartment,Thumbnail,WA
3,2475,1.0,0,130,40.7629,-73.9885,housing/rent/apartment,Thumbnail,NY
5,1695,1.0,0,190,37.7599,-122.4379,housing/rent/apartment,Thumbnail,CA
6,1560,1.0,1,200,35.0847,-77.0609,housing/rent/apartment,Thumbnail,NC
7,1560,1.0,1,200,35.096,-77.0272,housing/rent/apartment,Thumbnail,NC
8,1000,1.0,1,200,30.0871,-95.4685,housing/rent/apartment,Thumbnail,TX
10,625,1.0,1,200,33.9649,-84.5107,housing/rent/apartment,Thumbnail,GA
12,544,1.0,1,200,30.4601,-84.2714,housing/rent/apartment,Thumbnail,FL
14,750,1.0,1,215,27.8492,-82.3155,housing/rent/apartment,Thumbnail,FL
16,1400,1.0,1,219,37.7599,-122.4379,housing/rent/apartment,Thumbnail,CA
17,1095,1.0,1,219,39.1634,-76.6165,housing/rent/apartment,Thumbnail,MD
19,900,1.0,1,219,38.621,-76.9225,housing/rent/apartment,Thumbnail,MD
21,725,1.0,1,219,39.6828,-104.8078,housing/rent/apartment,Thumbnail,CO
22,650,1.0,1,219,38.7418,-77.4684,housing/rent/apartment,Thumbnail,VA
23,650,1.0,1,219,33.7416,-84.2614,housing/rent/apartment,Thumbnail,GA
25,595,1.0,1,219,35.1038,-106.611,housing/rent/apartment,Thumbnail,NM
26,1195,1.0,0,223,47.616,-122.3275,housing/rent/apartment,Thumbnail,WA
27,1150,1.0,0,225,47.616,-122.3275,housing/rent/apartment,Thumbnail,WA
28,942,1.0,1,225,41.8625,-87.6825,housing/rent/apartment,Thumbnail,IL
29,1250,1.0,0,228,47.616,-122.3275,housing/rent/apartment,Thumbnail,WA
33,1095,1.0,0,231,47.616,-122.3275,housing/rent/apartment,Thumbnail,WA
35,775,1.0,1,240,48.7871,-122.4437,housing/rent/apartment,Thumbnail,WA
36,1299,1.0,0,243,47.616,-122.3275,housing/rent/apartment,Thumbnail,WA
39,1600,1.0,1,250,33.9855,-118.4532,housing/rent/apartment,Thumbnail,CA
41,1330,1.0,1,250,34.145,-118.3898,housing/rent/apartment,Thumbnail,CA
42,1310,1.0,1,250,34.2805,-118.8861,housing/rent/apartment,Thumbnail,CA
43,1300,1.0,1,250,33.8363,-118.333,housing/rent/apartment,Thumbnail,CA
44,1295,1.0,1,250,38.5587,-121.432,housing/rent/apartment,Thumbnail,CA
45,1255,1.0,1,250,34.2017,-118.492,housing/rent/apartment,Thumbnail,CA
49,1200,1.0,1,250,39.6828,-104.8078,housing/rent/apartment,Thumbnail,CO
50,1175,1.0,1,250,37.9353,-121.6935,housing/rent/apartment,Thumbnail,CA
52,1150,1.0,1,250,39.1088,-77.2384,housing/rent/apartment,Thumbnail,MD
53,1145,1.0,1,250,42.6484,-71.1615,housing/rent/apartment,Thumbnail,MA
54,1135,1.0,1,250,37.7904,-122.2151,housing/rent/apartment,Thumbnail,CA
55,1115,1.0,1,250,37.9724,-122.3304,housing/rent/apartment,Thumbnail,CA
56,1095,1.0,0,250,41.8625,-87.6825,housing/rent/apartment,Thumbnail,IL
57,1090,1.0,1,250,38.7999,-77.1072,housing/rent/apartment,Thumbnail,VA
58,1075,1.0,1,250,41.8625,-87.6825,housing/rent/apartment,Thumbnail,IL
61,1045,1.0,1,250,38.786,-77.2858,housing/rent/apartment,Thumbnail,VA
62,1025,1.0,1,250,47.5988,-122.1507,housing/rent/apartment,Thumbnail,WA
63,1005,1.0,1,250,38.3918,-121.2234,housing/rent/apartment,Thumbnail,CA
64,1000,1.0,1,250,34.1677,-118.6141,housing/rent/apartment,Thumbnail,CA
65,1000,1.0,1,250,25.7603,-80.3005,housing/rent/apartment,Thumbnail,FL
67,1000,1.0,1,250,39.8644,-105.0454,housing/rent/apartment,Thumbnail,CO
68,1000,1.0,1,250,39.6828,-104.8078,housing/rent/apartment,Thumbnail,CO
69,1000,1.0,1,250,39.8228,-105.1107,housing/rent/apartment,Thumbnail,CO
70,1000,1.0,1,250,33.7606,-118.0806,housing/rent/apartment,Thumbnail,CA
71,975,1.0,1,250,33.1463,-117.1694,housing/rent/apartment,Thumbnail,CA
72,965,1.0,1,250,39.8587,-74.8101,housing/rent/apartment,Thumbnail,NJ
73,955,1.0,1,250,39.1634,-76.6165,housing/rent/apartment,Thumbnail,MD
75,950,1.0,1,250,39.6828,-104.8078,housing/rent/apartment,Thumbnail,CO
76,930,1.0,1,250,37.9682,-122.0091,housing/rent/apartment,Thumbnail,CA
78,925,1.0,1,250,32.6197,-117.0226,housing/rent/apartment,Thumbnail,CA
79,925,1.0,1,250,39.1634,-76.6165,housing/rent/apartment,Thumbnail,MD
80,915,1.0,1,250,39.5516,-104.969,housing/rent/apartment,Thumbnail,CO
83,900,1.0,1,250,40.0213,-105.2552,housing/rent/apartment,Thumbnail,CO
84,900,1.0,1,250,39.6828,-104.8078,housing/rent/apartment,Thumbnail,CO
85,900,1.0,1,250,34.0291,-117.9457,housing/rent/apartment,Thumbnail,CA
86,900,1.0,1,250,33.8323,-117.9079,housing/rent/apartment,Thumbnail,CA
87,895,1.0,1,250,39.8312,-104.8942,housing/rent/apartment,Thumbnail,CO
90,865,1.0,1,250,26.1806,-81.7257,housing/rent/apartment,Thumbnail,FL
91,865,1.0,1,250,33.7848,-84.3922,housing/rent/apartment,Thumbnail,GA
92,860,1.0,1,250,27.3181,-82.4987,housing/rent/apartment,Thumbnail,FL
95,850,1.0,1,250,40.0994,-104.8079,housing/rent/apartment,Thumbnail,CO
98,850,1.0,1,250,27.7873,-82.6772,housing/rent/apartment,Thumbnail,FL
99,850,1.0,1,250,45.5091,-122.6449,housing/rent/apartment,Thumbnail,OR
101,805,1.0,1,250,33.7848,-84.3922,housing/rent/apartment,Thumbnail,GA
105,800,1.0,1,250,28.905,-81.2156,housing/rent/apartment,Thumbnail,FL
106,800,1.0,1,250,38.1255,-121.2878,housing/rent/apartment,Thumbnail,CA
110,785,1.0,1,250,40.5649,-105.0824,housing/rent/apartment,Thumbnail,CO
111,760,1.0,1,250,40.4067,-105.0984,housing/rent/apartment,Thumbnail,CO
113,755,1.0,1,250,39.6103,-75.6896,housing/rent/apartment,Thumbnail,DE
114,755,1.0,1,250,40.2776,-76.7088,housing/rent/apartment,Thumbnail,PA
115,750,1.0,1,250,33.945,-117.4074,housing/rent/apartment,Thumbnail,CA
116,750,1.0,1,250,27.2897,-80.3421,housing/rent/apartment,Thumbnail,FL
117,750,1.0,1,250,39.1774,-77.2569,housing/rent/apartment,Thumbnail,MD
118,750,1.0,1,250,35.2016,-80.8124,housing/rent/apartment,Thumbnail,NC
121,720,1.0,1,250,29.4782,-98.2759,housing/rent/apartment,Thumbnail,TX
122,705,1.0,1,250,29.7714,-95.4343,housing/rent/apartment,Thumbnail,TX
123,700,1.0,1,250,33.4234,-111.5415,housing/rent/apartment,Thumbnail,AZ
124,700,1.0,1,250,30.3054,-97.7497,housing/rent/apartment,Thumbnail,TX
125,700,1.0,1,250,39.9156,-105.0876,housing/rent/apartment,Thumbnail,CO
126,700,1.0,1,250,33.5783,-111.8902,housing/rent/apartment,Thumbnail,AZ
127,700,1.0,1,250,28.5163,-81.3644,housing/rent/apartment,Thumbnail,FL
128,700,1.0,1,250,39.3191,-76.6126,housing/rent/apartment,Thumbnail,MD
129,700,1.0,1,250,39.6041,-104.8594,housing/rent/apartment,Thumbnail,CO
130,700,1.0,1,250,39.6894,-105.1119,housing/rent/apartment,Thumbnail,CO
131,700,1.0,1,250,30.0066,-97.8071,housing/rent/apartment,Thumbnail,TX
134,685,1.0,1,250,34.0505,-81.0098,housing/rent/apartment,Thumbnail,SC
135,685,1.0,1,250,33.5178,-112.0848,housing/rent/apartment,Thumbnail,AZ
137,675,1.0,1,250,45.1748,-93.3109,housing/rent/apartment,Thumbnail,MN
138,660,1.0,1,250,33.5178,-112.0848,housing/rent/apartment,Thumbnail,AZ
139,650,1.0,1,250,39.3191,-76.6126,housing/rent/apartment,Thumbnail,MD
140,650,1.0,1,250,44.9545,-123.0072,housing/rent/apartment,Thumbnail,OR
141,650,1.0,1,250,29.4832,-82.8641,housing/rent/apartment,Thumbnail,FL
142,650,1.0,1,250,29.4624,-98.5253,housing/rent/apartment,Thumbnail,TX
143,650,1.0,1,250,36.0402,-86.6385,housing/rent/apartment,Thumbnail,TN
144,645,1.0,1,250,33.6285,-78.9873,housing/rent/apartment,Thumbnail,SC
146,625,1.0,1,250,27.0717,-82.3833,housing/rent/apartment,Thumbnail,FL
147,610,1.0,1,250,33.5178,-112.0848,housing/rent/apartment,Thumbnail,AZ
148,600,1.0,1,250,28.473,-82.5474,housing/rent/apartment,Thumbnail,FL
149,600,1.0,1,250,32.2264,-110.9438,housing/rent/apartment,Thumbnail,AZ
151,600,1.0,1,250,36.9873,-122.016,housing/rent/apartment,Thumbnail,CA
152,600,1.0,1,250,28.0076,-82.4792,housing/rent/apartment,Thumbnail,FL
153,600,1.0,1,250,47.1165,-88.5631,housing/rent/apartment,Thumbnail,MI
154,600,1.0,1,250,35.823,-78.6438,housing/rent/apartment,Thumbnail,NC
155,595,1.0,1,250,37.6465,-78.2899,housing/rent/apartment,Thumbnail,VA
156,580,1.0,1,250,27.6361,-80.4261,housing/rent/apartment,Thumbnail,FL
157,575,1.0,1,250,39.9849,-75.8127,housing/rent/apartment,Thumbnail,PA
159,550,1.0,1,250,39.2019,-76.951,housing/rent/apartment,Thumbnail,MD
160,550,1.0,1,250,38.7701,-77.2263,housing/rent/apartment,Thumbnail,VA
161,500,1.0,1,250,33.8829,-78.6369,housing/rent/apartment,Thumbnail,SC
162,500,1.0,1,250,29.5056,-94.9889,housing/rent/apartment,Thumbnail,TX
163,500,1.0,1,250,34.8856,-112.4675,housing/rent/apartment,Thumbnail,AZ
164,499,1.0,1,250,38.2006,-84.9469,housing/rent/apartment,Thumbnail,KY
165,495,1.0,1,250,33.5178,-112.0848,housing/rent/apartment,Thumbnail,AZ
166,200,1.0,1,250,39.3903,-77.1487,housing/rent/apartment,Thumbnail,MD
167,1325,1.0,0,253,47.616,-122.3275,housing/rent/apartment,Thumbnail,WA
168,1400,1.0,0,255,47.7046,-122.1989,housing/rent/apartment,Thumbnail,WA
171,1659,1.0,1,272,38.9118,-77.0132,housing/rent/apartment,Thumbnail,DC
172,1600,1.0,1,272,37.7078,-122.1435,housing/rent/apartment,Thumbnail,CA
174,1900,1.0,0,275,33.6019,-117.8637,housing/rent/apartment,Thumbnail,CA
175,1505,1.0,1,275,34.0372,-118.2972,housing/rent/apartment,Thumbnail,CA
176,900,1.0,1,275,33.3423,-111.7755,housing/rent/apartment,Thumbnail,AZ
177,892,1.0,0,275,41.8625,-87.6825,housing/rent/apartment,Thumbnail,IL
179,1240,1.0,1,280,38.8077,-76.9886,housing/rent/apartment,Thumbnail,MD
180,870,1.0,1,285,61.1723,-149.8414,housing/rent/apartment,Thumbnail,AK
182,1350,1.0,0,288,47.616,-122.3275,housing/rent/apartment,Thumbnail,WA
183,865,1.0,1,288,40.3911,-80.1989,housing/rent/apartment,Yes,PA
184,690,1.0,1,288,28.0076,-82.4792,housing/rent/apartment,Thumbnail,FL
185,1099,1.0,0,290,45.5091,-122.6449,housing/rent/apartment,Thumbnail,OR
187,850,1.0,0,296,41.6595,-91.535,housing/rent/apartment,Thumbnail,IA
188,2200,1.0,0,300,37.4356,-122.134,housing/rent/apartment,Thumbnail,CA
189,2112,1.0,1,300,41.0591,-74.1452,housing/rent/apartment,Yes,NJ
190,1868,1.0,1,300,34.1428,-117.9996,housing/rent/apartment,Yes,CA
191,1785,1.0,1,300,41.7277,-72.8374,housing/rent/apartment,Yes,CT
192,1575,1.0,1,300,34.0628,-118.2754,housing/rent/apartment,Thumbnail,CA
193,1534,1.0,1,300,39.1775,-77.1944,housing/rent/apartment,Yes,MD
194,1470,1.0,1,300,41.7773,-72.5249,housing/rent/apartment,Yes,CT
195,1470,1.0,1,300,39.1627,-76.6354,housing/rent/apartment,Yes,MD
196,1470,1.0,1,300,39.1723,-76.8514,housing/rent/apartment,Yes,MD
197,1425,1.0,2,300,40.6496,-73.9596,housing/rent/apartment,Thumbnail,NY
198,1386,1.0,1,300,39.2081,-76.661,housing/rent/apartment,Yes,MD
199,1195,1.0,0,300,47.616,-122.3275,housing/rent/apartment,Thumbnail,WA
201,975,1.0,0,300,33.7815,-118.1934,housing/rent/apartment,Thumbnail,CA
202,911,1.0,1,300,41.8625,-87.6825,housing/rent/apartment,Thumbnail,IL
203,900,1.0,0,300,30.3054,-97.7497,housing/rent/apartment,Thumbnail,TX
204,800,1.0,1,300,40.5649,-105.0824,housing/rent/apartment,Thumbnail,CO
205,800,1.0,1,300,33.7416,-84.2614,housing/rent/apartment,Thumbnail,GA
206,795,1.0,1,300,39.736,-104.9819,housing/rent/apartment,Thumbnail,CO
207,795,1.0,1,300,27.3181,-82.4987,housing/rent/apartment,Thumbnail,FL
208,775,1.0,1,300,43.0531,-87.9659,housing/rent/apartment,Thumbnail,WI
209,760,1.0,0,300,41.8625,-87.6825,housing/rent/apartment,Thumbnail,IL
214,595,1.0,1,300,39.0744,-108.5228,housing/rent/apartment,Thumbnail,CO
215,590,1.0,1,300,39.1471,-86.5136,housing/rent/apartment,Thumbnail,IN
216,590,1.0,2,300,39.1471,-86.5136,housing/rent/apartment,Thumbnail,IN
217,585,1.0,2,300,39.1471,-86.5136,housing/rent/apartment,Thumbnail,IN
219,400,1.0,1,300,35.823,-78.6438,housing/rent/apartment,Thumbnail,NC
220,1195,1.0,1,301,39.5197,-119.8342,housing/rent/apartment,Thumbnail,NV
221,1094,1.0,1,306,39.5197,-119.8342,housing/rent/apartment,Thumbnail,NV
224,1222,1.0,2,310,42.6398,-71.3184,housing/rent/apartment,Thumbnail,MA
225,2195,1.0,0,313,37.7599,-122.4379,housing/rent/apartment,Thumbnail,CA
226,760,1.0,1,313,39.7953,-86.1387,housing/rent/apartment,Thumbnail,IN
227,650,1.0,2,314,41.2321,-111.9813,housing/rent/apartment,Thumbnail,UT
228,2695,1.0,0,315,37.7599,-122.4379,housing/rent/apartment,Thumbnail,CA
229,730,1.0,2,315,61.1723,-149.8414,housing/rent/apartment,Thumbnail,AK
231,775,1.0,1,317,40.3613,-86.9005,housing/rent/apartment,Thumbnail,IN
232,1350,1.0,0,318,38.9799,-77.0798,housing/rent/apartment,Thumbnail,MD
233,1100,1.0,1,319,41.8625,-87.6825,housing/rent/apartment,Thumbnail,IL
235,675,1.0,0,320,41.4648,-81.6794,housing/rent/apartment,Thumbnail,OH
236,925,1.0,1,321,39.6894,-105.1119,housing/rent/apartment,Thumbnail,CO
237,845,1.0,1,322,43.0531,-87.9659,housing/rent/apartment,Thumbnail,WI
238,700,1.0,2,324,43.0724,-89.4003,housing/rent/apartment,Thumbnail,WI
239,2700,1.0,2,325,42.328,-71.071,housing/rent/apartment,Thumbnail,MA
241,1350,1.0,1,325,47.616,-122.3275,housing/rent/apartment,Thumbnail,WA
242,1349,1.0,2,325,41.8625,-87.6825,housing/rent/apartment,Thumbnail,IL
243,975,1.0,2,325,36.1554,-115.1733,housing/rent/apartment,Thumbnail,NV
244,925,1.0,0,325,41.8625,-87.6825,housing/rent/apartment,Thumbnail,IL
245,899,1.0,2,325,41.8625,-87.6825,housing/rent/apartment,Thumbnail,IL
247,325,1.0,2,325,41.6675,-83.5837,housing/rent/apartment,Thumbnail,OH
250,710,1.0,1,330,39.0744,-94.5521,housing/rent/apartment,Thumbnail,MO
251,2695,1.0,2,332,37.7599,-122.4379,housing/rent/apartment,Thumbnail,CA
254,1386,1.0,2,334,30.3054,-97.7497,housing/rent/apartment,Thumbnail,TX
255,800,1.0,1,335,41.5927,-93.6276,housing/rent/apartment,Thumbnail,IA
256,2195,1.0,0,336,37.7856,-122.4121,housing/rent/apartment,Thumbnail,CA
257,1100,1.0,2,336,43.0834,-87.8861,housing/rent/apartment,Thumbnail,WI
258,1099,1.0,1,336,28.0076,-82.4792,housing/rent/apartment,Thumbnail,FL
259,625,1.0,0,336,32.2264,-110.9438,housing/rent/apartment,Thumbnail,AZ
261,2295,1.0,0,338,37.7599,-122.4379,housing/rent/apartment,Thumbnail,CA
262,1160,1.0,2,338,29.6533,-82.3656,housing/rent/apartment,Thumbnail,FL
263,998,1.0,2,338,44.9605,-89.6304,housing/rent/apartment,Thumbnail,WI
265,785,1.0,1,340,43.0724,-89.4003,housing/rent/apartment,Thumbnail,WI
267,1240,1.0,0,341,33.3898,-111.9272,housing/rent/apartment,Thumbnail,AZ
269,480,1.0,2,342,40.3613,-86.9005,housing/rent/apartment,Thumbnail,IN
270,800,1.0,0,344,35.0462,-85.2352,housing/rent/apartment,Thumbnail,TN
271,1655,1.0,1,346,47.616,-122.3275,housing/rent/apartment,Thumbnail,WA
272,899,1.0,1,346,44.9855,-93.3023,housing/rent/apartment,Thumbnail,MN
273,600,1.0,1,347,38.6274,-90.304,housing/rent/apartment,Thumbnail,MO
274,699,1.0,2,348,39.0744,-94.5521,housing/rent/apartment,Thumbnail,MO
276,1670,1.0,2,350,42.2711,-83.745,housing/rent/apartment,Thumbnail,MI
277,1650,1.0,1,350,37.3108,-121.8645,housing/rent/apartment,Thumbnail,CA
278,1550,1.0,2,350,38.9118,-77.0132,housing/rent/apartment,Thumbnail,DC
279,1400,1.0,0,350,34.0372,-118.2972,housing/rent/apartment,Thumbnail,CA
280,1299,1.0,0,350,45.5091,-122.6449,housing/rent/apartment,Thumbnail,OR
281,1299,1.0,0,350,47.616,-122.3275,housing/rent/apartment,Thumbnail,WA
282,1200,1.0,2,350,42.7742,-71.0937,housing/rent/apartment,Thumbnail,MA
283,1145,1.0,1,350,40.0054,-75.1415,housing/rent/apartment,Thumbnail,PA
284,1000,1.0,1,350,43.0724,-89.4003,housing/rent/apartment,Thumbnail,WI
285,940,1.0,0,350,41.8625,-87.6825,housing/rent/apartment,Thumbnail,IL
286,895,1.0,2,350,40.1119,-82.9128,housing/rent/apartment,Thumbnail,OH
288,800,1.0,1,350,41.8625,-87.6825,housing/rent/apartment,Thumbnail,IL
289,710,1.0,0,350,47.6794,-117.4018,housing/rent/apartment,Thumbnail,WA
290,699,1.0,0,350,39.597,-78.8345,housing/rent/apartment,Thumbnail,MD
294,1246,1.0,2,352,30.3054,-97.7497,housing/rent/apartment,Thumbnail,TX
295,1225,1.0,0,352,34.0786,-118.2615,housing/rent/apartment,Thumbnail,CA
296,675,1.0,1,354,38.9163,-94.3719,housing/rent/apartment,Thumbnail,MO
297,1400,1.0,0,355,34.0372,-118.2972,housing/rent/apartment,Thumbnail,CA
298,585,1.0,1,355,40.1171,-88.1889,housing/rent/apartment,Thumbnail,IL
299,1125,1.0,2,357,41.8625,-87.6825,housing/rent/apartment,Thumbnail,IL
300,614,1.0,2,357,41.4729,-81.7374,housing/rent/apartment,Thumbnail,OH
301,1225,1.0,2,360,40.7647,-74.2119,housing/rent/apartment,Thumbnail,NJ
302,875,1.0,2,360,44.9545,-123.0072,housing/rent/apartment,Thumbnail,OR
303,850,1.0,2,360,30.3054,-97.7497,housing/rent/apartment,Thumbnail,TX
306,495,1.0,1,360,36.116,-95.9281,housing/rent/apartment,Thumbnail,OK
307,1750,1.0,2,362,38.9118,-77.0132,housing/rent/apartment,Thumbnail,DC
308,1050,1.0,1,362,41.8625,-87.6825,housing/rent/apartment,Thumbnail,IL
309,950,1.0,0,362,30.3054,-97.7497,housing/rent/apartment,Thumbnail,TX
310,1200,1.0,2,367,45.5091,-122.6449,housing/rent/apartment,Thumbnail,OR
311,985,1.0,1,367,41.8625,-87.6825,housing/rent/apartment,Thumbnail,IL
313,530,1.0,1,368,43.2932,-86.2829,housing/rent/apartment,Thumbnail,MI
314,1530,1.0,2,369,47.616,-122.3275,housing/rent/apartment,Thumbnail,WA
315,1000,1.0,1,369,33.7815,-118.1934,housing/rent/apartment,Yes,CA
318,1025,1.0,1,370,45.5091,-122.6449,housing/rent/apartment,Thumbnail,OR
321,1525,1.0,1,375,32.7876,-117.1265,housing/rent/apartment,Thumbnail,CA
323,940,1.0,2,375,30.3054,-97.7497,housing/rent/apartment,Thumbnail,TX
325,829,1.0,1,375,33.5178,-112.0848,housing/rent/apartment,Thumbnail,AZ
326,799,1.0,0,375,40.4969,-86.9659,housing/rent/apartment,Thumbnail,IN
327,773,1.0,2,375,44.9855,-93.3023,housing/rent/apartment,Thumbnail,MN
328,386,1.0,1,375,42.8224,-89.0658,housing/rent/apartment,Thumbnail,WI
329,1400,1.0,2,377,25.7603,-80.3005,housing/rent/apartment,Thumbnail,FL
330,3095,1.0,1,378,37.7599,-122.4379,housing/rent/apartment,Thumbnail,CA
332,929,1.0,0,378,30.3054,-97.7497,housing/rent/apartment,Thumbnail,TX
333,1591,1.0,2,379,33.8666,-118.0485,housing/rent/apartment,Thumbnail,CA
337,955,1.0,2,380,61.1723,-149.8414,housing/rent/apartment,Thumbnail,AK
339,2895,1.0,2,381,37.7599,-122.4379,housing/rent/apartment,Thumbnail,CA
340,2874,1.0,2,382,37.7599,-122.4379,housing/rent/apartment,Thumbnail,CA
341,635,1.0,2,382,35.9695,-83.981,housing/rent/apartment,Thumbnail,TN
342,902,1.0,1,384,41.8625,-87.6825,housing/rent/apartment,Thumbnail,IL
343,2395,1.0,0,385,37.7599,-122.4379,housing/rent/apartment,Thumbnail,CA
344,1250,1.0,1,385,45.5091,-122.6449,housing/rent/apartment,Thumbnail,OR
345,540,1.0,1,385,39.1471,-86.5136,housing/rent/apartment,Thumbnail,IN
346,350,1.0,1,385,37.2935,-87.127,housing/rent/apartment,Thumbnail,KY
349,2095,1.0,2,390,41.824,-71.4315,housing/rent/apartment,Thumbnail,RI
352,699,1.0,1,390,40.4969,-86.9659,housing/rent/apartment,Thumbnail,IN
353,640,1.0,1,390,40.1171,-88.1889,housing/rent/apartment,Thumbnail,IL
356,1654,1.0,0,393,38.9118,-77.0132,housing/rent/apartment,Thumbnail,DC
357,995,1.0,2,393,29.5122,-98.5226,housing/rent/apartment,Thumbnail,TX
358,919,1.0,0,394,30.3054,-97.7497,housing/rent/apartment,Thumbnail,TX
359,1350,1.0,0,395,34.0372,-118.2972,housing/rent/apartment,Thumbnail,CA
360,1045,1.0,1,395,41.8625,-87.6825,housing/rent/apartment,Thumbnail,IL
362,762,1.0,2,395,48.7871,-122.4437,housing/rent/apartment,Thumbnail,WA
363,1050,1.0,1,396,30.3054,-97.7497,housing/rent/apartment,Thumbnail,TX
364,1225,1.0,1,397,45.5091,-122.6449,housing/rent/apartment,Thumbnail,OR
365,2495,1.0,2,398,37.7599,-122.4379,housing/rent/apartment,Thumbnail,CA
366,1173,1.0,1,398,41.8625,-87.6825,housing/rent/apartment,Thumbnail,IL
367,1005,1.0,2,398,30.3054,-97.7497,housing/rent/apartment,Thumbnail,TX
369,875,1.0,2,398,30.3054,-97.7497,housing/rent/apartment,Thumbnail,TX
370,3000,1.0,2,400,26.0512,-80.147,housing/rent/apartment,Thumbnail,FL
371,2450,1.0,0,400,34.0231,-118.4811,housing/rent/apartment,Thumbnail,CA
372,2050,1.0,1,400,33.8323,-117.9079,housing/rent/apartment,Thumbnail,CA
373,1659,1.0,0,400,38.9118,-77.0132,housing/rent/apartment,Thumbnail,DC
374,1625,1.0,1,400,47.3002,-122.2168,housing/rent/apartment,Thumbnail,WA
375,1599,1.0,0,400,40.6997,-73.8103,housing/rent/apartment,Thumbnail,NY
376,1500,1.0,1,400,33.1463,-117.1694,housing/rent/apartment,Thumbnail,CA
378,1450,1.0,0,400,32.7876,-117.1265,housing/rent/apartment,Thumbnail,CA
379,1415,1.0,1,400,37.9917,-122.5247,housing/rent/apartment,Thumbnail,CA
381,1395,1.0,1,400,42.2711,-83.745,housing/rent/apartment,Thumbnail,MI
383,1355,1.0,1,400,33.8897,-118.1257,housing/rent/apartment,Thumbnail,CA
384,1345,1.0,1,400,38.9118,-77.0132,housing/rent/apartment,Thumbnail,DC
385,1250,1.0,1,400,42.3895,-71.1039,housing/rent/apartment,Thumbnail,MA
387,1225,1.0,1,400,45.5091,-122.6449,housing/rent/apartment,Thumbnail,OR
388,1215,1.0,1,400,37.3108,-121.8645,housing/rent/apartment,Thumbnail,CA
390,1160,1.0,1,400,43.0724,-89.4003,housing/rent/apartment,Thumbnail,WI
391,1150,1.0,1,400,39.4276,-76.7727,housing/rent/apartment,Thumbnail,MD
392,1100,1.0,1,400,39.8228,-105.1107,housing/rent/apartment,Thumbnail,CO
393,1100,1.0,1,400,43.0681,-70.7854,housing/rent/apartment,Yes,NH
396,1090,1.0,2,400,30.3054,-97.7497,housing/rent/apartment,Thumbnail,TX
397,1085,1.0,2,400,30.3054,-97.7497,housing/rent/apartment,Thumbnail,TX
398,1050,1.0,1,400,41.8625,-87.6825,housing/rent/apartment,Thumbnail,IL
399,1045,1.0,2,400,30.3054,-97.7497,housing/rent/apartment,Thumbnail,TX
400,1040,1.0,2,400,30.3054,-97.7497,housing/rent/apartment,Thumbnail,TX
402,1012,1.0,2,400,39.6828,-104.8078,housing/rent/apartment,Thumbnail,CO
403,1000,1.0,1,400,40.0054,-75.1415,housing/rent/apartment,Thumbnail,PA
405,995,1.0,1,400,44.9855,-93.3023,housing/rent/apartment,Thumbnail,MN
406,975,1.0,3,400,30.3043,-97.7169,housing/rent/apartment,Thumbnail,TX
407,975,1.0,0,400,30.3054,-97.7497,housing/rent/apartment,Thumbnail,TX
408,975,1.0,1,400,26.0066,-80.2959,housing/rent/apartment,Thumbnail,FL
410,945,1.0,2,400,44.9855,-93.3023,housing/rent/apartment,Thumbnail,MN
413,925,1.0,1,400,43.0758,-70.9427,housing/rent/apartment,Yes,NH
414,919,1.0,1,400,44.9368,-93.3605,housing/rent/apartment,Thumbnail,MN
415,910,1.0,1,400,40.0213,-105.2552,housing/rent/apartment,Thumbnail,CO
416,900,1.0,3,400,30.3054,-97.7497,housing/rent/apartment,Thumbnail,TX
418,900,1.0,1,400,30.3054,-97.7497,housing/rent/apartment,Thumbnail,TX
419,899,1.0,1,400,37.1451,-76.5397,housing/rent/apartment,Thumbnail,VA
420,895,1.0,2,400,30.3054,-97.7497,housing/rent/apartment,Thumbnail,TX
421,895,1.0,0,400,30.3054,-97.7497,housing/rent/apartment,Thumbnail,TX
422,895,1.0,0,400,30.3054,-97.7497,housing/rent/apartment,Thumbnail,TX
423,895,1.0,0,400,30.3054,-97.7497,housing/rent/apartment,Thumbnail,TX
424,875,1.0,1,400,39.8895,-104.9641,housing/rent/apartment,Thumbnail,CO
425,875,1.0,2,400,30.3054,-97.7497,housing/rent/apartment,Thumbnail,TX
426,875,1.0,1,400,45.4913,-122.4185,housing/rent/apartment,Thumbnail,OR
427,865,1.0,1,400,41.7609,-72.7477,housing/rent/apartment,Thumbnail,CT
429,850,1.0,0,400,29.7714,-95.4343,housing/rent/apartment,Thumbnail,TX
431,845,1.0,1,400,40.0994,-104.8079,housing/rent/apartment,Thumbnail,CO
432,829,1.0,0,400,39.3284,-76.6021,housing/rent/apartment,Thumbnail,MD
433,800,1.0,1,400,39.6828,-104.8078,housing/rent/apartment,Thumbnail,CO
434,799,1.0,1,400,40.4969,-86.9659,housing/rent/apartment,Thumbnail,IN
435,799,1.0,2,400,41.8625,-87.6825,housing/rent/apartment,Thumbnail,IL
436,750,1.5,0,400,36.193,-115.2946,housing/rent/apartment,Thumbnail,NV
437,720,1.0,2,400,45.2764,-92.9901,housing/rent/apartment,Thumbnail,MN
438,720,1.0,1,400,39.9974,-82.9829,housing/rent/apartment,Thumbnail,OH
439,700,1.0,1,400,40.162,-105.1342,housing/rent/apartment,Thumbnail,CO
441,695,1.0,2,400,30.8542,-96.9773,housing/rent/apartment,Thumbnail,TX
442,691,1.0,1,400,30.2989,-81.6324,housing/rent/apartment,Thumbnail,FL
443,690,1.0,1,400,25.7603,-80.3005,housing/rent/apartment,Thumbnail,FL
444,660,1.0,1,400,39.1471,-86.5136,housing/rent/apartment,Thumbnail,IN
445,615,1.0,0,400,41.2562,-96.0404,housing/rent/apartment,Thumbnail,NE
446,600,1.0,1,400,26.6942,-81.8779,housing/rent/apartment,Thumbnail,FL
447,600,1.0,1,400,39.736,-104.9819,housing/rent/apartment,Thumbnail,CO
449,500,1.0,0,400,36.0646,-79.8238,housing/rent/apartment,Thumbnail,NC
451,475,1.0,1,400,39.736,-104.9819,housing/rent/apartment,Thumbnail,CO
452,435,1.0,1,400,41.0767,-80.674,housing/rent/apartment,Thumbnail,OH
453,425,1.0,2,400,48.2469,-101.3017,housing/rent/apartment,Thumbnail,ND
455,975,1.0,1,401,30.3054,-97.7497,housing/rent/apartment,Thumbnail,TX
457,1050,1.0,2,403,43.0735,-88.0172,housing/rent/apartment,Thumbnail,WI
459,635,1.0,1,404,32.2264,-110.9438,housing/rent/apartment,Thumbnail,AZ
460,1975,1.0,0,405,42.3895,-71.1039,housing/rent/apartment,Thumbnail,MA
461,1725,1.0,2,405,33.7606,-118.0806,housing/rent/apartment,Yes,CA
464,1085,1.0,0,405,39.7333,-104.914,housing/rent/apartment,Thumbnail,CO
465,780,1.0,3,405,40.4448,-79.9725,housing/rent/apartment,Thumbnail,PA
467,1650,1.0,0,406,34.0372,-118.2972,housing/rent/apartment,Thumbnail,CA
468,1025,1.0,2,406,40.1145,-88.2723,housing/rent/apartment,Thumbnail,IL
469,950,1.0,0,407,33.5178,-112.0848,housing/rent/apartment,Thumbnail,AZ
470,2495,1.0,0,408,37.7599,-122.4379,housing/rent/apartment,Thumbnail,CA
471,1225,1.0,0,408,40.4841,-74.4526,housing/rent/apartment,Thumbnail,NJ
472,1350,1.0,2,409,47.4826,-122.3023,housing/rent/apartment,Thumbnail,WA
476,925,1.0,2,410,30.3054,-97.7497,housing/rent/apartment,Thumbnail,TX
477,925,1.0,1,410,30.3054,-97.7497,housing/rent/apartment,Thumbnail,TX
478,859,1.0,2,410,30.3054,-97.7497,housing/rent/apartment,Thumbnail,TX
479,695,1.0,1,410,39.8296,-75.0152,housing/rent/apartment,Yes,NJ
480,595,1.0,2,410,42.0259,-93.6516,housing/rent/apartment,Thumbnail,IA
481,595,1.0,2,410,42.0259,-93.6516,housing/rent/apartment,Thumbnail,IA
482,560,1.0,1,410,35.1872,-101.8587,housing/rent/apartment,Thumbnail,TX
483,420,1.0,1,410,41.2358,-80.7613,housing/rent/apartment,Thumbnail,OH
485,1115,1.0,2,412,45.5209,-122.6979,housing/rent/apartment,Thumbnail,OR
487,1540,1.0,2,414,38.9118,-77.0132,housing/rent/apartment,Thumbnail,DC
489,895,1.0,2,414,30.3054,-97.7497,housing/rent/apartment,Thumbnail,TX
490,750,1.0,1,414,39.0744,-94.5521,housing/rent/apartment,Thumbnail,MO
491,715,1.0,2,414,36.9141,-76.2882,housing/rent/apartment,Thumbnail,VA
492,1450,1.0,2,415,33.7489,-118.2867,housing/rent/apartment,Thumbnail,CA
493,1300,1.0,2,415,40.0054,-75.1415,housing/rent/apartment,Thumbnail,PA
494,1130,1.0,1,415,41.8625,-87.6825,housing/rent/apartment,Thumbnail,IL
495,1015,1.0,1,415,41.8625,-87.6825,housing/rent/apartment,Thumbnail,IL
496,999,1.0,2,415,30.3054,-97.7497,housing/rent/apartment,Thumbnail,TX
498,699,1.0,0,415,33.5137,-86.7893,housing/rent/apartment,Thumbnail,AL
499,650,1.0,1,415,36.0785,-94.1531,housing/rent/apartment,Thumbnail,AR
500,1399,1.0,2,416,30.3054,-97.7497,housing/rent/apartment,Thumbnail,TX
502,2013,1.0,3,418,41.824,-71.4315,housing/rent/apartment,Thumbnail,RI
503,1294,1.0,2,418,36.137,-86.783,housing/rent/apartment,Thumbnail,TN
504,1175,1.0,2,418,45.5091,-122.6449,housing/rent/apartment,Thumbnail,OR
505,875,1.0,2,418,39.0744,-94.5521,housing/rent/apartment,Thumbnail,MO
506,2895,1.0,0,419,37.7599,-122.4379,housing/rent/apartment,Thumbnail,CA
507,1890,1.0,1,419,42.3882,-83.1122,housing/rent/apartment,Thumbnail,MI
508,2100,1.0,1,420,34.0372,-118.2972,housing/rent/apartment,Thumbnail,CA
509,1640,1.0,1,420,34.0628,-118.2754,housing/rent/apartment,Thumbnail,CA
513,999,1.0,1,420,27.7873,-82.6772,housing/rent/apartment,Thumbnail,FL
515,920,1.0,2,420,30.3054,-97.7497,housing/rent/apartment,Thumbnail,TX
516,920,1.0,1,420,30.3054,-97.7497,housing/rent/apartment,Thumbnail,TX
517,850,1.0,1,420,32.8212,-96.7853,housing/rent/apartment,Thumbnail,TX
518,725,1.0,1,420,30.2091,-92.0348,housing/rent/apartment,Thumbnail,LA
520,600,1.0,2,420,39.1471,-86.5136,housing/rent/apartment,Thumbnail,IN
521,569,1.0,3,420,39.1471,-86.5136,housing/rent/apartment,Thumbnail,IN
522,560,1.0,1,420,32.2264,-110.9438,housing/rent/apartment,Thumbnail,AZ
523,1295,1.0,1,422,47.616,-122.3275,housing/rent/apartment,Thumbnail,WA
524,870,1.0,2,422,30.3054,-97.7497,housing/rent/apartment,Thumbnail,TX
525,805,1.0,2,422,39.064,-94.5815,housing/rent/apartment,Thumbnail,MO
526,685,1.0,2,422,40.0054,-75.1415,housing/rent/apartment,Thumbnail,PA
527,1219,1.0,3,423,36.8961,-76.255,housing/rent/apartment,Thumbnail,VA
528,885,1.0,2,423,61.1723,-149.8414,housing/rent/apartment,Thumbnail,AK
529,1570,1.0,0,425,38.9118,-77.0132,housing/rent/apartment,Thumbnail,DC
530,1405,1.0,2,425,47.7046,-122.1989,housing/rent/apartment,Thumbnail,WA
531,1399,1.0,1,425,30.3054,-97.7497,housing/rent/apartment,Thumbnail,TX
532,1350,1.0,0,425,34.0372,-118.2972,housing/rent/apartment,Thumbnail,CA
535,925,1.0,1,425,30.3054,-97.7497,housing/rent/apartment,Thumbnail,TX
536,905,1.0,0,425,30.3054,-97.7497,housing/rent/apartment,Thumbnail,TX
537,800,1.0,1,425,30.3054,-97.7497,housing/rent/apartment,Thumbnail,TX
538,799,1.0,1,425,30.3054,-97.7497,housing/rent/apartment,Thumbnail,TX
540,2135,1.0,1,426,38.9118,-77.0132,housing/rent/apartment,Thumbnail,DC
542,1295,1.0,1,426,45.5091,-122.6449,housing/rent/apartment,Thumbnail,OR
543,1045,1.0,2,426,38.8562,-104.772,housing/rent/apartment,Thumbnail,CO
545,814,1.0,1,426,41.8625,-87.6825,housing/rent/apartment,Thumbnail,IL
546,1745,1.0,2,428,33.8412,-118.3572,housing/rent/apartment,Yes,CA
547,1395,1.0,1,428,40.722,-74.0644,housing/rent/apartment,Yes,NJ
548,1249,1.0,2,428,41.8625,-87.6825,housing/rent/apartment,Thumbnail,IL
549,1195,1.0,2,428,45.5091,-122.6449,housing/rent/apartment,Thumbnail,OR
550,785,1.0,3,428,39.1679,-84.4933,housing/rent/apartment,Thumbnail,OH
552,2695,1.0,0,429,37.7599,-122.4379,housing/rent/apartment,Thumbnail,CA
553,1325,1.0,1,430,41.9643,-87.6502,housing/rent/apartment,Thumbnail,IL
554,1125,1.0,2,430,43.0724,-89.4003,housing/rent/apartment,Thumbnail,WI
556,895,1.0,1,430,41.3498,-72.1062,housing/rent/apartment,Yes,CT
557,845,1.0,1,430,41.3498,-72.1062,housing/rent/apartment,Yes,CT
558,800,1.0,2,430,30.3054,-97.7497,housing/rent/apartment,Thumbnail,TX
559,775,1.0,2,430,41.3498,-72.1062,housing/rent/apartment,Thumbnail,CT
560,775,1.0,2,430,41.3498,-72.1062,housing/rent/apartment,Yes,CT
561,765,1.0,2,430,41.3498,-72.1062,housing/rent/apartment,Thumbnail,CT
562,765,1.0,2,430,41.3498,-72.1062,housing/rent/apartment,Yes,CT
563,650,1.0,0,430,39.0744,-94.5521,housing/rent/apartment,Thumbnail,MO
566,1530,1.0,2,431,47.7637,-122.118,housing/rent/apartment,Thumbnail,WA
567,1500,1.0,0,431,37.7599,-122.4379,housing/rent/apartment,Thumbnail,CA
570,890,1.0,2,432,30.3054,-97.7497,housing/rent/apartment,Thumbnail,TX
571,1895,1.0,2,433,38.9118,-77.0132,housing/rent/apartment,Thumbnail,DC
572,899,1.0,2,433,35.1211,-89.9517,housing/rent/apartment,Thumbnail,TN
573,1645,1.0,2,434,30.3054,-97.7497,housing/rent/apartment,Thumbnail,TX
574,1026,1.0,3,434,30.3054,-97.7497,housing/rent/apartment,Thumbnail,TX
575,827,1.0,2,434,35.4718,-97.518,housing/rent/apartment,Yes,OK
576,1630,1.0,1,435,25.7603,-80.3005,housing/rent/apartment,Thumbnail,FL
579,1344,1.0,1,436,42.2919,-71.4269,housing/rent/apartment,Thumbnail,MA
580,895,1.0,0,437,30.3054,-97.7497,housing/rent/apartment,Thumbnail,TX
581,1215,1.0,1,438,44.9855,-93.3023,housing/rent/apartment,Thumbnail,MN
582,1100,1.0,1,438,45.5091,-122.6449,housing/rent/apartment,Thumbnail,OR
584,2995,1.0,2,439,37.7599,-122.4379,housing/rent/apartment,Thumbnail,CA
585,949,1.0,3,440,28.5163,-81.3644,housing/rent/apartment,Thumbnail,FL
586,899,1.0,2,440,30.3054,-97.7497,housing/rent/apartment,Thumbnail,TX
588,879,1.0,0,440,33.5178,-112.0848,housing/rent/apartment,Thumbnail,AZ
589,835,1.0,1,440,35.0462,-85.2352,housing/rent/apartment,Thumbnail,TN
590,740,1.0,1,440,29.4624,-98.5253,housing/rent/apartment,Thumbnail,TX
594,1270,1.0,2,441,45.5091,-122.6449,housing/rent/apartment,Thumbnail,OR
596,1195,1.0,1,442,45.5223,-122.9416,housing/rent/apartment,Thumbnail,OR
597,750,1.0,1,442,35.0462,-85.2352,housing/rent/apartment,Thumbnail,TN
598,535,1.0,2,442,32.275,-95.3017,housing/rent/apartment,Thumbnail,TX
599,535,1.0,2,442,32.275,-95.3017,housing/rent/apartment,Thumbnail,TX
600,665,1.0,1,443,29.7714,-95.4343,housing/rent/apartment,Thumbnail,TX
601,1250,1.0,1,444,45.5091,-122.6449,housing/rent/apartment,Thumbnail,OR
603,830,1.0,2,444,61.1723,-149.8414,housing/rent/apartment,Thumbnail,AK
607,1530,1.0,2,446,42.0454,-87.6964,housing/rent/apartment,Thumbnail,IL
608,1325,1.0,1,446,45.5091,-122.6449,housing/rent/apartment,Thumbnail,OR
609,1099,1.0,2,446,38.6274,-90.304,housing/rent/apartment,Thumbnail,MO
610,545,1.0,1,446,41.4729,-81.7374,housing/rent/apartment,Thumbnail,OH
611,2895,1.0,1,447,37.7599,-122.4379,housing/rent/apartment,Thumbnail,CA
613,1684,1.0,2,447,30.3054,-97.7497,housing/rent/apartment,Thumbnail,TX
615,895,1.0,1,447,30.6505,-97.6809,housing/rent/apartment,Thumbnail,TX
616,775,1.0,1,447,40.1145,-88.2723,housing/rent/apartment,Thumbnail,IL
617,675,1.0,1,447,32.8212,-96.7853,housing/rent/apartment,Thumbnail,TX
620,1688,1.0,2,448,30.3054,-97.7497,housing/rent/apartment,Thumbnail,TX
623,820,1.0,2,449,38.8094,-104.8448,housing/rent/apartment,Thumbnail,CO
627,1795,1.0,0,450,33.7834,-118.1506,housing/rent/apartment,No,CA
628,1750,1.0,0,450,37.7904,-122.2151,housing/rent/apartment,Thumbnail,CA
629,1535,1.0,1,450,38.9118,-77.0132,housing/rent/apartment,Thumbnail,DC
630,1495,1.0,0,450,34.0372,-118.2972,housing/rent/apartment,Thumbnail,CA
631,1475,1.0,2,450,40.4448,-79.9725,housing/rent/apartment,Thumbnail,PA
632,1365,1.0,1,450,41.8625,-87.6825,housing/rent/apartment,Thumbnail,IL
633,1349,1.0,1,450,28.0076,-82.4792,housing/rent/apartment,Thumbnail,FL
634,1345,1.0,1,450,34.0985,-117.466,housing/rent/apartment,Thumbnail,CA
635,1299,1.0,2,450,44.9855,-93.3023,housing/rent/apartment,Thumbnail,MN
636,1295,1.0,0,450,34.0372,-118.2972,housing/rent/apartment,Thumbnail,CA
637,1225,1.0,1,450,30.5969,-96.3034,housing/rent/apartment,Thumbnail,TX
639,1200,1.0,2,450,47.5988,-122.1507,housing/rent/apartment,Thumbnail,WA
640,1199,1.0,2,450,42.2711,-83.745,housing/rent/apartment,Thumbnail,MI
641,1195,1.0,1,450,47.5968,-122.7026,housing/rent/apartment,Thumbnail,WA
642,1195,1.0,1,450,40.7936,-74.1644,housing/rent/apartment,Thumbnail,NJ
643,1095,1.0,2,450,43.0531,-87.9659,housing/rent/apartment,Thumbnail,WI
644,1073,1.0,2,450,47.8028,-122.2849,housing/rent/apartment,Thumbnail,WA
645,1069,1.0,1,450,44.9855,-93.3023,housing/rent/apartment,Thumbnail,MN
646,1041,1.0,3,450,30.3054,-97.7497,housing/rent/apartment,Thumbnail,TX
647,1000,1.0,0,450,45.5091,-122.6449,housing/rent/apartment,Thumbnail,OR
649,969,1.0,2,450,30.3054,-97.7497,housing/rent/apartment,Thumbnail,TX
650,900,1.0,1,450,30.3054,-97.7497,housing/rent/apartment,Thumbnail,TX
651,897,1.0,2,450,30.3054,-97.7497,housing/rent/apartment,Thumbnail,TX
652,884,1.0,1,450,36.2548,-115.5263,housing/rent/apartment,Thumbnail,NV
653,860,1.0,2,450,61.1738,-149.9301,housing/rent/apartment,Thumbnail,AK
655,799,1.0,2,450,40.4969,-86.9659,housing/rent/apartment,Thumbnail,IN
657,770,1.0,1,450,39.0744,-94.5521,housing/rent/apartment,Thumbnail,MO
658,766,1.0,1,450,39.0744,-94.5521,housing/rent/apartment,Thumbnail,MO
659,752,1.0,2,450,39.7953,-86.1387,housing/rent/apartment,Thumbnail,IN
660,750,1.0,1,450,37.0867,-76.4941,housing/rent/apartment,Thumbnail,VA
661,725,1.0,1,450,42.9112,-78.8171,housing/rent/apartment,Thumbnail,NY
662,719,1.0,1,450,32.878,-96.7511,housing/rent/apartment,Thumbnail,TX
663,687,1.0,2,450,29.6803,-95.1845,housing/rent/apartment,Thumbnail,TX
664,675,1.0,1,450,39.9382,-75.1008,housing/rent/apartment,Thumbnail,NJ
666,650,1.0,2,450,39.0744,-94.5521,housing/rent/apartment,Thumbnail,MO
667,635,1.0,3,450,37.0867,-76.4941,housing/rent/apartment,Thumbnail,VA
668,600,1.0,1,450,40.1145,-88.2723,housing/rent/apartment,Thumbnail,IL
670,575,1.0,0,450,39.1984,-96.6052,housing/rent/apartment,Thumbnail,KS
671,500,1.0,1,450,37.7262,-89.2229,housing/rent/apartment,Thumbnail,IL
672,490,1.0,0,450,37.7059,-85.8628,housing/rent/apartment,Thumbnail,KY
673,475,1.0,1,450,35.5427,-100.9644,housing/rent/apartment,Thumbnail,TX
675,1818,1.0,0,451,38.9057,-76.9861,housing/rent/apartment,Thumbnail,DC
678,1796,1.0,1,452,38.9118,-77.0132,housing/rent/apartment,Thumbnail,DC
680,1722,1.0,1,453,30.3054,-97.7497,housing/rent/apartment,Thumbnail,TX
681,1650,1.0,0,453,33.9966,-118.4305,housing/rent/apartment,Thumbnail,CA
682,3595,1.0,1,454,37.7599,-122.4379,housing/rent/apartment,Thumbnail,CA
685,570,1.0,1,455,32.2276,-110.8226,housing/rent/apartment,Thumbnail,AZ
686,550,1.0,0,455,32.2264,-110.9438,housing/rent/apartment,Thumbnail,AZ
687,1830,1.0,2,456,33.8412,-118.3572,housing/rent/apartment,Thumbnail,CA
688,1795,1.0,2,456,33.8363,-118.333,housing/rent/apartment,Thumbnail,CA
689,1612,1.0,2,456,38.9118,-77.0132,housing/rent/apartment,Thumbnail,DC
690,835,1.0,1,456,43.0724,-89.4003,housing/rent/apartment,Thumbnail,WI
691,825,1.0,2,456,37.0835,-113.5823,housing/rent/apartment,Thumbnail,UT
692,825,1.0,1,456,33.4146,-111.766,housing/rent/apartment,Thumbnail,AZ
693,550,1.0,1,456,41.9419,-86.3526,housing/rent/apartment,Thumbnail,MI
694,1230,1.0,2,457,43.6046,-116.2475,housing/rent/apartment,Thumbnail,ID
695,2395,1.0,1,458,37.7599,-122.4379,housing/rent/apartment,Thumbnail,CA
696,485,1.0,2,458,26.1605,-97.9198,housing/rent/apartment,Thumbnail,TX
698,1135,1.0,2,459,39.3191,-76.6126,housing/rent/apartment,Thumbnail,MD
699,700,1.0,3,459,42.0259,-93.6516,housing/rent/apartment,Thumbnail,IA
700,1695,1.0,2,460,41.3245,-72.9194,housing/rent/apartment,Thumbnail,CT
702,1150,1.0,3,460,43.0531,-87.9659,housing/rent/apartment,Thumbnail,WI
703,840,1.0,1,460,30.3054,-97.7497,housing/rent/apartment,Thumbnail,TX
704,820,1.0,1,460,38.8562,-104.772,housing/rent/apartment,Thumbnail,CO
705,815,1.0,0,460,61.1723,-149.8414,housing/rent/apartment,Thumbnail,AK
707,785,1.0,2,460,38.8562,-104.772,housing/rent/apartment,Thumbnail,CO
708,709,1.0,1,460,40.1145,-88.2723,housing/rent/apartment,Thumbnail,IL
710,525,1.0,1,460,48.2469,-101.3017,housing/rent/apartment,Thumbnail,ND
715,1905,1.0,2,464,41.8625,-87.6825,housing/rent/apartment,Thumbnail,IL
717,1510,1.0,2,465,38.7999,-77.1072,housing/rent/apartment,Thumbnail,VA
718,1475,1.0,1,465,33.761,-118.1284,housing/rent/apartment,Yes,CA
720,840,1.0,1,465,39.1679,-84.4933,housing/rent/apartment,Thumbnail,OH
721,695,1.0,2,465,33.5944,-112.1837,housing/rent/apartment,Thumbnail,AZ
722,560,1.0,1,465,39.76,-94.8272,housing/rent/apartment,Thumbnail,MO
723,3095,1.0,1,466,37.7599,-122.4379,housing/rent/apartment,Thumbnail,CA
724,1330,1.0,2,467,44.9855,-93.3023,housing/rent/apartment,Thumbnail,MN
726,1100,1.0,1,468,30.3054,-97.7497,housing/rent/apartment,Thumbnail,TX
727,1099,1.0,1,468,42.9833,-71.4574,housing/rent/apartment,Thumbnail,NH
728,1040,1.0,1,468,43.1689,-77.6289,housing/rent/apartment,Thumbnail,NY
729,885,1.0,2,468,41.2562,-96.0404,housing/rent/apartment,Thumbnail,NE
730,749,1.0,1,468,40.1145,-88.2723,housing/rent/apartment,Thumbnail,IL
732,625,1.0,1,468,40.1171,-88.1889,housing/rent/apartment,Thumbnail,IL
733,1395,1.0,1,469,45.5091,-122.6449,housing/rent/apartment,Thumbnail,OR
735,1100,1.0,0,469,40.4969,-86.9659,housing/rent/apartment,Thumbnail,IN
738,1755,1.0,2,470,41.889,-87.6336,housing/rent/apartment,Thumbnail,IL
740,1570,1.0,1,470,38.9118,-77.0132,housing/rent/apartment,Thumbnail,DC
741,1475,1.0,1,470,42.9833,-71.4574,housing/rent/apartment,Thumbnail,NH
742,1040,1.0,2,470,40.4969,-86.9659,housing/rent/apartment,Thumbnail,IN
745,999,1.0,1,470,40.4969,-86.9659,housing/rent/apartment,Thumbnail,IN
747,550,1.0,3,470,39.1676,-86.5,housing/rent/apartment,Thumbnail,IN
751,1206,1.0,1,472,39.1063,-77.1812,housing/rent/apartment,Thumbnail,MD
752,1165,1.0,2,472,40.4448,-79.9725,housing/rent/apartment,Thumbnail,PA
753,715,1.0,1,472,32.878,-96.7511,housing/rent/apartment,Thumbnail,TX
754,1210,1.0,2,473,39.8999,-104.9442,housing/rent/apartment,Thumbnail,CO
756,960,1.0,3,474,33.6047,-112.2456,housing/rent/apartment,Thumbnail,AZ
757,855,1.0,3,474,28.5964,-81.3237,housing/rent/apartment,Thumbnail,FL
758,1625,1.0,1,475,37.7904,-122.2151,housing/rent/apartment,Thumbnail,CA
760,1295,1.0,1,475,41.1908,-73.1965,housing/rent/apartment,Thumbnail,CT
761,1150,1.0,2,475,45.4102,-122.7084,housing/rent/apartment,Thumbnail,OR
763,1095,1.0,1,475,26.1343,-80.233,housing/rent/apartment,Thumbnail,FL
768,900,1.0,2,475,42.5286,-92.4509,housing/rent/apartment,Thumbnail,IA
769,847,1.0,2,475,27.4849,-82.5345,housing/rent/apartment,Thumbnail,FL
770,740,1.0,1,475,39.1679,-84.4933,housing/rent/apartment,Thumbnail,OH
771,721,1.0,1,475,29.9142,-93.9383,housing/rent/apartment,Thumbnail,TX
772,645,1.0,1,475,29.7714,-95.4343,housing/rent/apartment,Thumbnail,TX
773,1200,1.0,2,476,30.3054,-97.7497,housing/rent/apartment,Thumbnail,TX
774,845,1.0,1,476,32.8212,-96.7853,housing/rent/apartment,Thumbnail,TX
776,1610,1.0,3,477,41.8871,-87.7901,housing/rent/apartment,Thumbnail,IL
777,1350,1.0,1,477,45.5091,-122.6449,housing/rent/apartment,Thumbnail,OR
778,835,1.0,1,477,32.9012,-96.7916,housing/rent/apartment,Thumbnail,TX
779,785,1.0,1,477,32.9012,-96.7916,housing/rent/apartment,Thumbnail,TX
780,3095,1.0,1,478,37.7599,-122.4379,housing/rent/apartment,Thumbnail,CA
781,1875,1.0,0,478,37.5444,-121.982,housing/rent/apartment,Thumbnail,CA
782,535,1.0,2,478,36.0723,-79.8196,housing/rent/apartment,Thumbnail,NC
784,1295,1.0,0,479,45.5091,-122.6449,housing/rent/apartment,Thumbnail,OR
785,890,1.0,2,479,43.0133,-88.2374,housing/rent/apartment,Thumbnail,WI
786,829,1.0,2,479,30.3054,-97.7497,housing/rent/apartment,Thumbnail,TX
787,687,1.0,1,479,32.8212,-96.7853,housing/rent/apartment,Thumbnail,TX
788,495,1.0,1,479,47.9299,-97.0173,housing/rent/apartment,Thumbnail,MN
789,2650,1.0,0,480,40.7457,-73.9814,housing/rent/apartment,Thumbnail,NY
791,1102,1.0,2,480,30.3054,-97.7497,housing/rent/apartment,Thumbnail,TX
792,969,1.0,1,480,29.4624,-98.5253,housing/rent/apartment,Thumbnail,TX
793,858,1.0,1,480,30.3054,-97.7497,housing/rent/apartment,Thumbnail,TX
794,710,1.0,1,480,33.5178,-112.0848,housing/rent/apartment,Thumbnail,AZ
797,575,1.0,1,480,43.6309,-84.2394,housing/rent/apartment,Thumbnail,MI
798,1538,1.0,2,481,39.736,-104.9819,housing/rent/apartment,Thumbnail,CO
799,1145,1.0,3,481,33.0476,-96.7467,housing/rent/apartment,Thumbnail,TX
801,990,1.0,1,481,30.3054,-97.7497,housing/rent/apartment,Thumbnail,TX
802,926,1.0,1,481,30.3054,-97.7497,housing/rent/apartment,Thumbnail,TX
803,922,1.0,1,481,30.3054,-97.7497,housing/rent/apartment,Thumbnail,TX
804,845,1.0,1,481,30.3054,-97.7497,housing/rent/apartment,Thumbnail,TX
805,711,1.0,1,482,36.1554,-115.1733,housing/rent/apartment,Thumbnail,NV
806,1926,1.0,2,483,38.9074,-77.0494,housing/rent/apartment,Thumbnail,DC
807,1595,1.0,1,483,34.1656,-118.3916,housing/rent/apartment,Thumbnail,CA
808,875,1.0,3,483,33.5178,-112.0848,housing/rent/apartment,Thumbnail,AZ
809,955,1.0,1,484,30.3054,-97.7497,housing/rent/apartment,Thumbnail,TX
813,4200,1.0,1,485,37.7599,-122.4379,housing/rent/apartment,Thumbnail,CA
814,1220,1.0,1,485,41.8625,-87.6825,housing/rent/apartment,Thumbnail,IL
815,1125,1.0,1,485,40.4969,-86.9659,housing/rent/apartment,Thumbnail,IN
816,925,1.0,1,485,40.1145,-88.2723,housing/rent/apartment,Thumbnail,IL
817,895,1.0,2,485,45.5091,-122.6449,housing/rent/apartment,Thumbnail,OR
818,1499,1.0,1,486,39.7726,-105.0491,housing/rent/apartment,Thumbnail,CO
819,1350,1.0,2,486,32.6197,-117.0226,housing/rent/apartment,Thumbnail,CA
820,1235,1.0,1,486,45.5091,-122.6449,housing/rent/apartment,Thumbnail,OR
821,1093,1.0,1,486,41.8625,-87.6825,housing/rent/apartment,Thumbnail,IL
823,859,1.0,1,487,30.3054,-97.7497,housing/rent/apartment,Thumbnail,TX
824,615,1.0,3,487,37.1892,-93.2908,housing/rent/apartment,Thumbnail,MO
825,2394,1.0,2,488,37.7599,-122.4379,housing/rent/apartment,Thumbnail,CA
826,1799,1.0,1,488,21.3155,-157.8379,housing/rent/apartment,Thumbnail,HI
827,1610,1.0,2,488,38.9348,-77.059,housing/rent/apartment,Thumbnail,DC
828,1570,1.0,1,488,38.9348,-77.059,housing/rent/apartment,Thumbnail,DC
830,1185,1.0,2,488,40.7061,-111.9048,housing/rent/apartment,Thumbnail,UT
831,1069,1.0,1,488,28.5163,-81.3644,housing/rent/apartment,Thumbnail,FL
833,1537,1.0,2,489,33.9883,-118.0875,housing/rent/apartment,Thumbnail,CA
836,1417,1.0,2,489,33.9883,-118.0875,housing/rent/apartment,Thumbnail,CA
837,1397,1.0,2,489,33.9883,-118.0875,housing/rent/apartment,Yes,CA
839,1575,1.0,2,490,33.9299,-117.8849,housing/rent/apartment,Thumbnail,CA
840,1505,1.0,1,490,47.5988,-122.1507,housing/rent/apartment,Thumbnail,WA
841,1500,1.0,0,490,34.0372,-118.2972,housing/rent/apartment,Thumbnail,CA
843,1250,1.0,1,490,41.4648,-81.6794,housing/rent/apartment,Thumbnail,OH
844,1199,1.0,1,490,42.333,-122.8597,housing/rent/apartment,Thumbnail,OR
845,1160,1.0,2,490,45.7896,-108.5306,housing/rent/apartment,Thumbnail,MT
846,1130,1.0,0,490,45.5221,-123.1071,housing/rent/apartment,Thumbnail,OR
847,909,1.0,1,490,37.2139,-77.4557,housing/rent/apartment,Thumbnail,VA
848,800,1.0,2,490,41.2562,-96.0404,housing/rent/apartment,Thumbnail,NE
849,790,1.0,2,490,40.1145,-88.2723,housing/rent/apartment,Thumbnail,IL
850,650,1.0,2,490,29.4624,-98.5253,housing/rent/apartment,Thumbnail,TX
852,1249,1.0,2,491,44.9855,-93.3023,housing/rent/apartment,Thumbnail,MN
854,1000,1.0,1,491,30.5118,-97.6873,housing/rent/apartment,Thumbnail,TX
855,919,1.0,1,491,30.3054,-97.7497,housing/rent/apartment,Thumbnail,TX
856,869,1.0,1,491,30.3054,-97.7497,housing/rent/apartment,Thumbnail,TX
858,870,1.0,2,493,43.0257,-83.701,housing/rent/apartment,Thumbnail,MI
860,995,1.0,1,494,45.6558,-122.5888,housing/rent/apartment,Thumbnail,WA
861,620,1.0,3,494,38.8503,-104.7586,housing/rent/apartment,Thumbnail,CO
862,3600,1.0,2,495,37.7599,-122.4379,housing/rent/apartment,Thumbnail,CA
864,1615,1.0,2,495,39.1649,-76.7156,housing/rent/apartment,Thumbnail,MD
865,1495,1.0,0,495,33.7815,-118.1934,housing/rent/apartment,Yes,CA
866,1467,1.0,2,495,30.3054,-97.7497,housing/rent/apartment,Thumbnail,TX
868,929,1.0,1,495,30.3054,-97.7497,housing/rent/apartment,Thumbnail,TX
870,800,1.0,1,495,30.3054,-97.7497,housing/rent/apartment,Thumbnail,TX
871,1776,1.0,2,496,34.0372,-118.2972,housing/rent/apartment,Thumbnail,CA
874,1325,1.0,2,497,30.3054,-97.7497,housing/rent/apartment,Thumbnail,TX
875,1295,1.0,1,497,44.9855,-93.3023,housing/rent/apartment,Thumbnail,MN
876,1188,1.0,2,497,35.2016,-80.8124,housing/rent/apartment,Thumbnail,NC
877,917,1.0,1,497,38.8562,-104.772,housing/rent/apartment,Thumbnail,CO
878,1665,1.0,2,498,39.1649,-76.7156,housing/rent/apartment,Thumbnail,MD
879,1065,1.0,3,498,30.3054,-97.7497,housing/rent/apartment,Thumbnail,TX
881,1310,1.0,2,499,45.5091,-122.6449,housing/rent/apartment,Thumbnail,OR
882,817,1.0,2,499,35.1211,-89.9517,housing/rent/apartment,Thumbnail,TN
883,799,1.0,2,499,43.1225,-89.2936,housing/rent/apartment,Thumbnail,WI
885,2250,1.0,1,500,37.7904,-122.2151,housing/rent/apartment,Thumbnail,CA
886,2160,1.0,1,500,34.0939,-118.3801,housing/rent/apartment,Thumbnail,CA
887,1995,1.0,2,500,33.852,-118.3759,housing/rent/apartment,Thumbnail,CA
888,1885,1.0,1,500,34.0372,-118.2972,housing/rent/apartment,Thumbnail,CA
889,1850,1.0,1,500,39.3191,-76.6126,housing/rent/apartment,Thumbnail,MD
890,1799,1.0,4,500,41.8625,-87.6825,housing/rent/apartment,Thumbnail,IL
891,1795,1.0,1,500,33.1201,-117.2858,housing/rent/apartment,Thumbnail,CA
892,1700,1.0,2,500,38.9348,-77.059,housing/rent/apartment,Thumbnail,DC
893,1695,1.0,2,500,37.7078,-122.1435,housing/rent/apartment,Thumbnail,CA
894,1635,1.0,0,500,40.918,-73.7837,housing/rent/apartment,Thumbnail,NY
895,1600,1.0,1,500,40.7029,-73.8797,housing/rent/apartment,Thumbnail,NY
896,1599,1.0,1,500,28.0076,-82.4792,housing/rent/apartment,Thumbnail,FL
897,1599,1.0,1,500,32.7876,-117.1265,housing/rent/apartment,Thumbnail,CA
898,1595,1.0,2,500,33.9299,-117.8849,housing/rent/apartment,Thumbnail,CA
899,1585,1.0,1,500,33.9299,-117.8849,housing/rent/apartment,Thumbnail,CA
900,1495,1.0,1,500,32.7994,-116.9256,housing/rent/apartment,Thumbnail,CA
901,1410,1.0,2,500,38.8488,-77.3296,housing/rent/apartment,Thumbnail,VA
902,1395,1.0,1,500,41.8625,-87.6825,housing/rent/apartment,Thumbnail,IL
903,1365,1.0,1,500,40.162,-105.1342,housing/rent/apartment,Thumbnail,CO
904,1365,1.0,1,500,47.3851,-122.1882,housing/rent/apartment,Thumbnail,WA
905,1350,1.0,0,500,33.7363,-117.8131,housing/rent/apartment,Thumbnail,CA
906,1345,1.0,2,500,30.3054,-97.7497,housing/rent/apartment,Thumbnail,TX
908,1305,1.0,2,500,34.1132,-117.6615,housing/rent/apartment,Thumbnail,CA
910,1300,1.0,2,500,44.9405,-93.1027,housing/rent/apartment,Thumbnail,MN
911,1295,1.0,1,500,32.7213,-117.1626,housing/rent/apartment,Thumbnail,CA
912,1279,1.0,1,500,47.3907,-122.2626,housing/rent/apartment,Thumbnail,WA
913,1250,1.0,1,500,38.992,-77.0056,housing/rent/apartment,Thumbnail,MD
914,1248,1.0,2,500,44.9405,-93.1027,housing/rent/apartment,Thumbnail,MN
916,1209,1.0,1,500,44.041,-123.1254,housing/rent/apartment,Thumbnail,OR
917,1195,1.0,1,500,38.5587,-121.432,housing/rent/apartment,Thumbnail,CA
918,1145,1.0,1,500,43.0724,-89.4003,housing/rent/apartment,Thumbnail,WI
919,1119,1.0,1,500,28.5163,-81.3644,housing/rent/apartment,Thumbnail,FL
920,1050,1.0,1,500,45.5091,-122.6449,housing/rent/apartment,Thumbnail,OR
921,1025,1.0,2,500,40.4146,-104.7321,housing/rent/apartment,Thumbnail,CO
923,995,1.0,1,500,40.7061,-111.9048,housing/rent/apartment,Thumbnail,UT
924,989,1.0,2,500,30.3054,-97.7497,housing/rent/apartment,Thumbnail,TX
925,956,1.0,3,500,44.9235,-93.4704,housing/rent/apartment,Thumbnail,MN
926,950,1.0,1,500,43.0724,-89.4003,housing/rent/apartment,Thumbnail,WI
927,950,1.0,1,500,29.8831,-97.945,housing/rent/apartment,Thumbnail,TX
929,944,1.0,1,500,30.3054,-97.7497,housing/rent/apartment,Thumbnail,TX
930,935,1.0,2,500,38.8562,-104.772,housing/rent/apartment,Thumbnail,CO
931,925,1.0,1,500,40.7061,-111.9048,housing/rent/apartment,Thumbnail,UT
932,920,1.0,1,500,40.4448,-79.9725,housing/rent/apartment,Thumbnail,PA
934,895,1.0,0,500,39.3136,-76.6154,housing/rent/apartment,Thumbnail,MD
936,875,1.0,1,500,45.3672,-122.6496,housing/rent/apartment,Thumbnail,OR
937,849,1.0,2,500,42.2368,-83.6103,housing/rent/apartment,Thumbnail,MI
938,840,1.0,1,500,33.0653,-97.0251,housing/rent/apartment,Thumbnail,TX
939,835,1.0,1,500,30.3054,-97.7497,housing/rent/apartment,Thumbnail,TX
940,829,1.0,2,500,43.1921,-89.2195,housing/rent/apartment,Thumbnail,WI
942,819,1.0,1,500,32.7407,-97.3394,housing/rent/apartment,Thumbnail,TX
943,800,1.0,3,500,35.6066,-77.3928,housing/rent/apartment,Thumbnail,NC
944,800,1.0,1,500,44.8956,-122.5661,housing/rent/apartment,Thumbnail,OR
945,800,1.0,1,500,33.5823,-84.5451,housing/rent/apartment,Thumbnail,GA
946,799,1.0,1,500,35.471,-97.5299,housing/rent/apartment,Thumbnail,OK
947,780,1.0,1,500,61.1723,-149.8414,housing/rent/apartment,Thumbnail,AK
949,760,1.0,1,500,32.6857,-96.6013,housing/rent/apartment,Thumbnail,TX
950,750,1.0,1,500,42.7242,-84.477,housing/rent/apartment,Thumbnail,MI
951,747,1.0,2,500,61.1723,-149.8414,housing/rent/apartment,Thumbnail,AK
952,739,1.0,1,500,35.9695,-83.981,housing/rent/apartment,Thumbnail,TN
954,729,1.0,1,500,32.8212,-96.7853,housing/rent/apartment,Thumbnail,TX
955,725,1.0,1,500,43.0531,-87.9659,housing/rent/apartment,Thumbnail,WI
956,700,1.0,1,500,42.877,-73.1898,housing/rent/apartment,Yes,VT
957,695,1.0,1,500,42.9497,-85.6417,housing/rent/apartment,Thumbnail,MI
960,645,1.0,1,500,39.0744,-94.5521,housing/rent/apartment,Thumbnail,MO
962,615,1.0,1,500,40.3613,-86.9005,housing/rent/apartment,Thumbnail,IN
963,615,1.0,2,500,40.1145,-88.2723,housing/rent/apartment,Thumbnail,IL
964,605,1.0,2,500,38.6274,-90.304,housing/rent/apartment,Thumbnail,MO
967,575,1.0,4,500,37.1892,-93.2908,housing/rent/apartment,Thumbnail,MO
969,565,1.0,2,500,40.3613,-86.9005,housing/rent/apartment,Thumbnail,IN
970,560,1.0,1,500,29.9473,-95.3949,housing/rent/apartment,Thumbnail,TX
973,510,1.0,0,500,38.0604,-84.4531,housing/rent/apartment,Thumbnail,KY
974,501,1.0,1,500,43.4248,-98.4049,housing/rent/apartment,Thumbnail,SD
975,495,1.0,4,500,33.5137,-86.7893,housing/rent/apartment,Thumbnail,AL
976,495,1.0,1,500,48.2469,-101.3017,housing/rent/apartment,Thumbnail,ND
977,495,1.0,2,500,39.0744,-94.5521,housing/rent/apartment,Thumbnail,MO
978,475,2.0,1,500,40.5755,-79.7224,housing/rent/apartment,Yes,PA
979,365,1.0,1,500,30.6732,-88.1443,housing/rent/apartment,Thumbnail,AL
980,2501,1.0,2,501,42.328,-71.071,housing/rent/apartment,Thumbnail,MA
981,1405,1.0,1,501,43.0724,-89.4003,housing/rent/apartment,Thumbnail,WI
982,885,1.0,1,501,30.3054,-97.7497,housing/rent/apartment,Thumbnail,TX
983,1275,1.0,1,502,45.5091,-122.6449,housing/rent/apartment,Thumbnail,OR
984,949,1.0,3,502,39.1471,-86.5136,housing/rent/apartment,Thumbnail,IN
985,935,1.0,2,502,33.5178,-112.0848,housing/rent/apartment,Thumbnail,AZ
986,625,1.0,1,502,41.4814,-81.793,housing/rent/apartment,Thumbnail,OH
987,2195,1.0,2,503,34.0372,-118.2972,housing/rent/apartment,Thumbnail,CA
988,1675,1.0,0,503,38.9118,-77.0132,housing/rent/apartment,Thumbnail,DC
989,841,1.0,1,503,30.3054,-97.7497,housing/rent/apartment,Thumbnail,TX
990,2750,1.0,1,504,42.3739,-71.1155,housing/rent/apartment,Thumbnail,MA
991,1554,2.0,3,504,32.8524,-97.0886,housing/rent/apartment,Yes,TX
992,1260,1.0,1,504,38.7701,-77.2263,housing/rent/apartment,Thumbnail,VA
993,950,1.0,1,504,40.1145,-88.2723,housing/rent/apartment,Thumbnail,IL
994,889,1.0,2,504,33.1993,-97.1268,housing/rent/apartment,Thumbnail,TX
996,785,1.0,1,504,61.1723,-149.8414,housing/rent/apartment,Thumbnail,AK
997,742,1.0,1,504,32.8524,-97.0886,housing/rent/apartment,Thumbnail,TX
998,680,1.0,1,504,29.7714,-95.4343,housing/rent/apartment,Thumbnail,TX
999,540,1.0,1,504,29.7714,-95.4343,housing/rent/apartment,Thumbnail,TX
1000,1934,1.0,0,505,39.0004,-77.1051,housing/rent/apartment,Thumbnail,MD
1001,1626,1.0,1,505,40.8627,-73.987,housing/rent/apartment,Thumbnail,NJ
1002,1450,1.0,2,505,47.616,-122.3275,housing/rent/apartment,Thumbnail,WA
1004,1138,1.0,2,505,30.3054,-97.7497,housing/rent/apartment,Thumbnail,TX
1005,1093,1.0,1,505,30.3054,-97.7497,housing/rent/apartment,Thumbnail,TX
1007,675,1.0,1,505,32.8212,-96.7853,housing/rent/apartment,Thumbnail,TX
1008,675,1.0,1,505,29.4672,-98.53,housing/rent/apartment,Yes,TX
1009,674,1.0,1,505,29.7714,-95.4343,housing/rent/apartment,Thumbnail,TX
1012,1095,1.0,2,506,47.616,-122.3275,housing/rent/apartment,Thumbnail,WA
1013,855,1.0,1,506,30.3054,-97.7497,housing/rent/apartment,Thumbnail,TX
1014,1297,1.0,3,507,30.3054,-97.7497,housing/rent/apartment,Thumbnail,TX
1015,850,1.0,1,507,41.5506,-72.0272,housing/rent/apartment,Thumbnail,CT
1016,822,1.0,1,507,33.5859,-101.8698,housing/rent/apartment,Thumbnail,TX
1017,2995,1.0,1,508,37.7599,-122.4379,housing/rent/apartment,Thumbnail,CA
1020,1200,1.0,1,508,45.5091,-122.6449,housing/rent/apartment,Thumbnail,OR
1022,775,1.0,2,508,32.8212,-96.7853,housing/rent/apartment,Thumbnail,TX
1024,2050,1.0,1,510,47.616,-122.3275,housing/rent/apartment,Thumbnail,WA
1025,1640,1.0,1,510,47.7544,-122.1932,housing/rent/apartment,No,WA
1026,1450,1.0,1,510,45.5091,-122.6449,housing/rent/apartment,Thumbnail,OR
1029,1239,1.0,1,510,28.5163,-81.3644,housing/rent/apartment,Thumbnail,FL
1030,1225,1.0,3,510,43.0724,-89.4003,housing/rent/apartment,Thumbnail,WI
1031,1125,1.0,1,510,43.0531,-87.9659,housing/rent/apartment,Thumbnail,WI
1032,1050,1.0,1,510,40.8062,-96.6778,housing/rent/apartment,Thumbnail,NE
1033,1002,1.0,1,510,41.3498,-72.1062,housing/rent/apartment,Thumbnail,CT
1034,839,1.0,3,510,28.5163,-81.3644,housing/rent/apartment,Thumbnail,FL
1036,602,1.0,1,510,32.275,-95.3017,housing/rent/apartment,Thumbnail,TX
1037,600,1.0,1,510,29.7714,-95.4343,housing/rent/apartment,Thumbnail,TX
1038,577,1.0,1,510,32.275,-95.3017,housing/rent/apartment,Thumbnail,TX
1040,565,1.0,3,510,37.1892,-93.2908,housing/rent/apartment,Thumbnail,MO
1041,1755,1.0,2,511,40.7647,-74.2119,housing/rent/apartment,Thumbnail,NJ
1042,1707,1.0,3,511,41.9138,-87.6339,housing/rent/apartment,Thumbnail,IL
1043,720,1.0,1,511,40.1145,-88.2723,housing/rent/apartment,Thumbnail,IL
1044,1350,1.0,1,512,44.9855,-93.3023,housing/rent/apartment,Thumbnail,MN
1046,994,1.0,1,512,30.4415,-91.1012,housing/rent/apartment,Thumbnail,LA
1048,902,1.0,1,512,30.3054,-97.7497,housing/rent/apartment,Thumbnail,TX
1049,840,1.0,1,512,39.1471,-86.5136,housing/rent/apartment,Thumbnail,IN
1050,755,1.0,1,512,40.4448,-79.9725,housing/rent/apartment,Thumbnail,PA
1051,1799,1.0,1,513,38.9118,-77.0132,housing/rent/apartment,Thumbnail,DC
1052,1575,1.0,1,513,35.2703,-120.6813,housing/rent/apartment,Thumbnail,CA
1054,1850,1.0,2,514,41.8625,-87.6825,housing/rent/apartment,Thumbnail,IL
1055,1799,1.0,0,514,32.7876,-117.1265,housing/rent/apartment,Thumbnail,CA
1059,1009,1.0,1,514,30.3054,-97.7497,housing/rent/apartment,Thumbnail,TX
1060,1900,1.0,2,515,41.8625,-87.6825,housing/rent/apartment,Thumbnail,IL
1061,1680,1.0,2,515,40.7623,-74.1232,housing/rent/apartment,No,NJ
1063,1190,1.0,3,515,41.8752,-71.3787,housing/rent/apartment,Thumbnail,RI
1064,1155,1.0,1,515,41.8625,-87.6825,housing/rent/apartment,Thumbnail,IL
1065,1120,1.0,2,515,39.1471,-86.5136,housing/rent/apartment,Thumbnail,IN
1066,1000,1.0,2,515,39.9608,-104.8195,housing/rent/apartment,Thumbnail,CO
1067,820,1.0,1,515,32.9012,-96.7916,housing/rent/apartment,Thumbnail,TX
1068,725,1.0,1,515,41.2562,-96.0404,housing/rent/apartment,Thumbnail,NE
1070,555,1.0,3,515,37.1892,-93.2908,housing/rent/apartment,Thumbnail,MO
1071,550,1.0,3,515,37.1892,-93.2908,housing/rent/apartment,Thumbnail,MO
1073,545,1.0,3,515,37.1892,-93.2908,housing/rent/apartment,Thumbnail,MO
1074,1374,1.0,3,516,30.3054,-97.7497,housing/rent/apartment,Thumbnail,TX
1075,1130,1.0,1,516,30.3054,-97.7497,housing/rent/apartment,Thumbnail,TX
1078,970,1.0,2,516,46.0618,-118.3282,housing/rent/apartment,Thumbnail,WA
1080,1250,1.0,1,517,41.8625,-87.6825,housing/rent/apartment,Thumbnail,IL
1081,949,1.0,2,517,28.5163,-81.3644,housing/rent/apartment,Thumbnail,FL
1082,896,1.0,1,517,29.4624,-98.5253,housing/rent/apartment,Thumbnail,TX
1083,1609,1.0,2,518,30.3054,-97.7497,housing/rent/apartment,Thumbnail,TX
1084,1600,1.0,2,518,30.3054,-97.7497,housing/rent/apartment,Thumbnail,TX
1086,1060,1.0,1,518,32.8261,-96.7472,housing/rent/apartment,Thumbnail,TX
1087,909,1.0,1,518,30.3054,-97.7497,housing/rent/apartment,Thumbnail,TX
1089,850,1.0,1,518,30.3054,-97.7497,housing/rent/apartment,Thumbnail,TX
1090,849,1.0,1,518,29.4624,-98.5253,housing/rent/apartment,Thumbnail,TX
1092,2749,1.0,1,519,38.9118,-77.0132,housing/rent/apartment,Thumbnail,DC
1093,1099,1.0,1,519,40.4969,-86.9659,housing/rent/apartment,Thumbnail,IN
1094,1009,1.0,2,519,28.5163,-81.3644,housing/rent/apartment,Thumbnail,FL
1095,991,1.0,1,519,33.8614,-84.5382,housing/rent/apartment,Thumbnail,GA
1097,565,1.0,2,519,29.7714,-95.4343,housing/rent/apartment,Thumbnail,TX
1098,1780,1.0,1,520,21.3155,-157.8379,housing/rent/apartment,Thumbnail,HI
1099,1772,1.0,0,520,38.9348,-77.059,housing/rent/apartment,Thumbnail,DC
1100,1625,1.0,1,520,34.152,-118.0876,housing/rent/apartment,Yes,CA
1101,1458,1.0,2,520,39.736,-104.9819,housing/rent/apartment,Thumbnail,CO
1103,1400,1.0,2,520,44.9405,-93.1027,housing/rent/apartment,Thumbnail,MN
1105,880,1.0,1,520,38.8562,-104.772,housing/rent/apartment,Thumbnail,CO
1106,879,1.0,4,520,30.3054,-97.7497,housing/rent/apartment,Thumbnail,TX
1107,850,1.0,1,520,30.3054,-97.7497,housing/rent/apartment,Thumbnail,TX
1109,830,1.0,1,520,30.3054,-97.7497,housing/rent/apartment,Thumbnail,TX
1111,757,1.0,1,520,41.2562,-96.0404,housing/rent/apartment,Thumbnail,NE
1115,610,1.0,3,520,37.1892,-93.2908,housing/rent/apartment,Thumbnail,MO
1117,1805,1.0,2,522,30.3054,-97.7497,housing/rent/apartment,Thumbnail,TX
1118,1805,1.0,2,522,30.3054,-97.7497,housing/rent/apartment,Thumbnail,TX
1119,1802,1.0,3,522,42.2081,-70.9524,housing/rent/apartment,Thumbnail,MA
1120,1724,1.0,3,522,42.1666,-70.9511,housing/rent/apartment,Thumbnail,MA
1121,1662,1.0,2,522,42.1666,-70.9511,housing/rent/apartment,Thumbnail,MA
1122,1085,1.0,3,522,45.6558,-122.5888,housing/rent/apartment,Thumbnail,WA
1123,999,1.0,1,522,40.3325,-75.1166,housing/rent/apartment,Thumbnail,PA
1125,805,1.0,1,522,29.4624,-98.5253,housing/rent/apartment,Thumbnail,TX
1126,555,1.0,3,522,37.1892,-93.2908,housing/rent/apartment,Thumbnail,MO
1129,1530,1.0,2,524,30.3054,-97.7497,housing/rent/apartment,Thumbnail,TX
1130,1199,1.0,1,524,38.9401,-92.3167,housing/rent/apartment,Thumbnail,MO
1131,1121,1.0,2,524,32.829,-96.8458,housing/rent/apartment,Thumbnail,TX
1132,2195,1.0,2,525,32.7876,-117.1265,housing/rent/apartment,Thumbnail,CA
1133,1705,1.0,1,525,34.0628,-118.2754,housing/rent/apartment,Thumbnail,CA
1134,1705,1.0,1,525,34.0628,-118.2754,housing/rent/apartment,Thumbnail,CA
1135,1650,1.0,1,525,39.6041,-104.8594,housing/rent/apartment,Thumbnail,CO
1136,1585,1.0,0,525,33.8056,-118.1696,housing/rent/apartment,Thumbnail,CA
1137,1500,1.0,1,525,30.3054,-97.7497,housing/rent/apartment,Thumbnail,TX
1138,1455,1.0,1,525,30.3054,-97.7497,housing/rent/apartment,Thumbnail,TX
1139,1370,1.0,1,525,41.8625,-87.6825,housing/rent/apartment,Thumbnail,IL
1141,1325,1.0,1,525,32.9631,-96.7212,housing/rent/apartment,Thumbnail,TX
1142,1250,1.0,1,525,33.7848,-84.3922,housing/rent/apartment,Thumbnail,GA
1144,1175,1.0,1,525,38.9259,-94.6916,housing/rent/apartment,Thumbnail,KS
1147,1100,1.0,1,525,37.6836,-97.3369,housing/rent/apartment,Thumbnail,KS
1149,1059,1.0,1,525,32.8212,-96.7853,housing/rent/apartment,Thumbnail,TX
1151,950,1.0,3,525,30.5118,-97.6873,housing/rent/apartment,Thumbnail,TX
1152,915,1.0,1,525,42.9112,-78.8171,housing/rent/apartment,Thumbnail,NY
1153,905,1.0,1,525,30.3054,-97.7497,housing/rent/apartment,Thumbnail,TX
1155,899,1.0,1,525,30.3054,-97.7497,housing/rent/apartment,Thumbnail,TX
1158,830,1.0,1,525,37.1892,-93.2908,housing/rent/apartment,Thumbnail,MO
1159,815,1.0,1,525,39.1679,-84.4933,housing/rent/apartment,Thumbnail,OH
1160,750,1.0,1,525,38.6274,-90.304,housing/rent/apartment,Thumbnail,MO
1161,745,1.0,1,525,38.816,-90.7054,housing/rent/apartment,Thumbnail,MO
1162,741,1.0,1,525,32.9954,-96.7849,housing/rent/apartment,Thumbnail,TX
1164,695,1.0,1,525,39.8597,-86.3822,housing/rent/apartment,Thumbnail,IN
1165,515,1.0,1,525,36.116,-95.9281,housing/rent/apartment,Thumbnail,OK
1166,2130,1.0,0,526,34.0372,-118.2972,housing/rent/apartment,Thumbnail,CA
1167,2117,1.0,1,526,42.328,-71.071,housing/rent/apartment,Thumbnail,MA
1168,1400,1.0,2,526,44.9776,-93.3594,housing/rent/apartment,Thumbnail,MN
1169,1084,1.0,1,526,30.3054,-97.7497,housing/rent/apartment,Thumbnail,TX
1170,915,1.0,1,526,32.7407,-97.3394,housing/rent/apartment,Thumbnail,TX
1171,1560,1.0,1,527,30.3054,-97.7497,housing/rent/apartment,Thumbnail,TX
1172,1085,1.0,3,527,29.4624,-98.5253,housing/rent/apartment,Thumbnail,TX
1173,1030,1.0,1,527,30.3054,-97.7497,housing/rent/apartment,Thumbnail,TX
1174,980,1.0,1,527,30.3054,-97.7497,housing/rent/apartment,Thumbnail,TX
1175,680,1.0,1,527,41.6251,-93.7375,housing/rent/apartment,Thumbnail,IA
1177,559,1.0,1,527,35.4595,-97.3973,housing/rent/apartment,Thumbnail,OK
1178,1055,1.0,1,528,29.4624,-98.5253,housing/rent/apartment,Thumbnail,TX
1179,990,1.0,1,528,39.9071,-75.0838,housing/rent/apartment,Yes,NJ
1180,975,1.0,1,528,29.4624,-98.5253,housing/rent/apartment,Thumbnail,TX
1182,895,1.0,3,528,46.8608,-96.8096,housing/rent/apartment,Thumbnail,ND
1183,715,1.0,1,528,32.3252,-95.2948,housing/rent/apartment,No,TX
1185,3900,1.0,1,529,37.7599,-122.4379,housing/rent/apartment,Thumbnail,CA
1186,1616,1.0,2,529,30.3054,-97.7497,housing/rent/apartment,Thumbnail,TX
1187,1405,1.0,1,529,30.3054,-97.7497,housing/rent/apartment,Thumbnail,TX
1188,1399,1.0,2,529,30.3054,-97.7497,housing/rent/apartment,Thumbnail,TX
1190,1125,1.0,1,529,30.3054,-97.7497,housing/rent/apartment,Thumbnail,TX
1191,995,1.0,0,529,29.7714,-95.4343,housing/rent/apartment,Thumbnail,TX
1192,2050,1.0,1,530,34.1594,-118.2498,housing/rent/apartment,Thumbnail,CA
1193,1850,1.0,1,530,38.9118,-77.0132,housing/rent/apartment,Thumbnail,DC
1194,1750,1.0,1,530,47.616,-122.3275,housing/rent/apartment,Thumbnail,WA
1197,1375,1.0,1,530,35.1825,-111.6031,housing/rent/apartment,Thumbnail,AZ
1199,1355,1.0,1,530,34.1132,-117.6615,housing/rent/apartment,Thumbnail,CA
1201,1343,1.0,1,530,29.4624,-98.5253,housing/rent/apartment,Thumbnail,TX
1202,1245,1.0,2,530,45.0201,-93.4623,housing/rent/apartment,Thumbnail,MN
1203,1195,1.0,2,530,41.4029,-73.4637,housing/rent/apartment,Thumbnail,CT
1204,1149,1.0,1,530,28.5964,-81.3237,housing/rent/apartment,Thumbnail,FL
1205,1105,1.0,1,530,31.8666,-102.3901,housing/rent/apartment,Thumbnail,TX
1206,945,1.0,1,530,29.4624,-98.5253,housing/rent/apartment,Thumbnail,TX
1207,838,1.0,1,530,36.8328,-76.3529,housing/rent/apartment,Thumbnail,VA
1208,640,1.0,1,530,41.5486,-90.5922,housing/rent/apartment,Thumbnail,IA
1210,800,1.0,3,531,46.8013,-100.7562,housing/rent/apartment,Thumbnail,ND
1212,2220,1.0,2,532,34.1474,-118.1391,housing/rent/apartment,Yes,CA
1213,1095,1.0,3,532,43.1472,-88.1182,housing/rent/apartment,Thumbnail,WI
1214,962,1.0,1,532,30.3054,-97.7497,housing/rent/apartment,Thumbnail,TX
1215,575,1.0,1,532,43.4251,-83.9731,housing/rent/apartment,Thumbnail,MI
1216,2667,1.0,2,533,40.722,-74.0644,housing/rent/apartment,Yes,NJ
1217,2100,1.0,2,533,38.8738,-77.1055,housing/rent/apartment,Thumbnail,VA
1219,1130,1.0,2,533,44.0346,-92.468,housing/rent/apartment,Thumbnail,MN
1222,1537,1.0,1,534,40.6999,-74.3233,housing/rent/apartment,Thumbnail,NJ
1224,1252,1.0,2,534,45.4305,-122.7798,housing/rent/apartment,Thumbnail,OR
1226,815,1.0,1,534,29.4624,-98.5253,housing/rent/apartment,Thumbnail,TX
1228,2150,1.0,2,535,38.8738,-77.1055,housing/rent/apartment,Thumbnail,VA
1229,1269,1.0,2,535,30.3054,-97.7497,housing/rent/apartment,Thumbnail,TX
1230,1233,1.0,2,535,30.3054,-97.7497,housing/rent/apartment,Thumbnail,TX
1231,1119,1.0,1,535,41.8625,-87.6825,housing/rent/apartment,Thumbnail,IL
1232,969,1.0,2,535,39.6169,-104.919,housing/rent/apartment,Thumbnail,CO
1233,750,1.0,1,535,35.1038,-106.611,housing/rent/apartment,Thumbnail,NM
1234,750,1.0,1,535,35.1038,-106.611,housing/rent/apartment,Thumbnail,NM
1235,660,1.0,1,535,41.4712,-81.5155,housing/rent/apartment,Thumbnail,OH
1236,594,1.0,1,535,35.2441,-97.4144,housing/rent/apartment,Yes,OK
1237,2435,1.0,2,536,42.3787,-71.0159,housing/rent/apartment,Thumbnail,MA
1238,1405,1.0,3,536,44.9776,-93.3594,housing/rent/apartment,Thumbnail,MN
1239,1295,1.0,1,536,39.1474,-77.2032,housing/rent/apartment,Thumbnail,MD
1240,1290,1.0,2,536,44.8338,-93.3197,housing/rent/apartment,Thumbnail,MN
1241,1275,1.0,1,536,47.616,-122.3275,housing/rent/apartment,Thumbnail,WA
1242,1255,1.0,2,536,40.5853,-105.0839,housing/rent/apartment,Yes,CO
1243,930,1.0,2,536,38.9571,-95.2657,housing/rent/apartment,Thumbnail,KS
1244,785,1.0,1,536,29.7714,-95.4343,housing/rent/apartment,Thumbnail,TX
1245,400,1.0,1,536,29.9142,-93.9383,housing/rent/apartment,Thumbnail,TX
1247,1450,1.0,1,537,32.7876,-117.1265,housing/rent/apartment,Thumbnail,CA
1249,1340,1.0,2,537,32.829,-96.8458,housing/rent/apartment,Thumbnail,TX
1250,1195,1.0,1,537,33.7416,-84.2614,housing/rent/apartment,Thumbnail,GA
1252,840,1.0,1,537,30.3054,-97.7497,housing/rent/apartment,Thumbnail,TX
1253,3800,1.0,1,538,37.7599,-122.4379,housing/rent/apartment,Thumbnail,CA
1256,989,1.0,3,538,28.5964,-81.3237,housing/rent/apartment,Thumbnail,FL
1257,910,1.0,2,538,40.1171,-88.1889,housing/rent/apartment,Thumbnail,IL
1258,624,1.0,1,538,32.5548,-94.7807,housing/rent/apartment,Yes,TX
1259,819,1.0,1,539,28.5163,-81.3644,housing/rent/apartment,Thumbnail,FL
1260,535,1.0,1,539,29.7714,-95.4343,housing/rent/apartment,Thumbnail,TX
1261,1795,1.0,1,540,32.7876,-117.1265,housing/rent/apartment,Thumbnail,CA
1263,1600,1.0,1,540,39.3191,-76.6126,housing/rent/apartment,Thumbnail,MD
1265,1450,1.0,2,540,44.9855,-93.3023,housing/rent/apartment,Thumbnail,MN
1266,1400,1.0,1,540,35.9517,-79.071,housing/rent/apartment,Thumbnail,NC
1267,1400,1.0,1,540,44.9405,-93.1027,housing/rent/apartment,Thumbnail,MN
1268,1399,1.0,1,540,28.0076,-82.4792,housing/rent/apartment,Thumbnail,FL
1269,1250,1.0,2,540,44.9405,-93.1027,housing/rent/apartment,Thumbnail,MN
1270,1200,1.0,1,540,35.823,-78.6438,housing/rent/apartment,Thumbnail,NC
1271,1161,1.0,2,540,44.8653,-93.4749,housing/rent/apartment,Thumbnail,MN
1272,1111,1.0,2,540,44.9855,-93.3023,housing/rent/apartment,Thumbnail,MN
1273,1099,1.0,1,540,28.5163,-81.3644,housing/rent/apartment,Thumbnail,FL
1274,960,1.0,1,540,30.3054,-97.7497,housing/rent/apartment,Thumbnail,TX
1275,920,1.0,1,540,61.1723,-149.8414,housing/rent/apartment,Thumbnail,AK
1276,840,1.0,1,540,30.5118,-97.6873,housing/rent/apartment,Thumbnail,TX
1277,835,1.0,2,540,32.8255,-97.1039,housing/rent/apartment,Yes,TX
1280,720,1.0,1,540,42.9497,-85.6417,housing/rent/apartment,Thumbnail,MI
1282,650,1.0,1,540,38.6274,-90.304,housing/rent/apartment,Thumbnail,MO
1283,620,1.0,1,540,35.2399,-97.4552,housing/rent/apartment,Thumbnail,OK
1284,609,1.0,1,540,42.5589,-89.0873,housing/rent/apartment,Thumbnail,WI
1285,599,1.0,1,540,40.4969,-86.9659,housing/rent/apartment,Thumbnail,IN
1287,3395,1.0,1,541,37.7599,-122.4379,housing/rent/apartment,Thumbnail,CA
1289,725,1.0,1,541,44.5099,-88.0178,housing/rent/apartment,Thumbnail,WI
1290,2195,1.0,1,542,33.852,-118.3759,housing/rent/apartment,Thumbnail,CA
1291,1028,1.0,1,542,39.1634,-76.6165,housing/rent/apartment,Thumbnail,MD
1292,883,1.0,1,542,30.3054,-97.7497,housing/rent/apartment,Thumbnail,TX
1293,825,1.0,2,542,41.2562,-96.0404,housing/rent/apartment,Thumbnail,NE
1294,772,1.0,1,542,43.6046,-116.2475,housing/rent/apartment,Thumbnail,ID
1295,550,1.0,1,542,33.56,-101.8904,housing/rent/apartment,Thumbnail,TX
1297,922,1.0,1,543,29.5917,-95.5978,housing/rent/apartment,Thumbnail,TX
1300,940,1.0,1,544,61.3186,-149.5355,housing/rent/apartment,Thumbnail,AK
1301,899,1.0,1,544,33.1993,-97.1268,housing/rent/apartment,Thumbnail,TX
1302,754,1.0,1,544,40.8062,-96.6778,housing/rent/apartment,Thumbnail,NE
1303,665,1.0,1,544,32.275,-95.3017,housing/rent/apartment,Thumbnail,TX
1304,1965,1.0,1,545,38.9348,-77.059,housing/rent/apartment,Thumbnail,DC
1305,1576,1.0,2,545,41.8625,-87.6825,housing/rent/apartment,Thumbnail,IL
1306,1505,1.0,1,545,41.8625,-87.6825,housing/rent/apartment,Thumbnail,IL
1307,1475,1.0,1,545,40.0054,-75.1415,housing/rent/apartment,Thumbnail,PA
1308,1310,1.0,3,545,32.8212,-96.7853,housing/rent/apartment,Thumbnail,TX
1309,1050,1.0,3,545,35.471,-97.5299,housing/rent/apartment,Thumbnail,OK
1310,1025,1.0,1,545,40.7061,-111.9048,housing/rent/apartment,Thumbnail,UT
1312,2680,1.0,2,546,34.1056,-118.3668,housing/rent/apartment,Thumbnail,CA
1313,2265,1.0,2,546,34.1056,-118.3668,housing/rent/apartment,Thumbnail,CA
1317,1316,1.0,2,546,38.8115,-77.1257,housing/rent/apartment,Thumbnail,VA
1318,1261,1.0,2,546,39.6169,-104.919,housing/rent/apartment,Thumbnail,CO
1320,1120,1.0,2,546,29.4624,-98.5253,housing/rent/apartment,Thumbnail,TX
1321,895,1.0,1,546,28.279,-81.4156,housing/rent/apartment,Thumbnail,FL
1322,625,1.0,1,546,29.7714,-95.4343,housing/rent/apartment,Thumbnail,TX
1325,1185,1.0,2,547,29.4624,-98.5253,housing/rent/apartment,Thumbnail,TX
1326,1000,1.0,1,547,30.3054,-97.7497,housing/rent/apartment,Thumbnail,TX
1327,999,1.0,1,547,30.3054,-97.7497,housing/rent/apartment,Thumbnail,TX
1328,915,1.0,1,547,61.1723,-149.8414,housing/rent/apartment,Thumbnail,AK
1330,1595,1.0,2,548,33.7848,-84.3922,housing/rent/apartment,Thumbnail,GA
1332,1230,1.0,3,548,30.3054,-97.7497,housing/rent/apartment,Thumbnail,TX
1333,1189,1.0,0,548,29.7714,-95.4343,housing/rent/apartment,Thumbnail,TX
1334,1065,1.0,1,548,33.5178,-112.0848,housing/rent/apartment,Thumbnail,AZ
1335,935,1.0,1,548,61.1723,-149.8414,housing/rent/apartment,Thumbnail,AK
1336,4200,1.0,1,549,37.7599,-122.4379,housing/rent/apartment,Thumbnail,CA
1337,2659,1.0,2,549,42.3739,-71.1155,housing/rent/apartment,Thumbnail,MA
1338,1617,1.0,1,549,47.6829,-122.1209,housing/rent/apartment,Thumbnail,WA
1339,903,1.0,1,549,29.4624,-98.5253,housing/rent/apartment,Thumbnail,TX
1341,828,1.0,1,549,29.4624,-98.5253,housing/rent/apartment,Thumbnail,TX
1342,2175,1.0,1,550,38.9118,-77.0132,housing/rent/apartment,Thumbnail,DC
1343,2075,1.0,1,550,33.866,-118.3958,housing/rent/apartment,Thumbnail,CA
1344,1899,1.0,1,550,37.6541,-122.0735,housing/rent/apartment,Thumbnail,CA
1345,1895,1.0,1,550,33.852,-118.3759,housing/rent/apartment,Thumbnail,CA
1346,1820,1.0,0,550,38.9348,-77.059,housing/rent/apartment,Thumbnail,DC
1349,1500,1.0,1,550,39.736,-104.9819,housing/rent/apartment,Thumbnail,CO
1351,1420,1.0,2,550,44.9855,-93.3023,housing/rent/apartment,Thumbnail,MN
1352,1400,1.0,2,550,44.9855,-93.3023,housing/rent/apartment,Thumbnail,MN
1353,1385,1.0,1,550,32.7876,-117.1265,housing/rent/apartment,Thumbnail,CA
1354,1385,1.0,1,550,38.9403,-77.0888,housing/rent/apartment,No,DC
1357,1200,1.0,2,550,42.4194,-71.111,housing/rent/apartment,Thumbnail,MA
1358,1195,1.0,1,550,30.3054,-97.7497,housing/rent/apartment,Thumbnail,TX
1359,1165,1.0,1,550,32.8212,-96.7853,housing/rent/apartment,Thumbnail,TX
1360,1100,1.0,1,550,39.5197,-119.8342,housing/rent/apartment,Thumbnail,NV
1362,1055,1.0,1,550,27.7873,-82.6772,housing/rent/apartment,Thumbnail,FL
1363,1020,1.0,2,550,39.0744,-94.5521,housing/rent/apartment,Thumbnail,MO
1364,995,1.0,1,550,39.736,-104.9819,housing/rent/apartment,Thumbnail,CO
1365,995,1.0,1,550,33.7848,-84.3922,housing/rent/apartment,Thumbnail,GA
1366,985,1.0,1,550,28.0076,-82.4792,housing/rent/apartment,Thumbnail,FL
1367,979,1.0,1,550,39.9173,-75.3005,housing/rent/apartment,Thumbnail,PA
1368,975,1.0,1,550,43.0042,-88.0184,housing/rent/apartment,Thumbnail,WI
1369,955,1.0,1,550,43.0724,-89.4003,housing/rent/apartment,Thumbnail,WI
1371,945,1.0,1,550,30.3054,-97.7497,housing/rent/apartment,Thumbnail,TX
1372,925,1.0,1,550,41.8608,-88.1128,housing/rent/apartment,Thumbnail,IL
1376,890,1.0,1,550,30.3054,-97.7497,housing/rent/apartment,Thumbnail,TX
1377,889,1.0,0,550,39.1471,-86.5136,housing/rent/apartment,Thumbnail,IN
1378,865,1.0,1,550,32.9012,-96.7916,housing/rent/apartment,Thumbnail,TX
1379,850,1.0,1,550,39.1471,-86.5136,housing/rent/apartment,Thumbnail,IN
1381,837,1.0,1,550,28.0076,-82.4792,housing/rent/apartment,Thumbnail,FL
1382,835,1.0,1,550,32.9012,-96.7916,housing/rent/apartment,Thumbnail,TX
1383,834,1.0,1,550,29.4624,-98.5253,housing/rent/apartment,Thumbnail,TX
1385,829,1.0,1,550,42.2368,-83.6103,housing/rent/apartment,Thumbnail,MI
1386,825,1.0,1,550,30.6505,-97.6809,housing/rent/apartment,Thumbnail,TX
1387,825,1.0,1,550,32.9012,-96.7916,housing/rent/apartment,Thumbnail,TX
1388,800,1.0,1,550,41.2562,-96.0404,housing/rent/apartment,Thumbnail,NE
1389,795,1.0,2,550,41.7566,-72.689,housing/rent/apartment,No,CT
1390,784,1.0,1,550,39.3191,-76.6126,housing/rent/apartment,Thumbnail,MD
1391,779,1.0,1,550,39.1471,-86.5136,housing/rent/apartment,Thumbnail,IN
1392,775,1.0,1,550,43.0531,-87.9659,housing/rent/apartment,Thumbnail,WI
1395,695,1.0,1,550,35.6982,-97.4325,housing/rent/apartment,Yes,OK
1396,665,1.0,1,550,39.1103,-94.702,housing/rent/apartment,Thumbnail,KS
1397,650,1.0,0,550,47.6794,-117.4018,housing/rent/apartment,Thumbnail,WA
1398,635,1.0,1,550,40.4969,-86.9659,housing/rent/apartment,Thumbnail,IN
1399,635,1.0,1,550,29.7714,-95.4343,housing/rent/apartment,Thumbnail,TX
1400,630,1.0,2,550,38.9954,-94.6422,housing/rent/apartment,Thumbnail,KS
1402,610,1.0,2,550,41.2562,-96.0404,housing/rent/apartment,Thumbnail,NE
1404,600,1.0,1,550,34.678,-92.7603,housing/rent/apartment,Thumbnail,AR
1405,584,1.0,1,550,40.7228,-84.0782,housing/rent/apartment,No,OH
1406,580,1.0,1,550,37.1892,-93.2908,housing/rent/apartment,Thumbnail,MO
1408,545,1.0,2,550,48.2469,-101.3017,housing/rent/apartment,Thumbnail,ND
1409,545,1.0,1,550,48.2469,-101.3017,housing/rent/apartment,Thumbnail,ND
1410,525,1.0,1,550,47.9179,-97.0658,housing/rent/apartment,Thumbnail,ND
1411,525,1.0,1,550,48.2469,-101.3017,housing/rent/apartment,Thumbnail,ND
1412,515,1.0,1,550,48.2469,-101.3017,housing/rent/apartment,Thumbnail,ND
1413,510,1.0,1,550,35.4441,-94.3428,housing/rent/apartment,Thumbnail,AR
1416,1855,1.0,2,551,47.616,-122.3275,housing/rent/apartment,Thumbnail,WA
1420,3495,1.0,1,552,37.7599,-122.4379,housing/rent/apartment,Thumbnail,CA
1421,1665,1.0,2,552,47.6156,-122.2109,housing/rent/apartment,Thumbnail,WA
1423,1250,1.0,2,552,29.4624,-98.5253,housing/rent/apartment,Thumbnail,TX
1424,1195,1.0,2,552,37.53,-77.477,housing/rent/apartment,Thumbnail,VA
1425,1030,1.0,1,552,39.7953,-86.1387,housing/rent/apartment,Thumbnail,IN
1426,995,1.0,1,553,38.6274,-90.304,housing/rent/apartment,Thumbnail,MO
1428,1392,1.0,2,554,33.7848,-84.3922,housing/rent/apartment,Thumbnail,GA
1429,1050,1.0,3,554,33.0476,-96.7467,housing/rent/apartment,Thumbnail,TX
1432,1350,1.0,1,555,45.5091,-122.6449,housing/rent/apartment,Thumbnail,OR
1434,780,1.0,1,555,40.1145,-88.2723,housing/rent/apartment,Thumbnail,IL
1435,2600,1.0,1,556,32.6596,-117.1595,housing/rent/apartment,Thumbnail,CA
1436,1250,1.0,1,556,43.0531,-87.9659,housing/rent/apartment,Thumbnail,WI
1437,1107,1.0,1,556,30.3054,-97.7497,housing/rent/apartment,Thumbnail,TX
1438,910,1.0,1,556,30.3054,-97.7497,housing/rent/apartment,Thumbnail,TX
1440,1350,1.0,1,557,40.0054,-75.1415,housing/rent/apartment,Thumbnail,PA
1441,845,1.0,1,557,29.4624,-98.5253,housing/rent/apartment,Thumbnail,TX
1443,1125,1.0,1,558,30.3054,-97.7497,housing/rent/apartment,Thumbnail,TX
1444,1047,1.0,1,558,29.4624,-98.5253,housing/rent/apartment,Thumbnail,TX
1445,960,1.0,1,558,29.4624,-98.5253,housing/rent/apartment,Thumbnail,TX
1446,840,1.0,1,558,32.9012,-96.7916,housing/rent/apartment,Thumbnail,TX
1448,730,1.0,1,558,36.116,-95.9281,housing/rent/apartment,Thumbnail,OK
1449,2388,1.0,2,559,37.9003,-122.0495,housing/rent/apartment,Thumbnail,CA
1450,1650,1.0,1,559,34.1683,-118.1209,housing/rent/apartment,Yes,CA
1451,1450,1.0,1,559,45.5091,-122.6449,housing/rent/apartment,Thumbnail,OR
1452,1290,1.0,1,559,30.3054,-97.7497,housing/rent/apartment,Thumbnail,TX
1455,1199,1.0,1,559,42.8631,-71.5151,housing/rent/apartment,Thumbnail,NH
1456,3500,1.0,1,560,37.7599,-122.4379,housing/rent/apartment,Thumbnail,CA
1458,1565,1.0,1,560,30.3054,-97.7497,housing/rent/apartment,Thumbnail,TX
1460,1233,1.0,2,560,30.3054,-97.7497,housing/rent/apartment,Thumbnail,TX
1461,1160,1.0,1,560,38.9633,-76.9375,housing/rent/apartment,Thumbnail,MD
1462,1150,1.0,1,560,47.8056,-122.3716,housing/rent/apartment,Thumbnail,WA
1463,1009,1.0,1,560,29.6533,-82.3656,housing/rent/apartment,Thumbnail,FL
1464,1000,1.0,1,560,30.3054,-97.7497,housing/rent/apartment,Thumbnail,TX
1465,975,1.0,1,560,43.662,-116.3456,housing/rent/apartment,Thumbnail,ID
1466,947,1.0,1,560,42.6742,-73.7936,housing/rent/apartment,Thumbnail,NY
1467,935,1.0,1,560,41.3498,-72.1062,housing/rent/apartment,Yes,CT
1468,925,1.0,1,560,41.3498,-72.1062,housing/rent/apartment,Yes,CT
1470,894,1.0,1,560,29.108,-80.9792,housing/rent/apartment,Thumbnail,FL
1472,800,1.0,1,560,26.5761,-81.8644,housing/rent/apartment,Thumbnail,FL
1474,662,1.0,1,560,40.2669,-86.5305,housing/rent/apartment,Thumbnail,IN
1475,650,1.0,1,560,41.3712,-83.6212,housing/rent/apartment,Thumbnail,OH
1476,650,1.0,1,560,40.3613,-86.9005,housing/rent/apartment,Thumbnail,IN
1477,644,1.0,1,560,42.5018,-96.3886,housing/rent/apartment,Thumbnail,IA
1479,615,1.0,1,560,40.426,-86.8894,housing/rent/apartment,Thumbnail,IN
1481,3495,1.0,1,561,37.7599,-122.4379,housing/rent/apartment,Thumbnail,CA
1482,1889,1.0,3,561,38.8738,-77.1055,housing/rent/apartment,Thumbnail,VA
1485,1183,1.0,1,561,43.0531,-87.9659,housing/rent/apartment,Thumbnail,WI
1486,999,1.0,1,561,28.0076,-82.4792,housing/rent/apartment,Thumbnail,FL
1487,990,1.0,1,561,32.0057,-102.1036,housing/rent/apartment,Thumbnail,TX
1488,974,1.0,1,561,32.8212,-96.7853,housing/rent/apartment,Thumbnail,TX
1490,898,1.0,2,561,35.0462,-85.2352,housing/rent/apartment,Thumbnail,TN
1491,715,1.0,1,561,29.7714,-95.4343,housing/rent/apartment,Thumbnail,TX
1492,1670,1.0,3,562,38.8077,-76.9886,housing/rent/apartment,Thumbnail,MD
1493,1523,1.0,1,562,30.3054,-97.7497,housing/rent/apartment,Thumbnail,TX
1494,1285,1.0,2,562,43.0735,-88.0172,housing/rent/apartment,Thumbnail,WI
1495,1170,1.0,1,562,40.7061,-111.9048,housing/rent/apartment,Thumbnail,UT
1496,1115,1.0,1,562,45.6558,-122.5888,housing/rent/apartment,Thumbnail,WA
1498,904,1.0,1,562,30.3054,-97.7497,housing/rent/apartment,Thumbnail,TX
1500,880,1.0,1,562,39.0744,-94.5521,housing/rent/apartment,Thumbnail,MO
1501,695,1.0,1,562,41.2562,-96.0404,housing/rent/apartment,Thumbnail,NE
1504,820,1.0,1,563,30.3054,-97.7497,housing/rent/apartment,Thumbnail,TX
1505,777,1.0,2,563,35.823,-78.6438,housing/rent/apartment,Thumbnail,NC
1506,745,1.0,1,563,29.7714,-95.4343,housing/rent/apartment,Thumbnail,TX
1507,615,1.0,1,563,38.9571,-95.2657,housing/rent/apartment,Thumbnail,KS
1508,1475,1.0,2,564,30.3054,-97.7497,housing/rent/apartment,Thumbnail,TX
1509,1305,1.0,1,564,43.0724,-89.4003,housing/rent/apartment,Thumbnail,WI
1511,975,1.0,3,564,41.5927,-93.6276,housing/rent/apartment,Thumbnail,IA
1512,530,1.0,3,564,35.471,-97.5299,housing/rent/apartment,Thumbnail,OK
1515,1100,1.0,1,565,36.8691,-76.2924,housing/rent/apartment,Thumbnail,VA
1516,1064,1.0,2,565,38.6274,-90.304,housing/rent/apartment,Thumbnail,MO
1518,865,1.0,1,565,30.3054,-97.7497,housing/rent/apartment,Thumbnail,TX
1519,849,1.0,1,565,30.3054,-97.7497,housing/rent/apartment,Thumbnail,TX
1520,765,1.0,1,565,32.8212,-96.7853,housing/rent/apartment,Thumbnail,TX
1521,670,1.0,3,565,47.9179,-97.0658,housing/rent/apartment,Thumbnail,ND
1522,655,1.0,2,565,40.1171,-88.1889,housing/rent/apartment,Thumbnail,IL
1523,600,1.0,1,565,41.6077,-81.5066,housing/rent/apartment,Thumbnail,OH
1524,3495,1.0,1,566,37.7599,-122.4379,housing/rent/apartment,Thumbnail,CA
1525,2097,1.0,2,566,30.3054,-97.7497,housing/rent/apartment,Thumbnail,TX
1526,1595,1.0,2,566,38.9118,-77.0132,housing/rent/apartment,Thumbnail,DC
1527,1245,1.0,1,566,44.9855,-93.3023,housing/rent/apartment,Thumbnail,MN
1529,850,1.0,1,566,41.2562,-96.0404,housing/rent/apartment,Thumbnail,NE
1530,755,1.0,1,566,29.7714,-95.4343,housing/rent/apartment,Thumbnail,TX
1532,704,1.0,1,567,43.0531,-87.9659,housing/rent/apartment,Thumbnail,WI
1533,1953,1.0,2,568,38.8738,-77.1055,housing/rent/apartment,Thumbnail,VA
1534,1635,1.0,1,568,42.6398,-71.3184,housing/rent/apartment,Thumbnail,MA
1535,1400,1.0,1,568,45.5091,-122.6449,housing/rent/apartment,Thumbnail,OR
1536,800,1.0,1,568,29.4624,-98.5253,housing/rent/apartment,Thumbnail,TX
1538,1512,1.0,2,569,30.3054,-97.7497,housing/rent/apartment,Thumbnail,TX
1539,1415,1.0,1,569,32.8212,-96.7853,housing/rent/apartment,Thumbnail,TX
1540,1225,1.0,1,569,45.6558,-122.5888,housing/rent/apartment,Thumbnail,WA
1541,1165,1.0,1,569,45.6558,-122.5888,housing/rent/apartment,Thumbnail,WA
1542,1100,1.0,1,569,45.7585,-122.9342,housing/rent/apartment,Thumbnail,OR
1543,932,1.0,2,569,29.4624,-98.5253,housing/rent/apartment,Thumbnail,TX
1546,3995,1.0,1,570,37.7599,-122.4379,housing/rent/apartment,Thumbnail,CA
1547,2695,1.0,2,570,42.328,-71.071,housing/rent/apartment,Thumbnail,MA
1548,2099,1.0,3,570,40.0054,-75.1415,housing/rent/apartment,Thumbnail,PA
1549,1996,1.0,3,570,33.8,-117.8367,housing/rent/apartment,Thumbnail,CA
1550,1475,1.0,1,570,26.1343,-80.233,housing/rent/apartment,Thumbnail,FL
1552,1249,1.0,3,570,28.0076,-82.4792,housing/rent/apartment,Thumbnail,FL
1553,1110,1.0,1,570,30.3054,-97.7497,housing/rent/apartment,Thumbnail,TX
1554,1020,1.0,1,570,30.3054,-97.7497,housing/rent/apartment,Thumbnail,TX
1555,999,1.0,1,570,30.3054,-97.7497,housing/rent/apartment,Thumbnail,TX
1556,905,1.0,1,570,30.0066,-97.8071,housing/rent/apartment,Thumbnail,TX
1557,877,1.0,1,570,30.3054,-97.7497,housing/rent/apartment,Thumbnail,TX
1561,705,1.0,1,570,43.5329,-96.7265,housing/rent/apartment,Thumbnail,SD
1564,649,1.0,1,570,29.7714,-95.4343,housing/rent/apartment,Thumbnail,TX
1565,626,1.0,1,570,35.1354,-89.7585,housing/rent/apartment,Thumbnail,TN
1566,510,1.0,1,570,37.1892,-93.2908,housing/rent/apartment,Thumbnail,MO
1567,450,1.0,1,570,41.6675,-83.5837,housing/rent/apartment,Thumbnail,OH
1568,1903,1.0,1,571,30.3054,-97.7497,housing/rent/apartment,Thumbnail,TX
1572,821,1.0,1,571,29.4624,-98.5253,housing/rent/apartment,Thumbnail,TX
1573,776,1.0,1,571,33.8618,-117.5596,housing/rent/apartment,Thumbnail,CA
1574,1400,1.0,2,572,44.9855,-93.3023,housing/rent/apartment,Thumbnail,MN
1575,1385,1.0,2,572,38.5587,-121.432,housing/rent/apartment,Thumbnail,CA
1578,670,1.0,1,572,39.0805,-94.3997,housing/rent/apartment,Thumbnail,MO
1580,2320,1.0,3,573,47.6156,-122.2109,housing/rent/apartment,Yes,WA
1581,2120,1.0,2,573,47.6869,-122.1896,housing/rent/apartment,Yes,WA
1582,974,1.0,1,573,40.6077,-74.2824,housing/rent/apartment,Thumbnail,NJ
1584,795,1.0,1,573,44.4469,-100.1875,housing/rent/apartment,Thumbnail,SD
1585,546,1.0,1,573,29.7714,-95.4343,housing/rent/apartment,Thumbnail,TX
1586,1220,1.0,2,574,40.1145,-88.2723,housing/rent/apartment,Thumbnail,IL
1587,825,1.0,1,574,30.3054,-97.7497,housing/rent/apartment,Thumbnail,TX
1588,803,1.0,1,574,29.4624,-98.5253,housing/rent/apartment,Thumbnail,TX
1589,3699,1.0,1,575,33.9943,-118.462,housing/rent/apartment,Yes,CA
1590,2695,1.0,2,575,37.7599,-122.4379,housing/rent/apartment,Thumbnail,CA
1591,1725,1.0,1,575,34.0827,-118.2462,housing/rent/apartment,Thumbnail,CA
1592,1650,1.0,1,575,34.152,-118.0876,housing/rent/apartment,Thumbnail,CA
1593,1534,1.0,2,575,41.8625,-87.6825,housing/rent/apartment,Thumbnail,IL
1595,965,1.0,1,575,30.3054,-97.7497,housing/rent/apartment,Thumbnail,TX
1597,920,1.0,1,575,30.3054,-97.7497,housing/rent/apartment,Thumbnail,TX
1599,899,1.0,1,575,39.1679,-84.4933,housing/rent/apartment,Thumbnail,OH
1602,750,1.0,1,575,43.475,-72.4274,housing/rent/apartment,Yes,VT
1603,739,1.0,1,575,39.1679,-84.4933,housing/rent/apartment,Thumbnail,OH
1605,635,1.0,1,575,37.1892,-93.2908,housing/rent/apartment,Thumbnail,MO
1606,620,1.0,1,575,32.4764,-93.8774,housing/rent/apartment,Thumbnail,LA
1608,2495,1.0,1,576,34.0372,-118.2972,housing/rent/apartment,Thumbnail,CA
1610,1106,1.0,1,576,41.8019,-72.2494,housing/rent/apartment,Thumbnail,CT
1611,1040,1.0,1,576,30.5104,-97.9027,housing/rent/apartment,Thumbnail,TX
1612,975,1.0,1,576,44.9855,-93.3023,housing/rent/apartment,Thumbnail,MN
1613,850,1.0,1,576,30.3054,-97.7497,housing/rent/apartment,Thumbnail,TX
1614,825,1.0,1,576,42.3214,-83.3897,housing/rent/apartment,Thumbnail,MI
1620,640,1.0,1,576,42.0259,-93.6516,housing/rent/apartment,Thumbnail,IA
1621,630,1.0,1,576,47.9717,-118.9707,housing/rent/apartment,Thumbnail,WA
1622,3795,1.0,1,577,37.7599,-122.4379,housing/rent/apartment,Thumbnail,CA
1623,2110,1.0,2,577,38.9118,-77.0132,housing/rent/apartment,Thumbnail,DC
1625,1120,1.0,1,577,45.6558,-122.5888,housing/rent/apartment,Thumbnail,WA
1626,749,1.0,1,577,29.7714,-95.4343,housing/rent/apartment,Thumbnail,TX
1628,1250,1.0,1,578,40.1145,-88.2723,housing/rent/apartment,Thumbnail,IL
1629,825,1.0,1,578,41.2562,-96.0404,housing/rent/apartment,Thumbnail,NE
1630,745,1.0,1,578,42.815,-83.7152,housing/rent/apartment,Thumbnail,MI
1631,625,1.0,1,578,29.4624,-98.5253,housing/rent/apartment,Thumbnail,TX
1633,1670,1.0,1,579,30.3054,-97.7497,housing/rent/apartment,Thumbnail,TX
1634,1325,1.0,1,579,47.2154,-122.4608,housing/rent/apartment,Thumbnail,WA
1635,1220,1.0,1,579,30.3054,-97.7497,housing/rent/apartment,Thumbnail,TX
1636,1100,1.0,1,579,34.123,-117.3836,housing/rent/apartment,Thumbnail,CA
1637,1050,1.0,2,579,32.8212,-96.7853,housing/rent/apartment,Thumbnail,TX
1638,1015,1.0,1,579,30.3054,-97.7497,housing/rent/apartment,Thumbnail,TX
1639,930,1.0,1,579,29.4624,-98.5253,housing/rent/apartment,Thumbnail,TX
1640,863,1.0,1,579,29.4624,-98.5253,housing/rent/apartment,Thumbnail,TX
1641,450,1.0,1,579,29.7714,-95.4343,housing/rent/apartment,Thumbnail,TX
1642,2150,1.0,2,580,41.8625,-87.6825,housing/rent/apartment,Thumbnail,IL
1645,1530,1.0,1,580,47.7179,-122.2059,housing/rent/apartment,Yes,WA
1646,1450,1.0,1,580,42.4583,-83.138,housing/rent/apartment,Thumbnail,MI
1647,1326,1.0,1,580,39.6894,-105.1119,housing/rent/apartment,Thumbnail,CO
1648,1270,1.0,1,580,45.6112,-122.4121,housing/rent/apartment,Thumbnail,WA
1649,1267,1.0,1,580,39.7136,-105.0655,housing/rent/apartment,Thumbnail,CO
1652,1125,1.0,2,580,29.4624,-98.5253,housing/rent/apartment,Thumbnail,TX
1653,1030,1.0,1,580,39.9071,-75.0838,housing/rent/apartment,Yes,NJ
1654,950,1.0,1,580,41.8787,-87.9798,housing/rent/apartment,Thumbnail,IL
1655,915,1.0,1,580,39.5416,-119.7383,housing/rent/apartment,Thumbnail,NV
1657,849,1.0,1,580,29.4624,-98.5253,housing/rent/apartment,Thumbnail,TX
1658,825,1.0,1,580,30.4376,-91.0221,housing/rent/apartment,Thumbnail,LA
1660,675,1.0,1,580,40.4969,-86.9659,housing/rent/apartment,Thumbnail,IN
1661,635,1.0,1,580,40.3613,-86.9005,housing/rent/apartment,Thumbnail,IN
1662,1845,1.0,1,581,30.3054,-97.7497,housing/rent/apartment,Thumbnail,TX
1664,1150,1.0,1,581,30.3054,-97.7497,housing/rent/apartment,Thumbnail,TX
1665,1145,1.0,1,581,27.9657,-82.7464,housing/rent/apartment,Thumbnail,FL
1667,1073,1.0,1,581,39.0744,-94.5521,housing/rent/apartment,Thumbnail,MO
1668,975,1.0,1,581,39.8228,-105.1107,housing/rent/apartment,Thumbnail,CO
1669,900,1.0,1,581,46.8901,-96.7447,housing/rent/apartment,Thumbnail,MN
1670,799,1.0,1,581,29.7714,-95.4343,housing/rent/apartment,Thumbnail,TX
1674,1126,1.0,1,582,30.3054,-97.7497,housing/rent/apartment,Thumbnail,TX
1675,725,1.0,1,582,42.0259,-93.6516,housing/rent/apartment,Thumbnail,IA
1676,2085,1.0,2,583,47.616,-122.3275,housing/rent/apartment,Thumbnail,WA
1677,1650,1.0,1,583,34.0291,-118.3543,housing/rent/apartment,Thumbnail,CA
1678,1189,1.0,1,583,40.3942,-79.9046,housing/rent/apartment,Thumbnail,PA
1679,1150,1.0,1,583,39.5902,-74.3541,housing/rent/apartment,Yes,NJ
1680,1093,1.0,1,583,40.3942,-79.9046,housing/rent/apartment,Thumbnail,PA
1681,900,1.0,1,583,30.5118,-97.6873,housing/rent/apartment,Thumbnail,TX
1682,875,1.0,1,583,39.0269,-94.6516,housing/rent/apartment,Thumbnail,KS
1683,1032,1.0,1,584,30.4433,-97.6282,housing/rent/apartment,Thumbnail,TX
1686,1620,1.0,0,585,30.3054,-97.7497,housing/rent/apartment,Thumbnail,TX
1687,1495,1.0,1,585,45.5091,-122.6449,housing/rent/apartment,Thumbnail,OR
1688,1380,1.0,3,585,33.7416,-84.2614,housing/rent/apartment,Thumbnail,GA
1690,1300,1.0,1,585,45.5091,-122.6449,housing/rent/apartment,Thumbnail,OR
1691,1089,1.0,1,585,39.1679,-84.4933,housing/rent/apartment,Thumbnail,OH
1693,1050,1.0,1,585,41.4648,-81.6794,housing/rent/apartment,Thumbnail,OH
1694,985,1.0,2,585,39.1679,-84.4933,housing/rent/apartment,Thumbnail,OH
1695,755,1.0,2,585,40.1145,-88.2723,housing/rent/apartment,Thumbnail,IL
1696,700,1.0,1,585,29.7714,-95.4343,housing/rent/apartment,Thumbnail,TX
1697,675,1.0,1,585,46.4805,-84.3582,housing/rent/apartment,Thumbnail,MI
1698,660,1.0,1,585,46.4805,-84.3582,housing/rent/apartment,Thumbnail,MI
1699,575,1.0,1,585,30.4415,-91.1012,housing/rent/apartment,Thumbnail,LA
1701,1510,1.0,1,586,33.8323,-117.9079,housing/rent/apartment,Thumbnail,CA
1702,1495,1.0,1,586,47.616,-122.3275,housing/rent/apartment,Thumbnail,WA
1703,1419,1.0,1,586,34.2285,-118.4435,housing/rent/apartment,Thumbnail,CA
1704,1215,1.0,1,586,33.7848,-84.3922,housing/rent/apartment,Thumbnail,GA
1705,1184,1.0,1,586,30.3054,-97.7497,housing/rent/apartment,Thumbnail,TX
1706,1126,1.0,3,586,39.905,-74.9965,housing/rent/apartment,Thumbnail,NJ
1707,1027,1.0,1,586,30.3054,-97.7497,housing/rent/apartment,Thumbnail,TX
1708,830,1.0,1,586,29.48,-98.6103,housing/rent/apartment,Thumbnail,TX
1709,1246,1.0,2,587,35.1211,-89.9517,housing/rent/apartment,Thumbnail,TN
1710,1170,1.0,1,587,29.4624,-98.5253,housing/rent/apartment,Thumbnail,TX
1711,849,1.0,1,587,30.5969,-96.3034,housing/rent/apartment,Thumbnail,TX
1712,815,1.0,1,587,29.4624,-98.5253,housing/rent/apartment,Thumbnail,TX
1713,529,1.0,1,587,33.4632,-94.0736,housing/rent/apartment,Thumbnail,TX
1715,1750,1.0,1,588,30.3054,-97.7497,housing/rent/apartment,Thumbnail,TX
1716,1515,1.0,1,588,32.8212,-96.7853,housing/rent/apartment,Thumbnail,TX
1717,1135,1.0,1,588,45.6558,-122.5888,housing/rent/apartment,Thumbnail,WA
1718,1075,1.0,1,588,48.7871,-122.4437,housing/rent/apartment,Thumbnail,WA
1720,1775,1.0,1,589,32.7685,-117.0046,housing/rent/apartment,Thumbnail,CA
1723,1199,1.0,1,589,28.0076,-82.4792,housing/rent/apartment,Thumbnail,FL
1724,779,1.0,1,589,41.7068,-83.6497,housing/rent/apartment,Thumbnail,OH
1725,1250,1.0,1,590,33.9264,-117.2346,housing/rent/apartment,Thumbnail,CA
1726,1191,1.0,1,590,30.3054,-97.7497,housing/rent/apartment,Thumbnail,TX
1728,998,1.0,1,590,34.508,-82.6913,housing/rent/apartment,Thumbnail,SC
1730,825,1.0,1,590,41.2715,-96.2423,housing/rent/apartment,Thumbnail,NE
1734,1230,1.0,2,591,32.8212,-96.7853,housing/rent/apartment,Thumbnail,TX
1735,1080,1.0,1,591,29.7714,-95.4343,housing/rent/apartment,Thumbnail,TX
1736,1668,1.0,1,592,30.3054,-97.7497,housing/rent/apartment,Thumbnail,TX
1737,1230,1.0,1,592,29.4624,-98.5253,housing/rent/apartment,Thumbnail,TX
1739,1140,1.0,1,592,30.3054,-97.7497,housing/rent/apartment,Thumbnail,TX
1743,745,1.0,3,592,37.1892,-93.2908,housing/rent/apartment,Thumbnail,MO
1744,1599,1.0,0,593,38.8571,-77.0609,housing/rent/apartment,Thumbnail,VA
1745,1192,1.0,1,593,29.7714,-95.4343,housing/rent/apartment,Thumbnail,TX
1749,960,1.0,1,593,33.3772,-111.9248,housing/rent/apartment,Thumbnail,AZ
1750,932,1.0,1,593,32.8212,-96.7853,housing/rent/apartment,Thumbnail,TX
1751,870,1.0,1,593,30.3054,-97.7497,housing/rent/apartment,Thumbnail,TX
1752,599,1.0,1,593,36.5311,-82.5209,housing/rent/apartment,Thumbnail,TN
1753,1146,1.0,1,594,29.6755,-95.4243,housing/rent/apartment,Thumbnail,TX
1754,1100,1.0,1,594,39.9071,-75.0838,housing/rent/apartment,Yes,NJ
1755,1091,1.0,1,594,29.4624,-98.5253,housing/rent/apartment,Thumbnail,TX
1756,1082,1.0,1,594,40.4448,-79.9725,housing/rent/apartment,Thumbnail,PA
1757,1009,1.0,1,594,29.4624,-98.5253,housing/rent/apartment,Thumbnail,TX
1758,791,1.0,3,594,38.0172,-84.4931,housing/rent/apartment,Thumbnail,KY
1760,735,1.0,1,594,29.7714,-95.4343,housing/rent/apartment,Thumbnail,TX
1762,1561,1.0,1,595,30.3054,-97.7497,housing/rent/apartment,Thumbnail,TX
1763,1559,1.0,3,595,39.0873,-77.1745,housing/rent/apartment,Thumbnail,MD
1764,1300,1.0,1,595,35.2016,-80.8124,housing/rent/apartment,Thumbnail,NC
1765,1175,1.0,2,595,43.0724,-89.4003,housing/rent/apartment,Thumbnail,WI
1767,850,1.0,1,595,37.1892,-93.2908,housing/rent/apartment,Thumbnail,MO
1768,810,1.0,2,595,40.1145,-88.2723,housing/rent/apartment,Thumbnail,IL
1770,1207,1.0,2,596,32.829,-96.8458,housing/rent/apartment,Thumbnail,TX
1772,800,1.0,1,596,37.1892,-93.2908,housing/rent/apartment,Thumbnail,MO
1773,1260,1.0,1,597,30.3054,-97.7497,housing/rent/apartment,Thumbnail,TX
1774,1210,1.0,3,597,30.3054,-97.7497,housing/rent/apartment,Thumbnail,TX
1775,922,1.0,1,597,32.8524,-97.0886,housing/rent/apartment,Yes,TX
1777,860,1.0,3,597,29.4624,-98.5253,housing/rent/apartment,Thumbnail,TX
1778,849,1.0,1,597,30.6505,-97.6809,housing/rent/apartment,Thumbnail,TX
1779,788,1.0,1,597,29.4782,-98.2759,housing/rent/apartment,Thumbnail,TX
1780,750,1.0,1,597,42.0259,-93.6516,housing/rent/apartment,Thumbnail,IA
1782,1431,1.0,1,598,40.9047,-74.1194,housing/rent/apartment,Thumbnail,NJ
1783,1268,1.0,1,598,44.9855,-93.3023,housing/rent/apartment,Thumbnail,MN
1785,780,1.0,1,598,32.8255,-97.1039,housing/rent/apartment,Yes,TX
1787,1270,1.0,3,599,30.3054,-97.7497,housing/rent/apartment,Thumbnail,TX
1788,1260,1.0,3,599,30.3054,-97.7497,housing/rent/apartment,Thumbnail,TX
1789,734,1.0,1,599,29.7714,-95.4343,housing/rent/apartment,Thumbnail,TX
1790,3900,1.0,1,600,34.0149,-118.4914,housing/rent/apartment,Yes,CA
1793,2800,1.0,1,600,37.4356,-122.134,housing/rent/apartment,Thumbnail,CA
1797,2295,1.0,1,600,37.4356,-122.134,housing/rent/apartment,Thumbnail,CA
1798,2250,1.0,1,600,37.8726,-122.2707,housing/rent/apartment,Thumbnail,CA
1799,2145,1.0,1,600,34.0372,-118.2972,housing/rent/apartment,Thumbnail,CA
1800,2095,1.0,1,600,34.0314,-118.4885,housing/rent/apartment,Thumbnail,CA
1801,2050,1.0,1,600,37.7904,-122.2151,housing/rent/apartment,Thumbnail,CA
1802,1865,1.0,2,600,40.8211,-73.989,housing/rent/apartment,Thumbnail,NJ
1803,1865,1.0,1,600,38.8738,-77.1055,housing/rent/apartment,Thumbnail,VA
1805,1742,1.0,1,600,32.7876,-117.1265,housing/rent/apartment,Thumbnail,CA
1807,1700,1.0,0,600,40.722,-74.0644,housing/rent/apartment,Yes,NJ
1809,1650,1.0,1,600,43.6046,-116.2475,housing/rent/apartment,Thumbnail,ID
1810,1645,1.0,1,600,40.649,-74.3464,housing/rent/apartment,Thumbnail,NJ
1811,1595,1.0,1,600,34.0372,-118.2972,housing/rent/apartment,Thumbnail,CA
1812,1585,1.0,0,600,34.0372,-118.2972,housing/rent/apartment,Thumbnail,CA
1813,1550,1.0,2,600,47.892,-122.0581,housing/rent/apartment,Thumbnail,WA
1814,1550,1.0,2,600,44.9855,-93.3023,housing/rent/apartment,Thumbnail,MN
1815,1460,1.0,1,600,41.8625,-87.6825,housing/rent/apartment,Thumbnail,IL
1816,1460,1.0,1,600,33.9883,-118.0875,housing/rent/apartment,Thumbnail,CA
1817,1450,1.0,1,600,40.0054,-75.1415,housing/rent/apartment,Thumbnail,PA
1819,1400,1.0,1,600,45.5091,-122.6449,housing/rent/apartment,Thumbnail,OR
1820,1400,1.0,2,600,44.8338,-93.3197,housing/rent/apartment,Thumbnail,MN
1821,1399,1.0,2,600,61.1723,-149.8414,housing/rent/apartment,Thumbnail,AK
1822,1385,1.0,1,600,47.8318,-122.2834,housing/rent/apartment,Thumbnail,WA
1823,1360,1.0,1,600,47.4608,-122.2095,housing/rent/apartment,Thumbnail,WA
1824,1355,1.0,2,600,44.9855,-93.3023,housing/rent/apartment,Thumbnail,MN
1825,1350,1.0,1,600,30.3054,-97.7497,housing/rent/apartment,Thumbnail,TX
1827,1350,1.0,1,600,41.8625,-87.6825,housing/rent/apartment,Thumbnail,IL
1828,1345,1.0,0,600,38.9118,-77.0132,housing/rent/apartment,Thumbnail,DC
1829,1335,1.0,1,600,47.4608,-122.2095,housing/rent/apartment,Thumbnail,WA
1830,1333,1.0,1,600,47.8495,-122.2825,housing/rent/apartment,Yes,WA
1831,1295,1.0,1,600,43.0724,-89.4003,housing/rent/apartment,Thumbnail,WI
1832,1260,1.0,1,600,47.4608,-122.2095,housing/rent/apartment,Yes,WA
1835,1250,1.0,1,600,40.5649,-105.0824,housing/rent/apartment,Thumbnail,CO
1837,1171,1.0,1,600,33.9386,-84.6151,housing/rent/apartment,Thumbnail,GA
1838,1170,1.0,1,600,43.2523,-70.8736,housing/rent/apartment,Yes,NH
1839,1150,1.0,1,600,45.5091,-122.6449,housing/rent/apartment,Thumbnail,OR
1840,1148,1.0,1,600,30.3054,-97.7497,housing/rent/apartment,Thumbnail,TX
1842,1125,1.0,1,600,39.736,-104.9819,housing/rent/apartment,Thumbnail,CO
1843,1125,1.0,1,600,43.0724,-89.4003,housing/rent/apartment,Thumbnail,WI
1844,1095,1.0,1,600,45.5091,-122.6449,housing/rent/apartment,Thumbnail,OR
1845,1095,1.0,1,600,45.5091,-122.6449,housing/rent/apartment,Thumbnail,OR
1846,1095,1.0,1,600,26.1571,-80.1523,housing/rent/apartment,Thumbnail,FL
1847,1095,1.0,1,600,26.1343,-80.233,housing/rent/apartment,Thumbnail,FL
1848,1075,1.0,1,600,30.3054,-97.7497,housing/rent/apartment,Thumbnail,TX
1849,1075,1.0,1,600,30.3054,-97.7497,housing/rent/apartment,Thumbnail,TX
1850,1055,1.0,1,600,32.0057,-102.1036,housing/rent/apartment,Thumbnail,TX
1851,1050,1.0,1,600,39.5816,-105.0387,housing/rent/apartment,Thumbnail,CO
1853,1040,1.0,1,600,31.8666,-102.3901,housing/rent/apartment,Thumbnail,TX
1854,1040,1.0,1,600,39.9974,-82.9829,housing/rent/apartment,Thumbnail,OH
1855,1032,1.0,1,600,30.3054,-97.7497,housing/rent/apartment,Thumbnail,TX
1856,1025,1.0,1,600,30.3054,-97.7497,housing/rent/apartment,Thumbnail,TX
1857,1009,1.0,1,600,28.5163,-81.3644,housing/rent/apartment,Thumbnail,FL
1858,1000,1.0,1,600,61.1723,-149.8414,housing/rent/apartment,Thumbnail,AK
1859,1000,1.0,1,600,26.6138,-80.0897,housing/rent/apartment,Thumbnail,FL
1860,995,1.0,1,600,30.4433,-97.6282,housing/rent/apartment,Thumbnail,TX
1861,995,1.0,1,600,30.3054,-97.7497,housing/rent/apartment,Thumbnail,TX
1862,995,1.0,2,600,42.9908,-89.5684,housing/rent/apartment,Thumbnail,WI
1864,980,1.0,2,600,40.4969,-86.9659,housing/rent/apartment,Thumbnail,IN
1866,949,1.0,2,600,30.4973,-97.8276,housing/rent/apartment,Thumbnail,TX
1867,925,1.0,1,600,40.7061,-111.9048,housing/rent/apartment,Thumbnail,UT
1868,905,1.0,1,600,30.3054,-97.7497,housing/rent/apartment,Thumbnail,TX
1869,899,1.0,1,600,30.3054,-97.7497,housing/rent/apartment,Thumbnail,TX
1870,895,1.0,1,600,30.2989,-81.6324,housing/rent/apartment,Thumbnail,FL
1871,895,1.0,1,600,29.4624,-98.5253,housing/rent/apartment,Thumbnail,TX
1872,880,1.0,2,600,38.9571,-95.2657,housing/rent/apartment,Thumbnail,KS
1873,870,1.0,1,600,32.8436,-96.7006,housing/rent/apartment,Thumbnail,TX
1874,850,1.0,1,600,32.7407,-97.3394,housing/rent/apartment,Thumbnail,TX
1875,850,1.0,1,600,39.1471,-86.5136,housing/rent/apartment,Thumbnail,IN
1876,849,1.0,1,600,29.4624,-98.5253,housing/rent/apartment,Thumbnail,TX
1877,840,1.0,1,600,41.2562,-96.0404,housing/rent/apartment,Thumbnail,NE
1879,830,1.0,1,600,29.6533,-98.4261,housing/rent/apartment,Thumbnail,TX
1880,830,1.0,1,600,38.6274,-90.304,housing/rent/apartment,Thumbnail,MO
1882,825,1.0,1,600,42.9497,-85.6417,housing/rent/apartment,Thumbnail,MI
1883,825,1.0,1,600,40.4448,-79.9725,housing/rent/apartment,Thumbnail,PA
1884,815,1.0,1,600,35.9907,-78.9074,housing/rent/apartment,Yes,NC
1885,814,1.0,1,600,36.0808,-79.4527,housing/rent/apartment,Thumbnail,NC
1886,810,1.0,1,600,44.0346,-92.468,housing/rent/apartment,Thumbnail,MN
1887,809,1.0,1,600,38.6274,-90.304,housing/rent/apartment,Thumbnail,MO
1888,800,1.0,1,600,39.0744,-94.5521,housing/rent/apartment,Thumbnail,MO
1890,789,1.0,2,600,42.2368,-83.6103,housing/rent/apartment,Thumbnail,MI
1891,780,1.0,1,600,29.1812,-81.0341,housing/rent/apartment,Thumbnail,FL
1893,765,1.0,1,600,41.5835,-93.7597,housing/rent/apartment,Thumbnail,IA
1894,755,1.0,1,600,30.2989,-81.6324,housing/rent/apartment,Thumbnail,FL
1895,750,1.0,1,600,39.1471,-86.5136,housing/rent/apartment,Thumbnail,IN
1896,750,1.0,2,600,35.4751,-97.5035,housing/rent/apartment,No,OK
1897,750,1.0,1,600,40.5007,-80.0667,housing/rent/apartment,Yes,PA
1899,740,1.0,1,600,43.7012,-85.4657,housing/rent/apartment,Thumbnail,MI
1900,740,1.0,1,600,43.7012,-85.4657,housing/rent/apartment,Thumbnail,MI
1901,735,1.0,1,600,32.9954,-96.7849,housing/rent/apartment,Thumbnail,TX
1903,725,1.0,1,600,39.1471,-86.5136,housing/rent/apartment,Thumbnail,IN
1904,725,1.0,1,600,42.9112,-78.8171,housing/rent/apartment,Thumbnail,NY
1905,720,1.0,1,600,39.397,-84.5558,housing/rent/apartment,Thumbnail,OH
1906,712,1.0,2,600,40.1171,-88.1889,housing/rent/apartment,Thumbnail,IL
1907,710,1.0,1,600,41.5844,-93.6594,housing/rent/apartment,Thumbnail,IA
1908,704,1.0,1,600,32.722,-97.083,housing/rent/apartment,Yes,TX
1909,700,1.0,1,600,42.2686,-84.945,housing/rent/apartment,Thumbnail,MI
1910,700,1.0,1,600,39.1471,-86.5136,housing/rent/apartment,Thumbnail,IN
1911,700,1.0,2,600,32.4842,-92.6682,housing/rent/apartment,Thumbnail,LA
1912,700,1.0,0,600,42.7199,-84.5731,housing/rent/apartment,Thumbnail,MI
1913,699,1.0,1,600,43.6055,-83.8209,housing/rent/apartment,Thumbnail,MI
1914,699,1.0,1,600,29.4624,-98.5253,housing/rent/apartment,Thumbnail,TX
1915,695,1.0,1,600,39.1471,-86.5136,housing/rent/apartment,Thumbnail,IN
1917,690,1.0,1,600,38.6274,-90.304,housing/rent/apartment,Thumbnail,MO
1918,675,1.0,1,600,36.2548,-115.5263,housing/rent/apartment,Thumbnail,NV
1921,639,1.0,3,600,39.7953,-86.1387,housing/rent/apartment,Thumbnail,IN
1924,605,1.0,1,600,34.7264,-92.348,housing/rent/apartment,Thumbnail,AR
1925,599,1.0,2,600,36.2548,-115.5263,housing/rent/apartment,Thumbnail,NV
1926,599,1.0,2,600,36.2548,-115.5263,housing/rent/apartment,Thumbnail,NV
1927,599,1.0,2,600,36.2548,-115.5263,housing/rent/apartment,Thumbnail,NV
1928,589,1.0,1,600,36.116,-95.9281,housing/rent/apartment,Thumbnail,OK
1930,575,1.0,1,600,39.1103,-94.702,housing/rent/apartment,Thumbnail,KS
1931,550,1.0,1,600,42.0621,-93.8855,housing/rent/apartment,Thumbnail,IA
1932,550,1.0,1,600,42.418,-83.1068,housing/rent/apartment,Thumbnail,MI
1933,539,1.0,1,600,40.1145,-88.2723,housing/rent/apartment,Thumbnail,IL
1934,509,1.0,1,600,37.7059,-85.8628,housing/rent/apartment,Thumbnail,KY
1936,500,1.0,1,600,39.7539,-84.2418,housing/rent/apartment,Yes,OH
1937,495,1.0,1,600,38.6274,-90.304,housing/rent/apartment,Thumbnail,MO
1939,450,1.0,1,600,37.8203,-96.8648,housing/rent/apartment,Thumbnail,KS
1940,1474,1.0,2,601,44.9776,-93.3594,housing/rent/apartment,Thumbnail,MN
1941,1285,1.0,1,601,30.3054,-97.7497,housing/rent/apartment,Thumbnail,TX
1943,860,1.0,1,601,32.8255,-97.1039,housing/rent/apartment,Yes,TX
1944,2835,1.0,1,602,42.328,-71.071,housing/rent/apartment,Thumbnail,MA
1945,1305,1.0,1,602,39.905,-74.9965,housing/rent/apartment,Thumbnail,NJ
1947,905,1.0,1,602,30.3054,-97.7497,housing/rent/apartment,Thumbnail,TX
1949,605,1.0,2,602,43.0531,-87.9659,housing/rent/apartment,Thumbnail,WI
1950,2250,1.0,2,603,33.8056,-118.1696,housing/rent/apartment,Thumbnail,CA
1951,2000,1.0,1,603,47.616,-122.3275,housing/rent/apartment,Thumbnail,WA
1952,1450,1.0,1,603,38.9974,-76.8818,housing/rent/apartment,Thumbnail,MD
1953,1299,1.0,1,603,38.9401,-92.3167,housing/rent/apartment,Thumbnail,MO
1954,1200,1.0,1,603,30.4415,-91.1012,housing/rent/apartment,Thumbnail,LA
1956,1130,1.0,1,603,30.3054,-97.7497,housing/rent/apartment,Thumbnail,TX
1957,1085,1.0,1,603,30.3054,-97.7497,housing/rent/apartment,Thumbnail,TX
1959,915,1.0,1,603,29.7714,-95.4343,housing/rent/apartment,Thumbnail,TX
1960,860,1.0,1,603,30.3054,-97.7497,housing/rent/apartment,Thumbnail,TX
1961,750,1.0,1,603,42.5286,-92.4509,housing/rent/apartment,Thumbnail,IA
1962,2000,1.0,1,604,47.616,-122.3275,housing/rent/apartment,Thumbnail,WA
1965,1005,1.0,3,604,46.8608,-96.8096,housing/rent/apartment,Thumbnail,ND
1967,890,1.0,1,604,30.3054,-97.7497,housing/rent/apartment,Thumbnail,TX
1968,1449,1.0,1,605,45.5091,-122.6449,housing/rent/apartment,Thumbnail,OR
1969,1395,1.5,1,605,45.5091,-122.6449,housing/rent/apartment,Thumbnail,OR
1970,1094,1.0,1,605,38.8562,-104.772,housing/rent/apartment,Thumbnail,CO
1971,1050,1.0,1,605,36.3741,-94.2105,housing/rent/apartment,Thumbnail,AR
1972,965,1.0,1,605,43.0367,-86.1865,housing/rent/apartment,Thumbnail,MI
1973,675,1.0,1,605,38.8842,-94.5213,housing/rent/apartment,Thumbnail,MO
1974,557,1.0,4,605,37.1892,-93.2908,housing/rent/apartment,Thumbnail,MO
1975,1730,1.0,1,606,32.8212,-96.7853,housing/rent/apartment,Thumbnail,TX
1976,1530,1.0,3,606,38.8738,-77.1055,housing/rent/apartment,Thumbnail,VA
1977,1530,1.0,0,606,38.8571,-77.0609,housing/rent/apartment,Thumbnail,VA
1978,1295,1.0,1,606,45.5091,-122.6449,housing/rent/apartment,Thumbnail,OR
1980,1300,1.0,1,607,37.53,-77.477,housing/rent/apartment,Thumbnail,VA
1981,1149,1.0,1,607,29.4624,-98.5253,housing/rent/apartment,Thumbnail,TX
1984,1176,1.0,1,608,30.3054,-97.7497,housing/rent/apartment,Thumbnail,TX
1985,975,1.0,1,608,30.3054,-97.7497,housing/rent/apartment,Thumbnail,TX
1986,877,1.0,1,608,30.4433,-97.6282,housing/rent/apartment,Thumbnail,TX
1987,800,1.0,1,608,43.0531,-87.9659,housing/rent/apartment,Thumbnail,WI
1988,775,1.0,1,608,43.0531,-87.9659,housing/rent/apartment,Thumbnail,WI
1989,575,1.0,1,608,35.471,-97.5299,housing/rent/apartment,Thumbnail,OK
1990,4195,1.0,1,609,37.7599,-122.4379,housing/rent/apartment,Thumbnail,CA
1991,1860,1.0,1,609,47.6124,-122.1427,housing/rent/apartment,No,WA
1992,1500,1.0,1,609,35.9907,-78.9074,housing/rent/apartment,Thumbnail,NC
1993,1355,1.0,1,609,29.7714,-95.4343,housing/rent/apartment,Thumbnail,TX
1994,1135,1.0,2,609,45.2924,-93.4325,housing/rent/apartment,Thumbnail,MN
1995,1045,1.0,2,609,43.0724,-89.4003,housing/rent/apartment,Thumbnail,WI
1996,970,1.0,1,609,40.8382,-111.9184,housing/rent/apartment,Thumbnail,UT
1997,2000,1.0,1,610,37.5444,-121.982,housing/rent/apartment,Thumbnail,CA
1998,1870,1.0,1,610,37.6812,-121.7519,housing/rent/apartment,Thumbnail,CA
1999,1808,1.0,2,610,33.7696,-118.1926,housing/rent/apartment,Thumbnail,CA
2000,1745,1.0,1,610,34.0524,-117.9132,housing/rent/apartment,Thumbnail,CA
2001,1150,1.0,1,610,30.3054,-97.7497,housing/rent/apartment,Thumbnail,TX
2002,1000,1.0,1,610,26.6045,-80.1102,housing/rent/apartment,Thumbnail,FL
2004,966,1.0,1,610,35.9003,-78.7061,housing/rent/apartment,Yes,NC
2006,805,1.0,1,610,38.8565,-104.7149,housing/rent/apartment,No,CO
2007,745,1.0,1,610,32.8524,-97.0886,housing/rent/apartment,Yes,TX
2008,685,1.0,1,610,40.3613,-86.9005,housing/rent/apartment,Thumbnail,IN
2010,650,1.0,1,610,36.0909,-79.9272,housing/rent/apartment,Thumbnail,NC
2011,550,1.0,1,610,40.3613,-86.9005,housing/rent/apartment,Thumbnail,IN
2012,2700,1.0,1,611,42.3362,-71.1037,housing/rent/apartment,Thumbnail,MA
2015,1089,1.0,2,611,33.8007,-84.4083,housing/rent/apartment,Thumbnail,GA
2016,1049,1.0,1,611,30.3054,-97.7497,housing/rent/apartment,Thumbnail,TX
2017,880,1.0,3,611,47.9179,-97.0658,housing/rent/apartment,Thumbnail,ND
2018,878,1.0,1,611,29.4624,-98.5253,housing/rent/apartment,Thumbnail,TX
2020,790,1.0,1,611,61.1723,-149.8414,housing/rent/apartment,Thumbnail,AK
2021,551,1.0,1,611,40.4448,-79.9725,housing/rent/apartment,Thumbnail,PA
2022,1735,1.0,2,612,30.3054,-97.7497,housing/rent/apartment,Thumbnail,TX
2024,1686,1.0,1,612,30.3054,-97.7497,housing/rent/apartment,Thumbnail,TX
2025,1369,1.0,1,612,42.829,-71.658,housing/rent/apartment,Thumbnail,NH
2027,1097,1.0,1,612,29.4624,-98.5253,housing/rent/apartment,Thumbnail,TX
2028,1070,1.0,2,612,43.0724,-89.4003,housing/rent/apartment,Thumbnail,WI
2029,1039,1.0,1,612,29.4624,-98.5253,housing/rent/apartment,Thumbnail,TX
2031,649,1.0,1,612,29.7714,-95.4343,housing/rent/apartment,Thumbnail,TX
2032,520,1.0,1,612,33.4632,-94.0736,housing/rent/apartment,Thumbnail,TX
2033,3395,1.0,1,613,37.7599,-122.4379,housing/rent/apartment,Thumbnail,CA
2034,2187,1.0,1,613,34.1375,-118.1656,housing/rent/apartment,Thumbnail,CA
2036,2096,1.0,2,613,34.1594,-118.2498,housing/rent/apartment,Thumbnail,CA
2038,1700,1.0,1,613,33.8323,-117.9079,housing/rent/apartment,Thumbnail,CA
2039,1499,1.0,1,613,28.0076,-82.4792,housing/rent/apartment,Thumbnail,FL
2041,1200,1.0,2,613,29.7714,-95.4343,housing/rent/apartment,Thumbnail,TX
2042,965,1.0,1,613,29.4624,-98.5253,housing/rent/apartment,Thumbnail,TX
2043,895,1.0,1,613,42.5784,-83.032,housing/rent/apartment,Thumbnail,MI
2044,853,1.0,1,613,29.5605,-98.496,housing/rent/apartment,Thumbnail,TX
2045,853,1.0,1,613,42.663,-83.0352,housing/rent/apartment,Thumbnail,MI
2047,2287,1.0,1,614,40.722,-74.0644,housing/rent/apartment,No,NJ
2048,1965,1.0,1,614,33.7834,-118.1506,housing/rent/apartment,Yes,CA
2049,1940,1.0,1,614,33.7834,-118.1506,housing/rent/apartment,Thumbnail,CA
2050,1815,1.0,1,614,41.8625,-87.6825,housing/rent/apartment,Thumbnail,IL
2051,1295,1.0,1,614,40.7061,-111.9048,housing/rent/apartment,Thumbnail,UT
2052,1065,1.0,1,614,29.7714,-95.4343,housing/rent/apartment,Thumbnail,TX
2053,899,1.0,4,614,40.1145,-88.2723,housing/rent/apartment,Thumbnail,IL
2054,590,1.0,1,614,29.7714,-95.4343,housing/rent/apartment,Thumbnail,TX
2057,1295,1.0,1,615,45.5091,-122.6449,housing/rent/apartment,Thumbnail,OR
2059,990,1.0,1,615,35.2505,-97.4596,housing/rent/apartment,Yes,OK
2060,975,1.0,1,615,29.4624,-98.5253,housing/rent/apartment,Thumbnail,TX
2061,950,1.0,1,615,39.1471,-86.5136,housing/rent/apartment,Thumbnail,IN
2062,695,1.0,1,615,39.0744,-94.5521,housing/rent/apartment,Thumbnail,MO
2063,595,1.0,1,615,35.8199,-90.7016,housing/rent/apartment,Thumbnail,AR
2064,575,1.0,1,615,39.1103,-94.702,housing/rent/apartment,Thumbnail,KS
2065,535,1.0,1,615,26.19,-97.7023,housing/rent/apartment,Thumbnail,TX
2066,1451,1.0,1,616,30.3054,-97.7497,housing/rent/apartment,Thumbnail,TX
2067,1235,1.0,1,616,39.065,-76.9815,housing/rent/apartment,Yes,MD
2069,1219,1.0,3,616,38.9633,-76.9375,housing/rent/apartment,Thumbnail,MD
2070,1110,1.0,1,616,32.9158,-96.8961,housing/rent/apartment,Thumbnail,TX
2071,1025,1.0,1,616,43.2128,-89.3435,housing/rent/apartment,Thumbnail,WI
2072,778,1.0,1,616,39.0744,-94.5521,housing/rent/apartment,Thumbnail,MO
2074,1365,1.0,1,617,33.5178,-112.0848,housing/rent/apartment,Thumbnail,AZ
2075,1239,1.0,1,617,42.9833,-71.4574,housing/rent/apartment,Thumbnail,NH
2077,1325,1.0,1,618,42.2676,-71.8079,housing/rent/apartment,Thumbnail,MA
2078,1109,1.0,1,618,29.7714,-95.4343,housing/rent/apartment,Thumbnail,TX
2079,970,1.0,1,618,32.6924,-97.1324,housing/rent/apartment,Yes,TX
2080,830,1.0,1,618,32.8212,-96.7853,housing/rent/apartment,Thumbnail,TX
2081,635,1.0,1,618,36.1106,-79.7406,housing/rent/apartment,Thumbnail,NC
2082,595,1.0,1,618,32.2264,-110.9438,housing/rent/apartment,Thumbnail,AZ
2083,1680,1.0,3,619,25.7236,-80.269,housing/rent/apartment,Thumbnail,FL
2085,1040,1.0,4,619,39.1679,-84.4933,housing/rent/apartment,Thumbnail,OH
2086,1000,1.0,1,619,41.6595,-91.535,housing/rent/apartment,Thumbnail,IA
2087,820,1.0,1,619,42.5281,-96.5033,housing/rent/apartment,Thumbnail,SD
2090,1995,1.0,1,620,40.7236,-74.3006,housing/rent/apartment,Yes,NJ
2091,1850,1.0,1,620,34.0372,-118.2972,housing/rent/apartment,Thumbnail,CA
2092,1650,1.0,1,620,47.616,-122.3275,housing/rent/apartment,Thumbnail,WA
2093,1595,1.0,1,620,40.0054,-75.1415,housing/rent/apartment,Thumbnail,PA
2094,1495,1.0,1,620,33.9069,-118.0806,housing/rent/apartment,Yes,CA
2096,1289,1.0,1,620,42.6398,-71.3184,housing/rent/apartment,Thumbnail,MA
2097,1275,1.0,1,620,44.9405,-93.1027,housing/rent/apartment,Thumbnail,MN
2098,1269,1.0,1,620,30.3054,-97.7497,housing/rent/apartment,Thumbnail,TX
2100,1212,1.0,1,620,35.1825,-111.6031,housing/rent/apartment,Thumbnail,AZ
2101,1195,1.0,1,620,30.3054,-97.7497,housing/rent/apartment,Thumbnail,TX
2102,1105,1.0,1,620,42.9338,-70.8233,housing/rent/apartment,No,NH
2103,1085,1.0,1,620,39.1679,-84.4933,housing/rent/apartment,Thumbnail,OH
2104,1055,1.0,1,620,39.1471,-86.5136,housing/rent/apartment,Thumbnail,IN
2105,925,1.0,1,620,39.0744,-94.5521,housing/rent/apartment,Thumbnail,MO
2106,925,1.0,1,620,30.5118,-97.6873,housing/rent/apartment,Thumbnail,TX
2107,915,1.0,1,620,29.8831,-97.945,housing/rent/apartment,Thumbnail,TX
2113,859,1.0,1,620,30.5118,-97.6873,housing/rent/apartment,Thumbnail,TX
2114,851,1.0,1,620,37.6108,-77.44,housing/rent/apartment,Thumbnail,VA
2117,799,1.0,1,620,29.7961,-94.9758,housing/rent/apartment,Thumbnail,TX
2118,780,1.0,1,620,34.2057,-77.8894,housing/rent/apartment,Thumbnail,NC
2119,767,1.0,2,620,33.5178,-112.0848,housing/rent/apartment,Thumbnail,AZ
2121,600,1.0,1,620,39.0805,-94.3997,housing/rent/apartment,Thumbnail,MO
2122,2150,1.0,1,621,38.9118,-77.0132,housing/rent/apartment,Thumbnail,DC
2124,1050,1.0,3,621,30.3054,-97.7497,housing/rent/apartment,Thumbnail,TX
2126,900,1.0,1,621,36.116,-95.9281,housing/rent/apartment,Thumbnail,OK
2127,825,1.0,1,621,42.7509,-73.6189,housing/rent/apartment,Thumbnail,NY
2131,2000,1.0,1,622,42.2919,-71.4269,housing/rent/apartment,Thumbnail,MA
2132,1460,1.0,1,622,39.0747,-76.7017,housing/rent/apartment,No,MD
2135,1148,1.0,1,622,38.942,-76.9632,housing/rent/apartment,Thumbnail,MD
2136,1115,1.0,1,622,28.0076,-82.4792,housing/rent/apartment,Thumbnail,FL
2137,884,1.0,1,622,29.4624,-98.5253,housing/rent/apartment,Thumbnail,TX
2138,802,1.0,1,622,29.4624,-98.5253,housing/rent/apartment,Thumbnail,TX
2140,739,1.0,1,622,35.1038,-106.611,housing/rent/apartment,Thumbnail,NM
2141,680,1.0,1,622,41.6675,-83.5837,housing/rent/apartment,Thumbnail,OH
2142,1970,1.0,1,623,30.3054,-97.7497,housing/rent/apartment,Thumbnail,TX
2143,1335,1.0,1,623,32.8212,-96.7853,housing/rent/apartment,Thumbnail,TX
2144,1294,1.0,1,623,29.6533,-82.3656,housing/rent/apartment,Thumbnail,FL
2145,1275,1.0,1,623,45.5091,-122.6449,housing/rent/apartment,Thumbnail,OR
2147,1235,1.0,1,623,38.8562,-104.772,housing/rent/apartment,Thumbnail,CO
2149,1139,1.0,3,623,39.0459,-104.8179,housing/rent/apartment,Yes,CO
2152,605,1.0,1,623,40.4448,-79.9725,housing/rent/apartment,Thumbnail,PA
2154,1360,1.0,1,624,45.6558,-122.5888,housing/rent/apartment,Thumbnail,WA
2155,1240,1.0,1,624,39.7436,-105.063,housing/rent/apartment,Thumbnail,CO
2156,1239,1.0,1,624,35.2016,-80.8124,housing/rent/apartment,Thumbnail,NC
2157,1099,1.0,1,624,30.3054,-97.7497,housing/rent/apartment,Thumbnail,TX
2159,1035,1.0,1,624,30.3054,-97.7497,housing/rent/apartment,Thumbnail,TX
2160,1029,1.0,1,624,42.2711,-83.745,housing/rent/apartment,Thumbnail,MI
2161,1009,1.0,1,624,42.2711,-83.745,housing/rent/apartment,Thumbnail,MI
2162,975,1.0,1,624,35.1038,-106.611,housing/rent/apartment,Thumbnail,NM
2163,975,1.0,1,624,37.6249,-77.4948,housing/rent/apartment,Thumbnail,VA
2164,675,1.0,1,624,42.2837,-85.5793,housing/rent/apartment,Thumbnail,MI
2167,1933,1.0,1,625,33.7848,-84.3922,housing/rent/apartment,Thumbnail,GA
2170,1495,1.0,1,625,47.3949,-122.0287,housing/rent/apartment,Yes,WA
2171,1450,1.0,1,625,32.7876,-117.1265,housing/rent/apartment,Thumbnail,CA
2172,1445,1.0,1,625,47.3949,-122.0287,housing/rent/apartment,Yes,WA
2173,1430,1.0,1,625,25.7603,-80.3005,housing/rent/apartment,Thumbnail,FL
2174,1403,1.0,1,625,30.3054,-97.7497,housing/rent/apartment,Thumbnail,TX
2175,1375,1.0,1,625,41.8625,-87.6825,housing/rent/apartment,Thumbnail,IL
2177,1185,1.0,1,625,47.5968,-122.7026,housing/rent/apartment,Thumbnail,WA
2178,1179,1.0,1,625,26.0066,-80.2959,housing/rent/apartment,Thumbnail,FL
2180,1120,1.0,1,625,30.1763,-97.7784,housing/rent/apartment,Thumbnail,TX
2181,1100,1.0,2,625,26.2142,-80.2217,housing/rent/apartment,Thumbnail,FL
2182,1099,1.0,1,625,37.9824,-121.2995,housing/rent/apartment,Thumbnail,CA
2183,1075,1.0,1,625,45.5221,-123.1071,housing/rent/apartment,Thumbnail,OR
2185,1039,1.0,1,625,30.3054,-97.7497,housing/rent/apartment,Thumbnail,TX
2186,1024,1.0,1,625,30.3054,-97.7497,housing/rent/apartment,Thumbnail,TX
2187,1009,1.0,1,625,30.0066,-97.8071,housing/rent/apartment,Thumbnail,TX
2188,1000,1.0,1,625,33.3898,-111.9272,housing/rent/apartment,Thumbnail,AZ
2189,999,1.0,1,625,29.4624,-98.5253,housing/rent/apartment,Thumbnail,TX
2191,955,1.0,1,625,30.3054,-97.7497,housing/rent/apartment,Thumbnail,TX
2193,949,1.0,1,625,30.4601,-84.2714,housing/rent/apartment,Thumbnail,FL
2194,795,1.0,1,625,41.2562,-96.0404,housing/rent/apartment,Thumbnail,NE
2195,710,1.0,1,625,39.1471,-86.5136,housing/rent/apartment,Thumbnail,IN
2196,709,1.0,1,625,39.1679,-84.4933,housing/rent/apartment,Thumbnail,OH
2197,690,1.0,1,625,29.7714,-95.4343,housing/rent/apartment,Thumbnail,TX
2198,630,1.0,1,625,38.0604,-84.4531,housing/rent/apartment,Thumbnail,KY
2199,425,1.0,1,625,39.0744,-94.5521,housing/rent/apartment,Thumbnail,MO
2201,1334,1.0,1,626,26.7173,-80.1164,housing/rent/apartment,Thumbnail,FL
2202,1145,1.0,1,626,30.3054,-97.7497,housing/rent/apartment,Thumbnail,TX
2203,930,1.0,1,626,29.8831,-97.945,housing/rent/apartment,Thumbnail,TX
2204,1375,1.0,1,627,45.5091,-122.6449,housing/rent/apartment,Thumbnail,OR
2205,1245,1.0,2,627,33.7848,-84.3922,housing/rent/apartment,Thumbnail,GA
2206,1050,1.0,1,627,41.5672,-90.462,housing/rent/apartment,Thumbnail,IA
2207,1001,1.0,1,627,30.3054,-97.7497,housing/rent/apartment,Thumbnail,TX
2208,941,1.0,1,627,39.3191,-76.6126,housing/rent/apartment,Thumbnail,MD
2209,916,1.0,1,627,30.3054,-97.7497,housing/rent/apartment,Thumbnail,TX
2210,799,1.0,1,627,29.7714,-95.4343,housing/rent/apartment,Thumbnail,TX
2212,1790,1.0,1,628,29.7714,-95.4343,housing/rent/apartment,Thumbnail,TX
2213,1568,1.0,0,628,38.8571,-77.0609,housing/rent/apartment,Thumbnail,VA
2217,1031,1.0,1,628,30.0066,-97.8071,housing/rent/apartment,Thumbnail,TX
2218,1000,1.0,1,628,42.9408,-88.0498,housing/rent/apartment,Thumbnail,WI
2219,979,1.0,2,628,37.5802,-77.5191,housing/rent/apartment,Thumbnail,VA
2220,925,1.0,1,628,29.565,-98.3361,housing/rent/apartment,Thumbnail,TX
2221,835,1.0,1,628,32.2264,-110.9438,housing/rent/apartment,Thumbnail,AZ
2223,2695,1.0,1,629,42.331,-71.0434,housing/rent/apartment,Thumbnail,MA
2224,1595,1.0,1,629,30.3054,-97.7497,housing/rent/apartment,Thumbnail,TX
2225,1490,1.0,2,629,33.945,-117.4074,housing/rent/apartment,Thumbnail,CA
2227,1145,1.0,1,629,30.3054,-97.7497,housing/rent/apartment,Thumbnail,TX
2230,815,1.0,1,629,39.0146,-94.2843,housing/rent/apartment,Thumbnail,MO
2231,780,1.0,1,629,32.878,-96.7511,housing/rent/apartment,Thumbnail,TX
2235,1550,1.0,1,630,42.1733,-71.0495,housing/rent/apartment,Thumbnail,MA
2236,1510,1.0,1,630,33.2181,-117.3166,housing/rent/apartment,Thumbnail,CA
2238,1308,1.0,1,630,38.6274,-90.304,housing/rent/apartment,Thumbnail,MO
2239,1299,1.0,1,630,29.7714,-95.4343,housing/rent/apartment,Thumbnail,TX
2241,1213,1.0,1,630,41.8625,-87.6825,housing/rent/apartment,Thumbnail,IL
2242,1200,1.0,1,630,29.7714,-95.4343,housing/rent/apartment,Thumbnail,TX
2243,1180,1.0,1,630,39.6767,-104.8854,housing/rent/apartment,Thumbnail,CO
2244,1160,1.0,1,630,39.6767,-104.8854,housing/rent/apartment,Thumbnail,CO
2245,1135,1.0,1,630,39.6767,-104.8854,housing/rent/apartment,Thumbnail,CO
2247,1100,1.0,1,630,30.3054,-97.7497,housing/rent/apartment,Thumbnail,TX
2248,1065,1.0,1,630,38.9577,-104.7566,housing/rent/apartment,Yes,CO
2249,1045,1.0,1,630,41.5506,-72.0272,housing/rent/apartment,Yes,CT
2251,1000,1.0,1,630,42.5286,-92.4509,housing/rent/apartment,Thumbnail,IA
2254,933,1.0,1,630,32.9661,-96.7988,housing/rent/apartment,Thumbnail,TX
2256,875,1.0,1,630,40.7061,-111.9048,housing/rent/apartment,Thumbnail,UT
2257,860,1.0,1,630,40.4448,-79.9725,housing/rent/apartment,Thumbnail,PA
2258,860,1.0,1,630,61.1723,-149.8414,housing/rent/apartment,Thumbnail,AK
2259,829,1.0,1,630,32.7025,-97.1196,housing/rent/apartment,Thumbnail,TX
2260,825,1.0,1,630,30.3054,-97.7497,housing/rent/apartment,Thumbnail,TX
2262,799,1.0,1,630,30.4601,-84.2714,housing/rent/apartment,Thumbnail,FL
2263,785,1.0,2,630,40.4353,-80.0747,housing/rent/apartment,Yes,PA
2264,715,1.0,2,630,41.321,-81.6752,housing/rent/apartment,Thumbnail,OH
2266,650,1.0,2,630,41.321,-81.6752,housing/rent/apartment,Thumbnail,OH
2267,650,1.0,1,630,36.1106,-79.7406,housing/rent/apartment,Thumbnail,NC
2268,625,1.0,1,630,40.8423,-79.8899,housing/rent/apartment,Thumbnail,PA
2269,593,1.0,1,630,41.39,-81.527,housing/rent/apartment,Thumbnail,OH
2270,2460,1.0,1,631,34.1659,-118.1629,housing/rent/apartment,Thumbnail,CA
2272,2325,1.0,1,631,34.1659,-118.1629,housing/rent/apartment,Thumbnail,CA
2275,1085,1.0,1,631,47.2154,-122.4608,housing/rent/apartment,Thumbnail,WA
2277,4295,1.0,2,632,37.7599,-122.4379,housing/rent/apartment,Thumbnail,CA
2278,2175,1.0,1,632,38.9348,-77.059,housing/rent/apartment,Thumbnail,DC
2279,1795,1.0,1,632,42.0454,-87.6964,housing/rent/apartment,Thumbnail,IL
2280,1575,1.0,2,632,45.5091,-122.6449,housing/rent/apartment,Thumbnail,OR
2281,1553,1.0,2,632,30.3054,-97.7497,housing/rent/apartment,Thumbnail,TX
2282,1425,1.0,1,632,40.5545,-74.4602,housing/rent/apartment,Thumbnail,NJ
2283,1270,1.0,1,632,30.3054,-97.7497,housing/rent/apartment,Thumbnail,TX
2284,995,1.0,1,632,37.53,-77.477,housing/rent/apartment,Thumbnail,VA
2285,3995,1.0,2,633,37.7599,-122.4379,housing/rent/apartment,Thumbnail,CA
2286,1380,1.0,1,633,32.8212,-96.7853,housing/rent/apartment,Thumbnail,TX
2290,2715,1.0,2,634,34.0372,-118.2972,housing/rent/apartment,Thumbnail,CA
2291,1796,1.0,1,634,36.137,-86.783,housing/rent/apartment,Thumbnail,TN
2293,1475,1.0,1,634,41.8625,-87.6825,housing/rent/apartment,Thumbnail,IL
2294,1115,1.0,1,634,29.4624,-98.5253,housing/rent/apartment,Thumbnail,TX
2295,1110,1.0,2,634,40.1145,-88.2723,housing/rent/apartment,Thumbnail,IL
2296,1100,1.0,1,634,30.3054,-97.7497,housing/rent/apartment,Thumbnail,TX
2297,915,1.0,1,634,29.4624,-98.5253,housing/rent/apartment,Thumbnail,TX
2298,749,1.0,1,634,29.7714,-95.4343,housing/rent/apartment,Thumbnail,TX
2299,490,1.0,1,634,39.0744,-94.5521,housing/rent/apartment,Thumbnail,MO
2300,400,1.0,1,634,32.4645,-93.7879,housing/rent/apartment,Thumbnail,LA
2301,4700,1.0,2,635,37.7599,-122.4379,housing/rent/apartment,Thumbnail,CA
2306,1019,1.0,1,635,29.7714,-95.4343,housing/rent/apartment,Thumbnail,TX
2307,960,1.0,3,635,46.8608,-96.8096,housing/rent/apartment,Thumbnail,ND
2308,919,1.0,1,635,29.7714,-95.4343,housing/rent/apartment,Thumbnail,TX
2309,879,1.0,1,635,35.2016,-80.8124,housing/rent/apartment,Thumbnail,NC
2310,835,1.0,1,635,44.9855,-93.3023,housing/rent/apartment,Thumbnail,MN
2312,800,1.0,1,635,34.2057,-77.8894,housing/rent/apartment,Thumbnail,NC
2313,1499,1.0,1,636,47.616,-122.3275,housing/rent/apartment,Thumbnail,WA
2314,1450,1.0,1,636,39.736,-104.9819,housing/rent/apartment,Thumbnail,CO
2315,1299,1.0,1,636,32.8212,-96.7853,housing/rent/apartment,Thumbnail,TX
2316,885,1.0,1,636,29.8831,-97.945,housing/rent/apartment,Thumbnail,TX
2318,1863,1.0,1,637,30.3054,-97.7497,housing/rent/apartment,Thumbnail,TX
2319,1490,1.0,1,637,47.5988,-122.1507,housing/rent/apartment,Thumbnail,WA
2321,1407,1.0,1,637,36.0249,-78.4646,housing/rent/apartment,Yes,NC
2322,775,1.0,1,637,38.9259,-94.6916,housing/rent/apartment,Thumbnail,KS
2323,625,1.0,1,637,40.3613,-86.9005,housing/rent/apartment,Thumbnail,IN
2324,1463,1.0,1,638,38.6487,-77.3152,housing/rent/apartment,Thumbnail,VA
2325,1130,1.0,1,638,32.0057,-102.1036,housing/rent/apartment,Thumbnail,TX
2326,1111,1.0,1,638,28.1406,-82.6046,housing/rent/apartment,Thumbnail,FL
2327,1040,1.0,1,638,30.3054,-97.7497,housing/rent/apartment,Thumbnail,TX
2328,920,1.0,1,638,32.8212,-96.7853,housing/rent/apartment,Thumbnail,TX
2330,700,1.0,1,638,29.7714,-95.4343,housing/rent/apartment,Thumbnail,TX
2331,1545,1.0,1,639,33.8618,-117.5596,housing/rent/apartment,Thumbnail,CA
2332,1140,1.0,1,639,41.8625,-87.6825,housing/rent/apartment,Thumbnail,IL
2333,1075,1.0,1,639,30.6505,-97.6809,housing/rent/apartment,Thumbnail,TX
2334,795,1.0,1,639,44.9545,-123.0072,housing/rent/apartment,Thumbnail,OR
2335,773,1.0,1,639,35.471,-97.5299,housing/rent/apartment,Thumbnail,OK
2337,1810,1.0,1,640,34.152,-118.0876,housing/rent/apartment,Yes,CA
2339,1672,1.0,1,640,39.736,-104.9819,housing/rent/apartment,Thumbnail,CO
2340,1455,1.0,1,640,30.3054,-97.7497,housing/rent/apartment,Thumbnail,TX
2342,1312,1.0,1,640,42.9497,-85.6417,housing/rent/apartment,Thumbnail,MI
2343,1310,1.0,1,640,36.137,-86.783,housing/rent/apartment,Thumbnail,TN
2344,1295,1.0,1,640,44.9235,-93.4704,housing/rent/apartment,Thumbnail,MN
2346,1250,1.0,1,640,47.8495,-122.2825,housing/rent/apartment,Thumbnail,WA
2347,1200,1.0,1,640,30.3054,-97.7497,housing/rent/apartment,Thumbnail,TX
2348,1075,1.0,1,640,40.4448,-79.9725,housing/rent/apartment,Thumbnail,PA
2350,1035,1.0,1,640,39.9539,-74.9955,housing/rent/apartment,Yes,NJ
2351,1015,1.0,1,640,30.4433,-97.6282,housing/rent/apartment,Thumbnail,TX
2352,930,1.0,1,640,30.3054,-97.7497,housing/rent/apartment,Thumbnail,TX
2353,920,1.0,2,640,40.4969,-86.9659,housing/rent/apartment,Thumbnail,IN
2354,915,1.0,1,640,29.6749,-95.4547,housing/rent/apartment,Thumbnail,TX
2355,909,1.0,1,640,30.3054,-97.7497,housing/rent/apartment,Thumbnail,TX
2356,885,1.0,3,640,32.9314,-97.0956,housing/rent/apartment,Thumbnail,TX
2357,872,1.0,1,640,30.3054,-97.7497,housing/rent/apartment,Thumbnail,TX
2358,860,1.0,1,640,32.9012,-96.7916,housing/rent/apartment,Thumbnail,TX
2360,807,1.0,1,640,29.7714,-95.4343,housing/rent/apartment,Thumbnail,TX
2362,735,1.0,1,640,42.5286,-92.4509,housing/rent/apartment,Thumbnail,IA
2364,705,1.0,1,640,43.5329,-96.7265,housing/rent/apartment,Thumbnail,SD
2365,685,1.0,1,640,47.9179,-97.0658,housing/rent/apartment,Thumbnail,ND
2366,590,1.0,1,640,39.953,-83.7803,housing/rent/apartment,Yes,OH
2367,558,1.0,1,640,39.0744,-94.5521,housing/rent/apartment,Thumbnail,MO
2368,525,1.0,1,640,43.4614,-88.8407,housing/rent/apartment,Thumbnail,WI
2369,989,1.0,1,641,35.2016,-80.8124,housing/rent/apartment,Thumbnail,NC
2370,965,1.0,1,641,39.4349,-76.6549,housing/rent/apartment,Yes,MD
2371,720,1.0,1,641,42.0259,-93.6516,housing/rent/apartment,Thumbnail,IA
2372,1922,1.0,1,642,38.9118,-77.0132,housing/rent/apartment,Thumbnail,DC
2373,1595,1.0,1,642,34.431,-118.5222,housing/rent/apartment,Thumbnail,CA
2375,1310,1.0,1,642,31.8666,-102.3901,housing/rent/apartment,Thumbnail,TX
2377,1195,1.0,1,642,30.3054,-97.7497,housing/rent/apartment,Thumbnail,TX
2379,1115,1.0,1,642,30.3054,-97.7497,housing/rent/apartment,Thumbnail,TX
2380,985,1.0,1,642,30.3054,-97.7497,housing/rent/apartment,Thumbnail,TX
2381,811,1.0,1,642,29.4624,-98.5253,housing/rent/apartment,Thumbnail,TX
2382,3450,1.0,3,643,33.9855,-118.4532,housing/rent/apartment,Thumbnail,CA
2383,1455,1.0,1,643,44.9484,-93.1976,housing/rent/apartment,Thumbnail,MN
2384,1395,1.0,1,643,33.8056,-118.1696,housing/rent/apartment,Thumbnail,CA
2385,1261,1.0,1,643,29.7714,-95.4343,housing/rent/apartment,Thumbnail,TX
2386,1114,1.0,1,643,33.9649,-84.5107,housing/rent/apartment,Thumbnail,GA
2387,965,1.0,1,643,29.8966,-95.6028,housing/rent/apartment,Thumbnail,TX
2388,899,1.0,1,643,36.1554,-115.1733,housing/rent/apartment,Thumbnail,NV
2391,560,1.0,1,643,37.1892,-93.2908,housing/rent/apartment,Thumbnail,MO
2392,1681,1.0,1,644,47.8441,-122.1991,housing/rent/apartment,No,WA
2394,1650,1.0,1,644,42.1246,-71.1089,housing/rent/apartment,Thumbnail,MA
2395,1369,1.0,1,644,47.4608,-122.2095,housing/rent/apartment,Thumbnail,WA
2396,1364,1.0,1,644,47.4608,-122.2095,housing/rent/apartment,Thumbnail,WA
2397,1360,1.0,1,644,47.7921,-122.3045,housing/rent/apartment,Yes,WA
2398,1320,1.0,1,644,38.6487,-77.3152,housing/rent/apartment,Thumbnail,VA
2399,1289,1.0,1,644,47.4608,-122.2095,housing/rent/apartment,Thumbnail,WA
2400,1095,1.0,1,644,30.3054,-97.7497,housing/rent/apartment,Thumbnail,TX
2401,1059,1.0,1,644,30.6505,-97.6809,housing/rent/apartment,Thumbnail,TX
2402,1000,1.0,1,644,30.3054,-97.7497,housing/rent/apartment,Thumbnail,TX
2403,910,1.0,1,644,32.8212,-96.7853,housing/rent/apartment,Thumbnail,TX
2404,350,1.0,2,644,32.4846,-84.9356,housing/rent/apartment,Thumbnail,GA
2405,1986,1.0,1,645,38.8738,-77.1055,housing/rent/apartment,Thumbnail,VA
2409,885,1.0,1,645,39.7953,-86.1387,housing/rent/apartment,Thumbnail,IN
2410,880,1.0,1,645,39.0269,-94.6516,housing/rent/apartment,Thumbnail,KS
2411,675,1.0,2,645,48.2469,-101.3017,housing/rent/apartment,Thumbnail,ND
2412,625,1.0,1,645,36.0723,-79.8196,housing/rent/apartment,Thumbnail,NC
2414,560,1.0,1,645,42.5326,-90.6985,housing/rent/apartment,Thumbnail,IA
2415,1897,1.0,1,646,30.3054,-97.7497,housing/rent/apartment,Thumbnail,TX
2416,1445,1.0,0,646,45.5091,-122.6449,housing/rent/apartment,Thumbnail,OR
2417,1020,1.0,1,646,29.553,-98.3049,housing/rent/apartment,Thumbnail,TX
2419,710,1.0,1,646,29.4624,-98.5253,housing/rent/apartment,Thumbnail,TX
2420,3995,1.0,1,647,37.7599,-122.4379,housing/rent/apartment,Thumbnail,CA
2422,1425,1.0,1,647,40.3346,-74.5794,housing/rent/apartment,Yes,NJ
2423,1425,1.0,1,647,40.3346,-74.5794,housing/rent/apartment,Yes,NJ
2425,1080,1.0,1,647,30.3054,-97.7497,housing/rent/apartment,Thumbnail,TX
2426,905,1.0,1,647,35.5795,-80.8153,housing/rent/apartment,Thumbnail,NC
2427,890,1.0,1,647,39.8679,-75.0911,housing/rent/apartment,Yes,NJ
2428,870,1.0,1,647,39.8679,-75.0911,housing/rent/apartment,Yes,NJ
2429,850,1.0,1,647,38.8562,-104.772,housing/rent/apartment,Thumbnail,CO
2430,825,1.0,1,647,42.0259,-93.6516,housing/rent/apartment,Thumbnail,IA
2431,736,1.0,1,647,33.7866,-84.1802,housing/rent/apartment,Thumbnail,GA
2432,3795,1.0,1,648,37.7599,-122.4379,housing/rent/apartment,Thumbnail,CA
2433,2800,1.0,2,648,37.3695,-122.0241,housing/rent/apartment,Thumbnail,CA
2434,1465,1.0,1,648,33.7848,-84.3922,housing/rent/apartment,Thumbnail,GA
2435,1411,1.5,2,648,38.2722,-76.4664,housing/rent/apartment,Thumbnail,MD
2436,1355,1.0,1,648,40.3034,-74.0707,housing/rent/apartment,Thumbnail,NJ
2438,1239,1.0,1,648,28.2966,-81.6162,housing/rent/apartment,Thumbnail,FL
2439,1200,1.0,1,648,39.7953,-86.1387,housing/rent/apartment,Thumbnail,IN
2440,1155,1.0,1,648,32.9455,-96.7962,housing/rent/apartment,Thumbnail,TX
2441,993,1.0,1,648,30.3054,-97.7497,housing/rent/apartment,Thumbnail,TX
2442,983,1.0,1,648,30.3054,-97.7497,housing/rent/apartment,Thumbnail,TX
2443,865,1.0,1,648,29.4624,-98.5253,housing/rent/apartment,Thumbnail,TX
2444,830,1.0,1,648,29.4624,-98.5253,housing/rent/apartment,Thumbnail,TX
2445,800,1.0,1,648,40.0656,-88.252,housing/rent/apartment,Thumbnail,IL
2446,785,1.0,1,648,39.7953,-86.1387,housing/rent/apartment,Thumbnail,IN
2447,765,1.0,1,648,33.9351,-84.5289,housing/rent/apartment,Yes,GA
2449,675,1.0,1,648,31.7894,-95.632,housing/rent/apartment,Thumbnail,TX
2450,550,1.0,1,648,39.7953,-86.1387,housing/rent/apartment,Thumbnail,IN
2451,2440,1.0,1,649,33.955,-118.3967,housing/rent/apartment,Thumbnail,CA
2452,1186,1.0,1,649,38.8154,-104.7779,housing/rent/apartment,Thumbnail,CO
2453,1153,1.0,1,649,38.8154,-104.7779,housing/rent/apartment,Yes,CO
2455,1115,1.0,1,649,35.471,-97.5299,housing/rent/apartment,Thumbnail,OK
2458,975,1.0,1,649,32.8212,-96.7853,housing/rent/apartment,Thumbnail,TX
2460,799,1.0,1,649,43.0042,-88.0184,housing/rent/apartment,Thumbnail,WI
2461,2895,1.0,1,650,33.9932,-118.4609,housing/rent/apartment,Thumbnail,CA
2462,2795,1.0,1,650,33.852,-118.3759,housing/rent/apartment,Thumbnail,CA
2463,2500,1.0,2,650,40.7462,-74.0349,housing/rent/apartment,Yes,NJ
2464,2395,1.0,1,650,34.0372,-118.2972,housing/rent/apartment,Thumbnail,CA
2467,2076,1.0,1,650,47.5126,-122.1934,housing/rent/apartment,Yes,WA
2468,2000,1.0,2,650,33.8056,-118.1696,housing/rent/apartment,Thumbnail,CA
2469,1878,1.0,1,650,37.9913,-122.1643,housing/rent/apartment,Thumbnail,CA
2470,1800,1.0,1,650,37.3108,-121.8645,housing/rent/apartment,Thumbnail,CA
2472,1800,1.0,1,650,39.3191,-76.6126,housing/rent/apartment,Thumbnail,MD
2473,1793,1.0,1,650,47.5126,-122.1934,housing/rent/apartment,Thumbnail,WA
2476,1685,1.0,1,650,44.9855,-93.3023,housing/rent/apartment,Thumbnail,MN
2477,1645,1.0,1,650,33.9296,-117.9939,housing/rent/apartment,Thumbnail,CA
2478,1635,1.0,1,650,47.6829,-122.1209,housing/rent/apartment,Yes,WA
2480,1549,1.0,1,650,38.1172,-122.2313,housing/rent/apartment,Thumbnail,CA
2481,1505,1.0,1,650,34.0372,-118.2972,housing/rent/apartment,Thumbnail,CA
2482,1500,1.0,2,650,43.0724,-89.4003,housing/rent/apartment,Thumbnail,WI
2483,1495,1.0,2,650,33.7834,-118.1506,housing/rent/apartment,Yes,CA
2488,1456,1.0,0,650,39.0017,-77.0353,housing/rent/apartment,Thumbnail,MD
2489,1448,2.0,3,650,32.8525,-97.1399,housing/rent/apartment,Thumbnail,TX
2490,1429,1.0,1,650,47.3851,-122.1882,housing/rent/apartment,Thumbnail,WA
2491,1425,1.0,1,650,40.862,-74.4061,housing/rent/apartment,Thumbnail,NJ
2492,1421,1.0,1,650,47.3866,-122.2109,housing/rent/apartment,No,WA
2494,1421,1.0,1,650,47.3866,-122.2109,housing/rent/apartment,Yes,WA
2495,1421,1.0,1,650,47.3866,-122.2109,housing/rent/apartment,Yes,WA
2496,1391,1.0,1,650,47.8056,-122.3716,housing/rent/apartment,Thumbnail,WA
2497,1375,1.0,1,650,44.9405,-93.1027,housing/rent/apartment,Thumbnail,MN
2498,1325,1.0,1,650,44.9855,-93.3023,housing/rent/apartment,Thumbnail,MN
2500,1250,1.0,1,650,42.6398,-71.3184,housing/rent/apartment,Thumbnail,MA
2501,1246,1.0,2,650,38.7999,-77.1072,housing/rent/apartment,Thumbnail,VA
2502,1229,1.0,1,650,45.5091,-122.6449,housing/rent/apartment,Thumbnail,OR
2503,1229,1.0,1,650,45.5091,-122.6449,housing/rent/apartment,Thumbnail,OR
2504,1195,1.0,1,650,30.3054,-97.7497,housing/rent/apartment,Thumbnail,TX
2505,1194,1.0,1,650,30.3054,-97.7497,housing/rent/apartment,Thumbnail,TX
2506,1185,1.0,1,650,29.7714,-95.4343,housing/rent/apartment,Thumbnail,TX
2507,1175,1.0,1,650,30.3054,-97.7497,housing/rent/apartment,Thumbnail,TX
2508,1169,1.0,1,650,44.9855,-93.3023,housing/rent/apartment,Thumbnail,MN
2509,1150,1.0,1,650,27.7873,-82.6772,housing/rent/apartment,Thumbnail,FL
2510,1150,1.0,1,650,39.5197,-119.8342,housing/rent/apartment,Thumbnail,NV
2512,1138,1.0,1,650,30.3054,-97.7497,housing/rent/apartment,Thumbnail,TX
2513,1129,1.0,1,650,45.0684,-93.3317,housing/rent/apartment,Thumbnail,MN
2515,1100,1.0,1,650,33.5178,-112.0848,housing/rent/apartment,Thumbnail,AZ
2519,1075,1.0,1,650,39.9539,-74.9955,housing/rent/apartment,Yes,NJ
2521,1060,1.0,1,650,30.3054,-97.7497,housing/rent/apartment,Thumbnail,TX
2522,1055,1.0,2,650,39.1679,-84.4933,housing/rent/apartment,Thumbnail,OH
2525,1015,1.0,1,650,44.9855,-93.3023,housing/rent/apartment,Thumbnail,MN
2526,1009,1.0,1,650,44.937,-93.4394,housing/rent/apartment,Thumbnail,MN
2527,999,1.0,1,650,33.8737,-84.5097,housing/rent/apartment,Yes,GA
2528,995,1.0,1,650,39.0744,-94.5521,housing/rent/apartment,Thumbnail,MO
2529,995,1.0,1,650,41.9291,-71.0459,housing/rent/apartment,Yes,MA
2530,990,1.0,1,650,30.3054,-97.7497,housing/rent/apartment,Thumbnail,TX
2531,985,1.0,1,650,29.4624,-98.5253,housing/rent/apartment,Thumbnail,TX
2533,975,1.0,1,650,29.4624,-98.5253,housing/rent/apartment,Thumbnail,TX
2534,975,1.0,1,650,33.5944,-112.1837,housing/rent/apartment,Thumbnail,AZ
2536,975,1.0,1,650,30.3054,-97.7497,housing/rent/apartment,Thumbnail,TX
2537,970,1.0,1,650,43.6046,-116.2475,housing/rent/apartment,Thumbnail,ID
2538,960,1.0,1,650,27.7873,-82.6772,housing/rent/apartment,Thumbnail,FL
2539,950,1.0,2,650,39.0744,-94.5521,housing/rent/apartment,Thumbnail,MO
2540,950,1.0,1,650,30.3054,-97.7497,housing/rent/apartment,Thumbnail,TX
2542,925,1.0,1,650,43.0724,-89.4003,housing/rent/apartment,Thumbnail,WI
2544,920,1.0,1,650,43.0724,-89.4003,housing/rent/apartment,Thumbnail,WI
2545,906,1.0,1,650,29.5035,-95.0922,housing/rent/apartment,Thumbnail,TX
2546,905,1.0,1,650,32.7583,-97.088,housing/rent/apartment,Yes,TX
2547,900,1.0,1,650,35.2016,-80.8124,housing/rent/apartment,Thumbnail,NC
2548,900,1.0,1,650,39.5197,-119.8342,housing/rent/apartment,Thumbnail,NV
2549,899,1.0,1,650,30.3054,-97.7497,housing/rent/apartment,Thumbnail,TX
2550,895,1.0,1,650,39.842,-75.0295,housing/rent/apartment,Thumbnail,NJ
2551,890,1.0,2,650,40.4969,-86.9659,housing/rent/apartment,Thumbnail,IN
2552,890,1.0,1,650,61.1723,-149.8414,housing/rent/apartment,Thumbnail,AK
2553,880,1.0,1,650,30.3054,-97.7497,housing/rent/apartment,Thumbnail,TX
2554,870,1.0,1,650,30.4973,-97.8276,housing/rent/apartment,Thumbnail,TX
2556,850,1.0,1,650,41.2562,-96.0404,housing/rent/apartment,Thumbnail,NE
2557,850,1.0,1,650,30.8655,-83.2658,housing/rent/apartment,Thumbnail,GA
2558,850,1.0,1,650,39.1679,-84.4933,housing/rent/apartment,Thumbnail,OH
2559,850,1.0,1,650,39.1679,-84.4933,housing/rent/apartment,Thumbnail,OH
2560,849,1.0,1,650,41.2532,-95.9562,housing/rent/apartment,Thumbnail,NE
2561,835,1.0,1,650,40.6493,-111.8828,housing/rent/apartment,Thumbnail,UT
2562,835,1.0,0,650,41.8625,-87.6825,housing/rent/apartment,Thumbnail,IL
2563,830,1.0,1,650,30.4973,-97.8276,housing/rent/apartment,Thumbnail,TX
2564,825,1.0,1,650,40.7282,-111.8726,housing/rent/apartment,Thumbnail,UT
2565,820,1.0,1,650,35.7863,-78.4845,housing/rent/apartment,Thumbnail,NC
2566,800,1.0,1,650,37.0867,-76.4941,housing/rent/apartment,Thumbnail,VA
2567,795,1.0,2,650,37.6836,-97.3369,housing/rent/apartment,Thumbnail,KS
2568,795,1.0,1,650,40.7208,-89.6155,housing/rent/apartment,Thumbnail,IL
2569,795,1.0,1,650,35.2016,-80.8124,housing/rent/apartment,Thumbnail,NC
2570,785,1.0,1,650,40.4261,-79.7631,housing/rent/apartment,Yes,PA
2571,705,1.0,1,650,41.6721,-83.6046,housing/rent/apartment,Thumbnail,OH
2572,690,1.0,1,650,29.7714,-95.4343,housing/rent/apartment,Thumbnail,TX
2573,675,1.0,1,650,42.5965,-82.8821,housing/rent/apartment,Thumbnail,MI
2574,675,1.0,1,650,41.5927,-93.6276,housing/rent/apartment,Thumbnail,IA
2576,650,1.0,1,650,40.7901,-86.4084,housing/rent/apartment,Thumbnail,IN
2577,650,1.0,1,650,47.4394,-117.6274,housing/rent/apartment,Thumbnail,WA
2578,645,1.0,1,650,41.2562,-96.0404,housing/rent/apartment,Thumbnail,NE
2579,640,1.0,1,650,41.5927,-93.6276,housing/rent/apartment,Thumbnail,IA
2580,635,1.0,1,650,38.9571,-95.2657,housing/rent/apartment,Thumbnail,KS
2581,630,1.0,1,650,41.554,-81.4796,housing/rent/apartment,Thumbnail,OH
2582,627,1.0,1,650,41.3711,-82.1168,housing/rent/apartment,Thumbnail,OH
2583,625,1.0,1,650,41.2562,-96.0404,housing/rent/apartment,Thumbnail,NE
2584,625,1.0,1,650,38.6274,-90.304,housing/rent/apartment,Thumbnail,MO
2585,620,1.0,1,650,40.3613,-86.9005,housing/rent/apartment,Thumbnail,IN
2586,620,1.0,1,650,39.8054,-84.0178,housing/rent/apartment,No,OH
2588,585,1.0,1,650,36.116,-95.9281,housing/rent/apartment,Thumbnail,OK
2590,550,1.0,1,650,43.5329,-96.7265,housing/rent/apartment,Thumbnail,SD
2591,535,1.0,1,650,42.0353,-84.7649,housing/rent/apartment,Thumbnail,MI
2592,1912,1.0,1,651,30.3054,-97.7497,housing/rent/apartment,Thumbnail,TX
2594,1410,1.0,1,651,38.7999,-77.1072,housing/rent/apartment,Thumbnail,VA
2595,1295,1.0,1,651,47.4457,-122.1407,housing/rent/apartment,Thumbnail,WA
2596,1293,1.0,1,651,30.3054,-97.7497,housing/rent/apartment,Thumbnail,TX
2597,1125,1.0,1,651,39.1471,-86.5136,housing/rent/apartment,Thumbnail,IN
2598,1120,1.0,1,651,33.9222,-84.0725,housing/rent/apartment,Yes,GA
2599,1043,1.0,1,651,30.3054,-97.7497,housing/rent/apartment,Thumbnail,TX
2600,1034,1.0,1,651,33.9569,-84.0214,housing/rent/apartment,Thumbnail,GA
2601,1033,1.0,1,651,32.8212,-96.7853,housing/rent/apartment,Thumbnail,TX
2602,790,1.0,1,651,38.8503,-104.7586,housing/rent/apartment,Thumbnail,CO
2604,714,1.0,1,651,29.7714,-95.4343,housing/rent/apartment,Thumbnail,TX
2605,709,1.0,2,651,40.1495,-84.2436,housing/rent/apartment,No,OH
2606,2318,1.0,2,652,34.1594,-118.2498,housing/rent/apartment,Thumbnail,CA
2607,1780,1.0,1,652,36.137,-86.783,housing/rent/apartment,Thumbnail,TN
2608,1332,1.0,1,652,39.736,-104.9819,housing/rent/apartment,Thumbnail,CO
2609,1245,1.0,1,652,43.0531,-87.9659,housing/rent/apartment,Thumbnail,WI
2611,1212,1.0,1,652,30.3642,-97.8789,housing/rent/apartment,Thumbnail,TX
2613,1103,1.0,1,652,30.3054,-97.7497,housing/rent/apartment,Thumbnail,TX
2614,983,1.0,1,652,29.4624,-98.5253,housing/rent/apartment,Thumbnail,TX
2617,809,1.0,1,652,32.8212,-96.7853,housing/rent/apartment,Thumbnail,TX
2618,809,1.0,1,652,32.8239,-96.681,housing/rent/apartment,Thumbnail,TX
2619,774,1.0,1,652,32.8239,-96.681,housing/rent/apartment,Thumbnail,TX
2622,630,1.0,1,652,40.1171,-88.1889,housing/rent/apartment,Thumbnail,IL
2623,590,1.0,1,652,37.0488,-93.2933,housing/rent/apartment,Thumbnail,MO
2624,1403,1.0,1,653,33.7848,-84.3922,housing/rent/apartment,Thumbnail,GA
2625,1240,1.0,1,653,29.4624,-98.5253,housing/rent/apartment,Thumbnail,TX
2627,979,1.0,1,653,30.3054,-97.7497,housing/rent/apartment,Thumbnail,TX
2629,809,1.0,1,653,30.0021,-95.2555,housing/rent/apartment,Thumbnail,TX
2630,1665,1.0,1,654,39.0521,-77.119,housing/rent/apartment,Thumbnail,MD
2631,1125,1.0,1,654,30.6505,-97.6809,housing/rent/apartment,Thumbnail,TX
2632,1050,1.0,2,654,40.4327,-79.9457,housing/rent/apartment,Yes,PA
2633,1025,1.0,1,654,30.3054,-97.7497,housing/rent/apartment,Thumbnail,TX
2634,1025,1.0,1,654,29.8831,-97.945,housing/rent/apartment,Thumbnail,TX
2635,1025,1.0,1,654,30.4973,-97.8276,housing/rent/apartment,Thumbnail,TX
2636,985,1.0,1,654,29.7714,-95.4343,housing/rent/apartment,Thumbnail,TX
2637,900,1.0,1,654,30.3054,-97.7497,housing/rent/apartment,Thumbnail,TX
2638,865,1.0,1,654,37.1892,-93.2908,housing/rent/apartment,Thumbnail,MO
2640,585,1.0,1,654,36.0572,-90.5015,housing/rent/apartment,Thumbnail,AR
2641,1700,1.0,1,655,33.7848,-84.3922,housing/rent/apartment,Thumbnail,GA
2642,1130,1.0,1,655,30.3054,-97.7497,housing/rent/apartment,Thumbnail,TX
2643,1089,1.0,1,655,34.0648,-84.0849,housing/rent/apartment,Thumbnail,GA
2644,1050,1.0,3,655,40.4261,-79.7631,housing/rent/apartment,Yes,PA
2645,1000,1.0,0,655,34.063,-118.4363,housing/rent/apartment,Thumbnail,CA
2646,955,1.0,1,655,29.4624,-98.5253,housing/rent/apartment,Thumbnail,TX
2647,875,1.0,1,655,41.2573,-95.9471,housing/rent/apartment,Thumbnail,NE
2648,700,1.0,2,655,40.4261,-79.7631,housing/rent/apartment,Yes,PA
2650,1814,1.0,1,656,39.0521,-77.119,housing/rent/apartment,Thumbnail,MD
2653,815,1.0,1,656,35.1038,-106.611,housing/rent/apartment,Thumbnail,NM
2654,646,1.0,1,656,43.609,-116.3988,housing/rent/apartment,Thumbnail,ID
2655,425,1.0,1,656,36.3317,-82.3837,housing/rent/apartment,Thumbnail,TN
2656,2125,1.0,1,657,30.3054,-97.7497,housing/rent/apartment,Thumbnail,TX
2657,1525,1.0,1,657,30.3054,-97.7497,housing/rent/apartment,Thumbnail,TX
2658,1299,1.0,1,657,43.0531,-87.9659,housing/rent/apartment,Thumbnail,WI
2659,1188,1.0,1,657,35.774,-78.6328,housing/rent/apartment,Thumbnail,NC
2660,1090,1.0,1,657,30.3054,-97.7497,housing/rent/apartment,Thumbnail,TX
2661,1068,1.0,1,657,35.9907,-78.9074,housing/rent/apartment,Thumbnail,NC
2662,1030,1.0,1,657,30.3054,-97.7497,housing/rent/apartment,Thumbnail,TX
2663,965,1.0,1,657,30.3054,-97.7497,housing/rent/apartment,Thumbnail,TX
2664,862,1.0,1,657,33.7289,-84.1257,housing/rent/apartment,Yes,GA
2666,1695,1.0,1,658,47.7974,-122.2037,housing/rent/apartment,Thumbnail,WA
2667,1653,1.0,1,658,30.3054,-97.7497,housing/rent/apartment,Thumbnail,TX
2668,1575,1.0,3,658,42.8719,-71.3599,housing/rent/apartment,Thumbnail,NH
2669,1125,1.0,1,658,30.3054,-97.7497,housing/rent/apartment,Thumbnail,TX
2670,1081,1.0,1,658,32.8436,-96.7006,housing/rent/apartment,Thumbnail,TX
2671,889,1.0,1,658,42.5784,-83.032,housing/rent/apartment,Thumbnail,MI
2672,1920,1.0,1,659,42.1666,-70.9511,housing/rent/apartment,Thumbnail,MA
2673,1770,1.0,1,659,42.1666,-70.9511,housing/rent/apartment,Thumbnail,MA
2675,1515,1.0,1,659,40.8625,-74.0748,housing/rent/apartment,Yes,NJ
2676,1495,1.0,1,659,41.3708,-72.9259,housing/rent/apartment,Thumbnail,CT
2677,1475,1.0,1,659,40.8625,-74.0748,housing/rent/apartment,Thumbnail,NJ
2678,1395,1.0,1,659,33.7815,-118.1934,housing/rent/apartment,Yes,CA
2680,1265,1.0,1,659,36.1036,-80.2159,housing/rent/apartment,Thumbnail,NC
2682,1010,1.0,1,659,39.1627,-76.6354,housing/rent/apartment,Yes,MD
2683,695,1.0,1,659,29.4624,-98.5253,housing/rent/apartment,Thumbnail,TX
2684,555,1.0,1,659,29.7714,-95.4343,housing/rent/apartment,Thumbnail,TX
2687,1905,1.0,1,660,32.8212,-96.7853,housing/rent/apartment,Thumbnail,TX
2688,1560,1.0,1,660,30.3054,-97.7497,housing/rent/apartment,Thumbnail,TX
2691,1500,1.0,2,660,44.9,-93.3233,housing/rent/apartment,Thumbnail,MN
2694,1450,1.0,1,660,44.9855,-93.3023,housing/rent/apartment,Thumbnail,MN
2695,1395,1.0,1,660,40.0213,-105.2552,housing/rent/apartment,Thumbnail,CO
2696,1345,1.0,1,660,39.736,-104.9819,housing/rent/apartment,Thumbnail,CO
2697,1309,1.0,1,660,29.7714,-95.4343,housing/rent/apartment,Thumbnail,TX
2700,1180,1.0,2,660,40.1145,-88.2723,housing/rent/apartment,Thumbnail,IL
2701,1165,1.0,1,660,30.3054,-97.7497,housing/rent/apartment,Thumbnail,TX
2703,1067,1.0,1,660,27.4549,-82.6381,housing/rent/apartment,Thumbnail,FL
2704,1035,1.0,1,660,30.5104,-97.9027,housing/rent/apartment,Thumbnail,TX
2705,999,1.0,1,660,44.9142,-93.0954,housing/rent/apartment,Thumbnail,MN
2706,982,1.0,1,660,30.3054,-97.7497,housing/rent/apartment,Thumbnail,TX
2707,955,1.0,2,660,39.0099,-94.6843,housing/rent/apartment,Thumbnail,KS
2709,905,1.0,1,660,29.7714,-95.4343,housing/rent/apartment,Thumbnail,TX
2710,900,1.0,2,660,39.3191,-76.6126,housing/rent/apartment,Thumbnail,MD
2711,900,1.0,1,660,29.7714,-95.4343,housing/rent/apartment,Thumbnail,TX
2712,895,1.0,1,660,46.8608,-96.8096,housing/rent/apartment,Thumbnail,ND
2713,890,1.0,1,660,30.3054,-97.7497,housing/rent/apartment,Thumbnail,TX
2714,885,1.0,1,660,30.1051,-98.4216,housing/rent/apartment,Thumbnail,TX
2715,855,1.0,1,660,41.5672,-90.462,housing/rent/apartment,Thumbnail,IA
2717,806,1.0,1,660,41.2562,-96.0404,housing/rent/apartment,Thumbnail,NE
2718,793,1.0,1,660,39.7953,-86.1387,housing/rent/apartment,Thumbnail,IN
2720,760,1.0,1,660,43.5329,-96.7265,housing/rent/apartment,Thumbnail,SD
2721,745,1.0,1,660,36.0909,-79.9272,housing/rent/apartment,Thumbnail,NC
2722,740,1.0,1,660,43.5329,-96.7265,housing/rent/apartment,Thumbnail,SD
2723,730,1.0,1,660,43.0531,-87.9659,housing/rent/apartment,Thumbnail,WI
2724,678,1.0,1,660,32.8212,-96.7853,housing/rent/apartment,Thumbnail,TX
2726,650,1.0,1,660,32.5548,-94.7807,housing/rent/apartment,Yes,TX
2727,629,1.0,1,660,41.6023,-83.6297,housing/rent/apartment,Thumbnail,OH
2728,615,1.0,1,660,35.1211,-89.9517,housing/rent/apartment,Thumbnail,TN
2729,600,1.0,1,660,32.4418,-99.7494,housing/rent/apartment,Thumbnail,TX
2731,2990,1.0,1,661,42.3882,-83.1122,housing/rent/apartment,Thumbnail,MI
2732,2885,1.0,1,661,34.1474,-118.1391,housing/rent/apartment,Yes,CA
2734,1332,1.0,1,661,47.7921,-122.3045,housing/rent/apartment,Thumbnail,WA
2735,1320,1.0,2,661,43.0637,-88.1403,housing/rent/apartment,Thumbnail,WI
2736,1048,1.0,1,661,29.7714,-95.4343,housing/rent/apartment,Thumbnail,TX
2737,1037,1.0,1,661,30.0871,-95.4685,housing/rent/apartment,Thumbnail,TX
2738,930,1.0,1,661,29.7898,-95.7613,housing/rent/apartment,Thumbnail,TX
2739,862,1.0,1,661,32.3475,-97.3863,housing/rent/apartment,Yes,TX
2740,655,1.0,1,661,38.6274,-90.304,housing/rent/apartment,Thumbnail,MO
2741,2996,1.0,3,662,40.722,-74.0644,housing/rent/apartment,Yes,NJ
2742,2750,1.0,1,662,34.1056,-118.3668,housing/rent/apartment,Thumbnail,CA
2744,855,1.0,1,662,29.4624,-98.5253,housing/rent/apartment,Thumbnail,TX
2745,845,1.0,1,662,35.471,-97.5299,housing/rent/apartment,Thumbnail,OK
2746,835,1.0,1,662,40.4261,-79.7631,housing/rent/apartment,Yes,PA
2747,816,1.0,1,662,30.4415,-91.1012,housing/rent/apartment,Thumbnail,LA
2748,1590,1.0,1,663,30.3054,-97.7497,housing/rent/apartment,Thumbnail,TX
2750,1475,1.0,1,663,40.4993,-74.5214,housing/rent/apartment,Thumbnail,NJ
2753,1156,1.0,2,663,32.9631,-96.7212,housing/rent/apartment,Thumbnail,TX
2757,877,1.0,1,663,32.8525,-97.1399,housing/rent/apartment,Yes,TX
2758,754,1.0,1,663,39.2129,-85.9099,housing/rent/apartment,Thumbnail,IN
2760,1585,1.0,3,664,39.9624,-75.1377,housing/rent/apartment,Thumbnail,PA
2762,1275,1.0,1,664,30.3054,-97.7497,housing/rent/apartment,Thumbnail,TX
2763,1180,1.0,1,664,41.665,-86.1592,housing/rent/apartment,Thumbnail,IN
2764,1079,1.0,1,664,30.5118,-97.6873,housing/rent/apartment,Thumbnail,TX
2765,1056,1.0,1,664,39.1627,-76.6354,housing/rent/apartment,Yes,MD
2766,1056,1.0,1,664,39.1627,-76.6354,housing/rent/apartment,Yes,MD
2768,927,1.0,1,664,32.8281,-97.145,housing/rent/apartment,Thumbnail,TX
2769,895,1.0,1,664,33.5178,-112.0848,housing/rent/apartment,Thumbnail,AZ
2773,475,1.0,1,664,33.0769,-83.3032,housing/rent/home,Thumbnail,GA
2774,2016,1.0,1,665,37.6812,-121.7519,housing/rent/apartment,Thumbnail,CA
2775,1935,1.0,1,665,34.1236,-118.2878,housing/rent/apartment,Thumbnail,CA
2776,1865,1.0,1,665,34.1236,-118.2878,housing/rent/apartment,Thumbnail,CA
2777,1588,1.0,1,665,47.8495,-122.2825,housing/rent/apartment,No,WA
2779,1090,1.0,1,665,30.6505,-97.6809,housing/rent/apartment,Thumbnail,TX
2780,985,1.0,1,665,30.5118,-97.6873,housing/rent/apartment,Thumbnail,TX
2781,965,1.0,1,665,35.524,-81.5988,housing/rent/apartment,Thumbnail,NC
2782,869,1.0,1,665,30.7084,-96.347,housing/rent/apartment,Thumbnail,TX
2783,849,1.0,1,665,33.1993,-97.1268,housing/rent/apartment,Thumbnail,TX
2784,811,1.0,1,665,38.0269,-84.4223,housing/rent/apartment,Thumbnail,KY
2785,790,1.0,1,665,42.0259,-93.6516,housing/rent/apartment,Thumbnail,IA
2786,751,1.0,1,665,35.471,-97.5299,housing/rent/apartment,Thumbnail,OK
2787,699,1.0,1,665,40.1145,-88.2723,housing/rent/apartment,Thumbnail,IL
2788,625,1.0,1,665,34.508,-82.6913,housing/rent/apartment,Thumbnail,SC
2789,605,1.0,1,665,43.7815,-88.4411,housing/rent/apartment,Thumbnail,WI
2790,600,1.0,1,665,40.1145,-88.2723,housing/rent/apartment,Thumbnail,IL
2791,1998,1.0,1,666,30.3054,-97.7497,housing/rent/apartment,Thumbnail,TX
2792,984,1.0,1,666,32.8255,-97.1039,housing/rent/apartment,No,TX
2793,883,1.0,1,666,32.8255,-97.1039,housing/rent/apartment,No,TX
2794,575,1.0,1,666,29.7714,-95.4343,housing/rent/apartment,Thumbnail,TX
2796,3087,1.0,1,667,37.7599,-122.4379,housing/rent/apartment,Thumbnail,CA
2797,2165,1.0,1,667,34.1087,-118.2606,housing/rent/apartment,Thumbnail,CA
2798,1629,1.0,1,667,42.125,-87.844,housing/rent/apartment,Thumbnail,IL
2799,1425,1.0,1,667,47.6124,-122.1427,housing/rent/apartment,Thumbnail,WA
2800,1295,1.0,1,667,40.1145,-88.2723,housing/rent/apartment,Thumbnail,IL
2801,1170,1.0,1,667,29.5521,-95.307,housing/rent/apartment,Thumbnail,TX
2802,1049,1.0,1,667,28.0076,-82.4792,housing/rent/apartment,Thumbnail,FL
2804,915,1.0,1,667,36.193,-115.2946,housing/rent/apartment,Thumbnail,NV
2805,895,1.0,1,667,36.1554,-115.1733,housing/rent/apartment,Thumbnail,NV
2806,835,1.0,1,667,29.4624,-98.5253,housing/rent/apartment,Thumbnail,TX
2807,2624,1.0,2,668,42.328,-71.071,housing/rent/apartment,Thumbnail,MA
2809,1415,1.0,1,668,30.3054,-97.7497,housing/rent/apartment,Thumbnail,TX
2810,1285,1.0,1,668,31.8666,-102.3901,housing/rent/apartment,Thumbnail,TX
2811,1260,1.0,1,668,47.3071,-122.3404,housing/rent/apartment,Thumbnail,WA
2812,1260,1.0,1,668,30.3054,-97.7497,housing/rent/apartment,Thumbnail,TX
2813,1125,1.0,1,668,30.3054,-97.7497,housing/rent/apartment,Thumbnail,TX
2814,1125,1.0,1,668,36.7434,-76.2257,housing/rent/apartment,Thumbnail,VA
2815,1069,1.0,1,668,35.0657,-78.9436,housing/rent/apartment,Thumbnail,NC
2816,999,1.0,1,668,40.4969,-86.9659,housing/rent/apartment,Thumbnail,IN
2818,925,1.0,1,668,29.4624,-98.5253,housing/rent/apartment,Thumbnail,TX
2820,640,1.0,1,668,30.4266,-89.1051,housing/rent/apartment,Thumbnail,MS
2822,1295,1.0,1,669,45.2764,-92.9901,housing/rent/apartment,Thumbnail,MN
2823,1260,1.0,1,669,47.5161,-122.6318,housing/rent/apartment,Thumbnail,WA
2824,1230,1.0,1,669,40.7061,-111.9048,housing/rent/apartment,Thumbnail,UT
2825,1100,1.0,1,669,39.0744,-94.5521,housing/rent/apartment,Thumbnail,MO
2826,1026,1.0,2,669,35.9907,-78.9074,housing/rent/apartment,Thumbnail,NC
2828,2280,1.0,1,670,42.328,-71.071,housing/rent/apartment,Thumbnail,MA
2829,2250,1.0,1,670,47.5988,-122.1507,housing/rent/apartment,Thumbnail,WA
2830,2140,1.0,2,670,34.0372,-118.2972,housing/rent/apartment,Thumbnail,CA
2831,1650,1.0,1,670,40.8876,-74.0499,housing/rent/apartment,Yes,NJ
2832,1500,1.0,1,670,39.7333,-104.914,housing/rent/apartment,Thumbnail,CO
2833,1210,1.0,1,670,42.9833,-71.4574,housing/rent/apartment,Yes,NH
2834,1200,1.0,1,670,39.736,-104.9819,housing/rent/apartment,Thumbnail,CO
2835,1135,1.0,1,670,29.4624,-98.5253,housing/rent/apartment,Thumbnail,TX
2837,1095,1.0,1,670,30.3054,-97.7497,housing/rent/apartment,Thumbnail,TX
2838,1095,1.0,1,670,30.3054,-97.7497,housing/rent/apartment,Thumbnail,TX
2839,1089,1.0,1,670,29.7714,-95.4343,housing/rent/apartment,Thumbnail,TX
2840,1000,1.0,1,670,38.6274,-90.304,housing/rent/apartment,Thumbnail,MO
2842,890,1.0,1,670,35.2016,-80.8124,housing/rent/apartment,Thumbnail,NC
2843,870,1.0,1,670,35.9907,-78.9074,housing/rent/apartment,Yes,NC
2844,830,1.0,1,670,30.3054,-97.7497,housing/rent/apartment,Thumbnail,TX
2845,829,1.0,1,670,30.0796,-95.617,housing/rent/apartment,Thumbnail,TX
2846,775,1.0,1,670,39.0744,-94.5521,housing/rent/apartment,Thumbnail,MO
2848,615,1.0,1,670,41.2562,-96.0404,housing/rent/apartment,Thumbnail,NE
2850,400,1.0,1,670,32.4645,-93.7879,housing/rent/apartment,Thumbnail,LA
2851,2182,1.0,1,671,38.9016,-77.0508,housing/rent/apartment,Thumbnail,DC
2852,2017,1.0,1,671,30.3054,-97.7497,housing/rent/apartment,Thumbnail,TX
2853,1778,1.0,2,671,44.041,-123.1254,housing/rent/apartment,Thumbnail,OR
2854,1606,1.0,1,671,38.9554,-77.386,housing/rent/apartment,Thumbnail,VA
2855,1436,1.0,1,671,37.5922,-77.498,housing/rent/apartment,Thumbnail,VA
2857,899,1.0,1,671,29.4624,-98.5253,housing/rent/apartment,Thumbnail,TX
2858,899,1.0,1,671,29.4624,-98.5253,housing/rent/apartment,Thumbnail,TX
2859,769,1.0,1,671,39.6379,-84.1686,housing/rent/apartment,No,OH
2861,2250,1.0,1,672,47.6483,-122.5296,housing/rent/apartment,Thumbnail,WA
2862,1860,1.0,1,672,30.3054,-97.7497,housing/rent/apartment,Thumbnail,TX
2864,1625,1.0,1,672,30.3054,-97.7497,housing/rent/apartment,Thumbnail,TX
2866,1515,1.0,1,672,32.6197,-117.0226,housing/rent/apartment,Thumbnail,CA
2867,1395,1.0,1,672,32.8212,-96.7853,housing/rent/apartment,Thumbnail,TX
2870,1135,1.0,1,672,30.3054,-97.7497,housing/rent/apartment,Thumbnail,TX
2872,1055,1.0,1,672,32.6548,-97.1587,housing/rent/apartment,Yes,TX
2873,1045,1.0,1,672,32.6548,-97.1587,housing/rent/apartment,Yes,TX
2874,965,1.0,1,672,30.3054,-97.7497,housing/rent/apartment,Thumbnail,TX
2875,940,1.0,1,672,39.5197,-119.8342,housing/rent/apartment,Thumbnail,NV
2876,905,1.0,1,672,32.6692,-96.8751,housing/rent/apartment,Thumbnail,TX
2878,847,1.0,1,672,35.9966,-78.8991,housing/rent/apartment,Yes,NC
2879,635,1.0,1,672,37.3961,-79.1892,housing/rent/apartment,Thumbnail,VA
2880,450,1.0,1,672,41.6675,-83.5837,housing/rent/apartment,Thumbnail,OH
2882,2798,1.0,1,673,34.0998,-118.3265,housing/rent/apartment,Thumbnail,CA
2884,1579,1.0,1,673,39.4228,-77.4164,housing/rent/apartment,Thumbnail,MD
2885,1546,1.0,0,673,38.8571,-77.0609,housing/rent/apartment,Thumbnail,VA
2888,995,1.0,1,673,30.3949,-97.8279,housing/rent/apartment,Thumbnail,TX
2889,985,1.0,1,673,30.5104,-97.9027,housing/rent/apartment,Thumbnail,TX
2891,862,1.0,1,673,39.2858,-84.522,housing/rent/apartment,Thumbnail,OH
2892,720,1.0,1,673,44.0346,-92.468,housing/rent/apartment,Thumbnail,MN
2893,700,1.0,1,673,32.3841,-93.6685,housing/rent/apartment,Thumbnail,LA
2894,1655,1.0,1,674,28.0076,-82.4792,housing/rent/apartment,Thumbnail,FL
2896,1451,1.0,1,674,30.3054,-97.7497,housing/rent/apartment,Thumbnail,TX
2897,1300,1.0,1,674,40.7061,-111.9048,housing/rent/apartment,Thumbnail,UT
2898,1175,1.0,1,674,38.8562,-104.772,housing/rent/apartment,Thumbnail,CO
2899,1025,1.0,1,674,29.4624,-98.5253,housing/rent/apartment,Thumbnail,TX
2900,892,1.0,1,674,35.8079,-78.6466,housing/rent/apartment,Thumbnail,NC
2901,875,1.0,1,674,32.7566,-97.1358,housing/rent/apartment,Thumbnail,TX
2902,850,1.0,2,674,47.6485,-117.2657,housing/rent/apartment,Thumbnail,WA
2903,791,1.0,1,674,32.9954,-96.7849,housing/rent/apartment,No,TX
2904,3495,1.0,1,675,37.7599,-122.4379,housing/rent/apartment,Thumbnail,CA
2905,3050,1.0,1,675,34.0372,-118.2972,housing/rent/apartment,Thumbnail,CA
2906,1895,1.0,1,675,34.0372,-118.2972,housing/rent/apartment,Thumbnail,CA
2908,1875,1.0,1,675,47.616,-122.3275,housing/rent/apartment,Thumbnail,WA
2910,1780,1.0,1,675,47.6869,-122.1896,housing/rent/apartment,Yes,WA
2912,1715,1.0,1,675,34.0156,-118.1107,housing/rent/apartment,Thumbnail,CA
2913,1555,1.0,1,675,39.6828,-104.8078,housing/rent/apartment,Thumbnail,CO
2914,1516,1.0,1,675,47.7179,-122.2059,housing/rent/apartment,Thumbnail,WA
2915,1506,1.0,1,675,47.7179,-122.2059,housing/rent/apartment,Thumbnail,WA
2916,1470,1.0,1,675,42.0454,-87.6964,housing/rent/apartment,Thumbnail,IL
2917,1440,1.0,1,675,40.2967,-74.6137,housing/rent/apartment,Thumbnail,NJ
2918,1436,1.0,1,675,47.7179,-122.2059,housing/rent/apartment,Yes,WA
2919,1345,1.0,1,675,34.1334,-117.292,housing/rent/apartment,Thumbnail,CA
2920,1295,1.0,2,675,48.0724,-122.1829,housing/rent/apartment,Thumbnail,WA
2921,1275,1.0,1,675,38.6274,-90.304,housing/rent/apartment,Thumbnail,MO
2922,1275,1.0,1,675,40.3346,-74.5794,housing/rent/apartment,Yes,NJ
2924,1220,1.0,1,675,29.4624,-98.5253,housing/rent/apartment,Thumbnail,TX
2925,1200,1.0,1,675,40.3346,-74.5794,housing/rent/apartment,Yes,NJ
2926,1190,1.0,1,675,40.3346,-74.5794,housing/rent/apartment,Yes,NJ
2929,1150,1.0,1,675,40.3346,-74.5794,housing/rent/apartment,Yes,NJ
2930,1127,1.0,1,675,36.1036,-80.2159,housing/rent/apartment,Thumbnail,NC
2932,979,1.0,1,675,36.8381,-76.152,housing/rent/apartment,Thumbnail,VA
2933,962,1.0,1,675,43.0531,-87.9659,housing/rent/apartment,Thumbnail,WI
2934,945,1.0,1,675,43.0724,-89.4003,housing/rent/apartment,Thumbnail,WI
2935,932,1.0,1,675,29.7714,-95.4343,housing/rent/apartment,Thumbnail,TX
2937,875,1.0,2,675,40.5849,-105.1128,housing/rent/apartment,Thumbnail,CO
2938,850,1.0,1,675,61.594,-149.4124,housing/rent/apartment,Thumbnail,AK
2939,840,1.0,1,675,40.3613,-86.9005,housing/rent/apartment,Thumbnail,IN
2940,800,1.0,2,675,39.9974,-82.9829,housing/rent/apartment,Thumbnail,OH
2941,794,1.0,1,675,34.7264,-92.348,housing/rent/apartment,Thumbnail,AR
2942,695,1.0,1,675,42.4869,-92.3426,housing/rent/apartment,Thumbnail,IA
2943,695,1.0,2,675,41.6834,-93.7839,housing/rent/apartment,Thumbnail,IA
2944,645,1.0,1,675,43.4182,-88.1681,housing/rent/apartment,Thumbnail,WI
2945,640,1.0,2,675,37.9906,-87.5563,housing/rent/apartment,Thumbnail,IN
2946,620,1.0,1,675,29.7714,-95.4343,housing/rent/apartment,Thumbnail,TX
2947,595,1.0,2,675,48.2469,-101.3017,housing/rent/apartment,Thumbnail,ND
2948,485,1.0,1,675,44.0977,-87.7097,housing/rent/apartment,Thumbnail,WI
2949,1125,1.0,1,676,39.985,-83.0728,housing/rent/apartment,Thumbnail,OH
2950,960,1.0,1,676,29.4624,-98.5253,housing/rent/apartment,Thumbnail,TX
2951,950,1.0,1,676,30.5118,-97.6873,housing/rent/apartment,Thumbnail,TX
2952,870,1.0,1,676,42.0259,-93.6516,housing/rent/apartment,Thumbnail,IA
2953,855,1.0,2,676,41.2562,-96.0404,housing/rent/apartment,Thumbnail,NE
2954,785,1.0,1,676,44.0763,-103.2121,housing/rent/apartment,Thumbnail,SD
2959,1391,1.0,1,677,32.8212,-96.7853,housing/rent/apartment,Thumbnail,TX
2960,1315,1.0,1,677,41.824,-71.4315,housing/rent/apartment,Thumbnail,RI
2962,1027,1.0,1,677,30.3054,-97.7497,housing/rent/apartment,Thumbnail,TX
2963,900,1.0,1,677,30.3054,-97.7497,housing/rent/apartment,Thumbnail,TX
2965,3795,2.0,2,678,37.7599,-122.4379,housing/rent/apartment,Thumbnail,CA
2966,2200,1.0,1,678,42.4108,-71.0517,housing/rent/apartment,Thumbnail,MA
2967,2089,1.0,1,678,32.7876,-117.1265,housing/rent/apartment,Thumbnail,CA
2968,2075,1.0,2,678,41.8625,-87.6825,housing/rent/apartment,Thumbnail,IL
2970,1750,1.0,2,678,45.5091,-122.6449,housing/rent/apartment,Thumbnail,OR
2972,1468,1.0,1,678,35.774,-78.6328,housing/rent/apartment,Thumbnail,NC
2973,1400,1.0,1,678,41.5964,-70.9532,housing/rent/apartment,Thumbnail,MA
2975,1109,1.0,1,678,29.7714,-95.4343,housing/rent/apartment,Thumbnail,TX
2976,1104,1.0,1,678,29.7714,-95.4343,housing/rent/apartment,Thumbnail,TX
2977,1035,1.0,1,678,32.9455,-96.7962,housing/rent/apartment,Thumbnail,TX
2978,1000,1.0,1,678,29.4624,-98.5253,housing/rent/apartment,Thumbnail,TX
2979,890,1.0,1,678,32.8525,-97.1399,housing/rent/apartment,Thumbnail,TX
2980,860,1.0,2,678,40.1171,-88.1889,housing/rent/apartment,Thumbnail,IL
2981,815,1.0,1,678,36.0723,-79.8196,housing/rent/apartment,Thumbnail,NC
2982,717,1.0,1,678,35.4975,-97.7329,housing/rent/apartment,Thumbnail,OK
2984,1600,1.0,1,679,43.0724,-89.4003,housing/rent/apartment,Thumbnail,WI
2985,1265,1.0,1,679,30.3054,-97.7497,housing/rent/apartment,Thumbnail,TX
2986,1245,1.0,1,679,39.8668,-105.0055,housing/rent/apartment,Thumbnail,CO
2987,1225,1.0,1,679,39.8668,-105.0055,housing/rent/apartment,Thumbnail,CO
2988,1095,1.0,1,679,35.3753,-119.0319,housing/rent/apartment,Thumbnail,CA
2989,3952,1.0,1,680,42.328,-71.071,housing/rent/apartment,Thumbnail,MA
2990,2840,1.0,1,680,33.8321,-118.3786,housing/rent/apartment,Thumbnail,CA
2991,2349,1.0,1,680,34.1474,-118.1391,housing/rent/apartment,Yes,CA
2993,1795,1.0,1,680,47.616,-122.3275,housing/rent/apartment,Thumbnail,WA
2994,1424,1.0,1,680,38.8738,-77.1055,housing/rent/apartment,Thumbnail,VA
2995,1325,1.0,1,680,47.8409,-122.3346,housing/rent/apartment,Thumbnail,WA
2999,1179,1.0,1,680,39.736,-104.9819,housing/rent/apartment,Thumbnail,CO
3000,1080,1.0,1,680,33.9996,-84.1572,housing/rent/apartment,Thumbnail,GA
3002,1059,1.0,1,680,29.7398,-98.1021,housing/rent/apartment,Thumbnail,TX
3004,1045,1.0,1,680,30.3054,-97.7497,housing/rent/apartment,Thumbnail,TX
3005,1035,1.0,1,680,61.1723,-149.8414,housing/rent/apartment,Thumbnail,AK
3006,1025,1.0,1,680,36.8379,-76.0939,housing/rent/apartment,Thumbnail,VA
3009,975,1.0,2,680,61.1723,-149.8414,housing/rent/apartment,Thumbnail,AK
3010,975,1.0,1,680,36.1554,-115.1733,housing/rent/apartment,Thumbnail,NV
3011,951,1.0,1,680,33.0653,-97.0251,housing/rent/apartment,Thumbnail,TX
3013,930,1.0,1,680,29.7398,-98.1021,housing/rent/apartment,Thumbnail,TX
3014,913,1.0,1,680,29.4624,-98.5253,housing/rent/apartment,Thumbnail,TX
3016,890,1.0,1,680,29.4624,-98.5253,housing/rent/apartment,Thumbnail,TX
3021,750,1.0,0,680,41.3426,-73.0732,housing/rent/apartment,Thumbnail,CT
3023,700,1.0,1,680,40.1065,-85.6788,housing/rent/apartment,Thumbnail,IN
3024,680,1.0,1,680,39.7953,-86.1387,housing/rent/apartment,Thumbnail,IN
3025,653,1.0,1,680,42.3149,-85.1757,housing/rent/apartment,Thumbnail,MI
3029,550,1.0,1,680,37.0173,-93.2039,housing/rent/apartment,Thumbnail,MO
3030,1440,1.0,1,681,47.5968,-122.7026,housing/rent/apartment,Thumbnail,WA
3031,1240,1.0,1,681,38.954,-76.8968,housing/rent/apartment,Thumbnail,MD
3032,1175,1.0,1,681,38.954,-76.8968,housing/rent/apartment,Thumbnail,MD
3036,2329,1.0,1,682,40.722,-74.0644,housing/rent/apartment,No,NJ
3037,1675,1.0,1,682,33.7166,-117.9446,housing/rent/apartment,Thumbnail,CA
3040,1414,1.0,1,682,32.8004,-96.7887,housing/rent/apartment,Thumbnail,TX
3041,1205,1.0,1,682,39.7436,-105.063,housing/rent/apartment,Thumbnail,CO
3042,1190,1.0,1,682,29.7714,-95.4343,housing/rent/apartment,Thumbnail,TX
3043,1180,1.0,1,682,30.3054,-97.7497,housing/rent/apartment,Thumbnail,TX
3045,1075,1.0,1,682,41.7537,-88.1558,housing/rent/apartment,Thumbnail,IL
3046,635,1.0,1,682,39.0375,-95.7052,housing/rent/apartment,Thumbnail,KS
3047,415,1.0,1,682,40.5755,-79.7224,housing/rent/apartment,Thumbnail,PA
3049,1180,1.0,1,683,30.3054,-97.7497,housing/rent/apartment,Thumbnail,TX
3050,1130,1.0,1,683,38.8168,-76.9368,housing/rent/apartment,Thumbnail,MD
3052,1015,1.0,1,683,30.3054,-97.7497,housing/rent/apartment,Thumbnail,TX
3053,928,1.0,1,683,38.9259,-94.6916,housing/rent/apartment,Thumbnail,KS
3054,785,1.0,1,683,41.4954,-90.3928,housing/rent/apartment,Thumbnail,IL
3055,1450,1.0,2,684,41.8481,-72.4642,housing/rent/apartment,Thumbnail,CT
3057,1240,1.0,1,684,30.3054,-97.7497,housing/rent/apartment,Thumbnail,TX
3061,1987,1.0,1,685,38.5587,-121.432,housing/rent/apartment,Thumbnail,CA
3062,1735,1.0,1,685,47.616,-122.3275,housing/rent/apartment,Thumbnail,WA
3063,1695,1.0,1,685,39.9974,-82.9829,housing/rent/apartment,Thumbnail,OH
3064,1650,1.0,1,685,34.1913,-118.4575,housing/rent/apartment,Thumbnail,CA
3066,1399,1.0,1,685,47.9338,-122.2052,housing/rent/apartment,Thumbnail,WA
3067,1395,1.0,2,685,39.736,-104.9819,housing/rent/apartment,Thumbnail,CO
3068,1360,1.0,1,685,39.5816,-105.0387,housing/rent/apartment,Thumbnail,CO
3069,1180,1.0,1,685,32.8212,-96.7853,housing/rent/apartment,Thumbnail,TX
3070,1150,1.0,2,685,39.0744,-94.5521,housing/rent/apartment,Thumbnail,MO
3073,1050,1.0,1,685,38.9148,-104.7713,housing/rent/apartment,No,CO
3074,1050,1.0,1,685,38.9148,-104.7713,housing/rent/apartment,Yes,CO
3075,998,1.0,1,685,29.4624,-98.5253,housing/rent/apartment,Thumbnail,TX
3076,905,1.0,1,685,33.5571,-84.2167,housing/rent/apartment,Thumbnail,GA
3077,895,1.0,1,685,44.0346,-92.468,housing/rent/apartment,Thumbnail,MN
3082,1324,1.0,1,686,41.8625,-87.6825,housing/rent/apartment,Thumbnail,IL
3084,1185,1.0,1,686,30.3054,-97.7497,housing/rent/apartment,Thumbnail,TX
3085,1120,1.0,1,686,30.5118,-97.6873,housing/rent/apartment,Thumbnail,TX
3087,805,1.0,1,686,29.7714,-95.4343,housing/rent/apartment,Thumbnail,TX
3088,627,1.0,1,686,39.7953,-86.1387,housing/rent/apartment,Thumbnail,IN
3089,1470,1.0,1,687,44.9405,-93.1027,housing/rent/apartment,Thumbnail,MN
3090,1430,1.0,1,687,38.6487,-77.3152,housing/rent/apartment,Thumbnail,VA
3093,1017,1.0,1,687,35.8455,-78.3386,housing/rent/apartment,Thumbnail,NC
3094,1005,1.0,1,687,29.4624,-98.5253,housing/rent/apartment,Thumbnail,TX
3097,1345,1.0,1,688,32.8212,-96.7853,housing/rent/apartment,Thumbnail,TX
3098,1319,1.0,1,688,38.9633,-76.9375,housing/rent/apartment,Thumbnail,MD
3099,1196,1.0,1,688,32.9631,-96.7212,housing/rent/apartment,Thumbnail,TX
3100,1179,1.0,1,688,39.0459,-104.8179,housing/rent/apartment,Yes,CO
3103,1050,1.0,1,688,30.3054,-97.7497,housing/rent/apartment,Thumbnail,TX
3104,1020,1.0,1,688,40.3783,-80.1221,housing/rent/apartment,Yes,PA
3105,938,1.0,1,688,33.6194,-84.4886,housing/rent/apartment,Thumbnail,GA
3107,829,1.0,1,688,35.2418,-81.0401,housing/rent/apartment,Thumbnail,NC
3109,2450,1.0,1,689,42.3426,-71.1985,housing/rent/apartment,Thumbnail,MA
3110,2117,1.0,1,689,47.6156,-122.2109,housing/rent/apartment,Thumbnail,WA
3111,1820,1.0,1,689,38.8488,-77.3296,housing/rent/apartment,Thumbnail,VA
3113,1749,1.0,1,689,39.145,-77.1376,housing/rent/apartment,Thumbnail,MD
3114,1679,1.0,1,689,39.145,-77.1376,housing/rent/apartment,Thumbnail,MD
3115,1670,1.0,1,689,47.616,-122.3275,housing/rent/apartment,Thumbnail,WA
3116,1258,1.0,1,689,29.7864,-94.9631,housing/rent/apartment,Thumbnail,TX
3117,1080,1.0,1,689,29.8831,-97.945,housing/rent/apartment,Thumbnail,TX
3118,962,1.0,1,689,30.3054,-97.7497,housing/rent/apartment,Thumbnail,TX
3119,927,1.0,1,689,38.2006,-84.9469,housing/rent/apartment,Thumbnail,KY
3120,925,1.0,1,689,30.4601,-84.2714,housing/rent/apartment,Thumbnail,FL
3121,875,1.0,1,689,43.5329,-96.7265,housing/rent/apartment,Thumbnail,SD
3122,2200,1.0,1,690,38.8738,-77.1055,housing/rent/apartment,Thumbnail,VA
3124,1839,1.0,1,690,30.3054,-97.7497,housing/rent/apartment,Thumbnail,TX
3125,1322,1.0,1,690,45.5223,-122.9416,housing/rent/apartment,Thumbnail,OR
3130,1000,1.0,1,690,30.3054,-97.7497,housing/rent/apartment,Thumbnail,TX
3134,879,1.0,1,690,30.3054,-97.7497,housing/rent/apartment,Thumbnail,TX
3135,850,1.0,1,690,38.9679,-94.9654,housing/rent/apartment,Thumbnail,KS
3136,825,1.0,1,690,29.7714,-95.4343,housing/rent/apartment,Thumbnail,TX
3137,814,1.0,2,690,32.722,-97.083,housing/rent/apartment,Thumbnail,TX
3138,800,1.0,1,690,29.4624,-98.5253,housing/rent/apartment,Thumbnail,TX
3139,750,1.0,1,690,36.0249,-78.4646,housing/rent/apartment,Thumbnail,NC
3140,715,1.0,1,690,31.5887,-94.5735,housing/rent/apartment,Thumbnail,TX
3141,698,1.0,1,690,39.1471,-86.5136,housing/rent/apartment,Thumbnail,IN
3142,545,1.0,2,690,37.1892,-93.2908,housing/rent/apartment,Thumbnail,MO
3145,1045,1.0,1,691,36.137,-86.783,housing/rent/apartment,Thumbnail,TN
3148,986,1.0,1,691,39.0744,-94.5521,housing/rent/apartment,Thumbnail,MO
3151,1745,1.0,1,692,32.8212,-96.7853,housing/rent/apartment,Thumbnail,TX
3153,1185,1.0,1,692,43.0531,-87.9659,housing/rent/apartment,Thumbnail,WI
3154,1106,1.0,1,692,32.8403,-97.0955,housing/rent/apartment,Thumbnail,TX
3156,1058,1.0,1,692,32.8281,-97.145,housing/rent/apartment,Yes,TX
3157,1020,1.0,1,692,30.3054,-97.7497,housing/rent/apartment,Thumbnail,TX
3158,1001,1.0,1,692,30.3054,-97.7497,housing/rent/apartment,Thumbnail,TX
3159,1000,1.0,1,692,30.3054,-97.7497,housing/rent/apartment,Thumbnail,TX
3160,996,1.0,1,692,45.6558,-122.5888,housing/rent/apartment,Thumbnail,WA
3162,985,1.0,1,692,30.3054,-97.7497,housing/rent/apartment,Thumbnail,TX
3163,979,1.0,1,692,30.3054,-97.7497,housing/rent/apartment,Thumbnail,TX
3164,908,1.0,1,692,32.878,-96.7511,housing/rent/apartment,Thumbnail,TX
3165,900,1.0,1,692,29.7398,-98.1021,housing/rent/apartment,Thumbnail,TX
3166,890,1.0,1,692,30.3054,-97.7497,housing/rent/apartment,Thumbnail,TX
3167,890,1.0,1,692,32.8524,-97.0886,housing/rent/apartment,Thumbnail,TX
3168,829,1.0,0,692,29.7714,-95.4343,housing/rent/apartment,Thumbnail,TX
3169,750,1.0,1,692,43.5329,-96.7265,housing/rent/apartment,Thumbnail,SD
3170,746,1.0,1,692,35.471,-97.5299,housing/rent/apartment,Thumbnail,OK
3171,725,1.0,1,692,43.5329,-96.7265,housing/rent/apartment,Thumbnail,SD
3172,2475,1.0,1,693,34.0372,-118.2972,housing/rent/apartment,Thumbnail,CA
3174,1195,1.0,1,693,44.9855,-93.3023,housing/rent/apartment,Thumbnail,MN
3175,1060,1.0,1,693,30.3054,-97.7497,housing/rent/apartment,Thumbnail,TX
3176,985,1.0,1,693,30.3054,-97.7497,housing/rent/apartment,Thumbnail,TX
3177,2350,1.0,1,694,41.0292,-73.771,housing/rent/apartment,Thumbnail,NY
3178,1799,1.0,1,694,32.8212,-96.7853,housing/rent/apartment,Thumbnail,TX
3179,1695,1.0,1,694,33.8056,-118.1696,housing/rent/apartment,Thumbnail,CA
3180,1695,1.0,1,694,47.6869,-122.1896,housing/rent/apartment,Yes,WA
3181,1509,1.0,1,694,39.698,-105.1559,housing/rent/apartment,Thumbnail,CO
3183,970,1.0,1,694,39.0744,-94.5521,housing/rent/apartment,Thumbnail,MO
3184,925,1.0,1,694,33.5178,-112.0848,housing/rent/apartment,Thumbnail,AZ
3186,820,1.0,1,694,42.0259,-93.6516,housing/rent/apartment,Thumbnail,IA
3187,2390,1.0,1,695,34.1881,-118.3905,housing/rent/apartment,Thumbnail,CA
3189,1937,1.0,1,695,34.1677,-118.6141,housing/rent/apartment,Thumbnail,CA
3190,1600,1.0,1,695,30.3054,-97.7497,housing/rent/apartment,Thumbnail,TX
3191,1525,1.0,1,695,25.7951,-80.3434,housing/rent/apartment,Thumbnail,FL
3192,1177,1.0,1,695,39.4228,-77.4164,housing/rent/apartment,Thumbnail,MD
3193,1105,1.0,1,695,30.0066,-97.8071,housing/rent/apartment,Thumbnail,TX
3194,1065,1.0,3,695,36.8691,-76.2924,housing/rent/apartment,Thumbnail,VA
3196,800,1.0,1,695,33.9351,-84.5289,housing/rent/apartment,Yes,GA
3197,736,1.0,2,695,44.4469,-100.1875,housing/rent/apartment,Thumbnail,SD
3198,725,1.0,1,695,39.1679,-84.4933,housing/rent/apartment,Thumbnail,OH
3199,600,1.0,1,695,30.1213,-93.7711,housing/rent/apartment,Thumbnail,TX
3200,475,1.0,2,695,47.4997,-97.3236,housing/rent/apartment,Thumbnail,ND
3201,3030,1.0,1,696,40.722,-74.0644,housing/rent/apartment,Thumbnail,NJ
3202,2237,1.0,1,696,38.9016,-77.0508,housing/rent/apartment,Thumbnail,DC
3203,1800,1.0,0,696,38.8571,-77.0609,housing/rent/apartment,Thumbnail,VA
3204,1755,1.0,1,696,41.3245,-72.9194,housing/rent/apartment,Thumbnail,CT
3207,1355,1.0,1,696,32.8302,-96.7724,housing/rent/apartment,Thumbnail,TX
3208,1220,1.0,1,696,30.3054,-97.7497,housing/rent/apartment,Thumbnail,TX
3212,800,1.0,1,696,30.0871,-95.4685,housing/rent/apartment,Thumbnail,TX
3213,795,1.0,2,696,42.0259,-93.6516,housing/rent/apartment,Thumbnail,IA
3214,719,1.0,1,696,35.2016,-80.8124,housing/rent/apartment,Thumbnail,NC
3215,1750,1.0,1,697,43.643,-72.2528,housing/rent/apartment,Thumbnail,NH
3216,1740,1.0,1,697,43.643,-72.2528,housing/rent/apartment,Yes,NH
3217,1655,1.0,1,697,40.7061,-111.9048,housing/rent/apartment,Thumbnail,UT
3218,1565,1.0,1,697,43.0724,-89.4003,housing/rent/apartment,Thumbnail,WI
3219,1170,1.0,1,697,45.6558,-122.5888,housing/rent/apartment,Thumbnail,WA
3220,1155,1.0,1,697,30.5104,-97.9027,housing/rent/apartment,Thumbnail,TX
3221,1155,1.0,1,697,30.3054,-97.7497,housing/rent/apartment,Thumbnail,TX
3222,1090,1.0,1,697,45.6558,-122.5888,housing/rent/apartment,Thumbnail,WA
3223,945,1.0,1,697,35.9517,-79.071,housing/rent/apartment,Thumbnail,NC
3224,925,1.0,1,697,30.3054,-97.7497,housing/rent/apartment,Thumbnail,TX
3225,920,1.0,1,697,40.3911,-80.1989,housing/rent/apartment,Thumbnail,PA
3226,837,1.0,1,697,41.6675,-83.5837,housing/rent/apartment,Thumbnail,OH
3227,834,1.0,1,697,29.4624,-98.5253,housing/rent/apartment,Thumbnail,TX
3228,1695,1.0,1,698,38.4498,-122.7129,housing/rent/apartment,Thumbnail,CA
3229,1279,1.0,1,698,35.4751,-97.5035,housing/rent/apartment,Yes,OK
3230,1259,1.0,1,698,35.4751,-97.5035,housing/rent/apartment,Yes,OK
3231,1259,1.0,1,698,35.4751,-97.5035,housing/rent/apartment,Yes,OK
3233,1200,1.0,1,698,30.3054,-97.7497,housing/rent/apartment,Thumbnail,TX
3234,1084,1.0,1,698,39.1054,-84.5022,housing/rent/apartment,Yes,OH
3235,1028,1.0,1,698,29.6015,-95.6306,housing/rent/apartment,Thumbnail,TX
3237,1190,1.0,1,699,30.3054,-97.7497,housing/rent/apartment,Thumbnail,TX
3238,670,1.0,1,699,35.2505,-97.4596,housing/rent/apartment,No,OK
3240,2800,1.0,1,700,34.4312,-119.7292,housing/rent/apartment,Thumbnail,CA
3241,2600,1.0,1,700,47.6869,-122.1896,housing/rent/apartment,Yes,WA
3242,2500,1.0,1,700,42.3882,-83.1122,housing/rent/apartment,Thumbnail,MI
3243,2450,1.0,2,700,37.8726,-122.2707,housing/rent/apartment,Thumbnail,CA
3244,2450,1.0,1,700,33.9908,-118.4592,housing/rent/apartment,No,CA
3245,2395,1.0,2,700,37.7904,-122.2151,housing/rent/apartment,Thumbnail,CA
3247,2350,1.0,2,700,37.8726,-122.2707,housing/rent/apartment,Thumbnail,CA
3248,2350,1.0,2,700,37.8726,-122.2707,housing/rent/apartment,Thumbnail,CA
3249,2325,1.0,1,700,33.955,-118.3967,housing/rent/apartment,Thumbnail,CA
3250,2250,1.0,2,700,37.7904,-122.2151,housing/rent/apartment,Thumbnail,CA
3251,2100,1.0,1,700,37.3695,-122.0241,housing/rent/apartment,Thumbnail,CA
3253,2095,1.0,1,700,37.7904,-122.2151,housing/rent/apartment,Thumbnail,CA
3254,2095,1.0,1,700,34.0372,-118.2972,housing/rent/apartment,Thumbnail,CA
3255,2034,1.0,1,700,34.1672,-118.2671,housing/rent/apartment,Thumbnail,CA
3256,2025,1.0,1,700,41.8625,-87.6825,housing/rent/apartment,Thumbnail,IL
3257,1995,1.0,1,700,34.0372,-118.2972,housing/rent/apartment,Thumbnail,CA
3259,1925,1.0,1,700,38.9118,-77.0132,housing/rent/apartment,Thumbnail,DC
3260,1900,1.0,1,700,32.8113,-79.9947,housing/rent/apartment,Thumbnail,SC
3261,1850,1.0,1,700,42.4164,-71.0059,housing/rent/apartment,Thumbnail,MA
3262,1825,1.0,1,700,33.8412,-118.3572,housing/rent/apartment,Yes,CA
3263,1807,1.0,1,700,41.0025,-74.0303,housing/rent/apartment,Thumbnail,NJ
3265,1695,1.0,1,700,33.8663,-118.0656,housing/rent/apartment,Thumbnail,CA
3267,1689,1.0,2,700,40.6356,-74.2562,housing/rent/apartment,Thumbnail,NJ
3268,1668,1.0,1,700,42.4849,-71.1568,housing/rent/apartment,Thumbnail,MA
3269,1668,1.0,1,700,47.6829,-122.1209,housing/rent/apartment,Yes,WA
3270,1615,1.0,1,700,33.9299,-117.8849,housing/rent/apartment,Thumbnail,CA
3271,1600,1.0,1,700,40.5955,-74.6231,housing/rent/apartment,Thumbnail,NJ
3272,1600,1.0,1,700,47.616,-122.3275,housing/rent/apartment,Thumbnail,WA
3273,1600,1.0,1,700,40.936,-73.7568,housing/rent/apartment,Thumbnail,NY
3274,1595,1.5,1,700,47.616,-122.3275,housing/rent/apartment,Thumbnail,WA
3276,1570,1.0,1,700,44.9855,-93.3023,housing/rent/apartment,Thumbnail,MN
3277,1550,1.0,2,700,41.8625,-87.6825,housing/rent/apartment,Thumbnail,IL
3278,1544,1.0,1,700,30.3054,-97.7497,housing/rent/apartment,Thumbnail,TX
3279,1495,1.0,1,700,44.9405,-93.1027,housing/rent/apartment,Thumbnail,MN
3281,1475,1.0,1,700,44.937,-93.4394,housing/rent/apartment,Thumbnail,MN
3284,1466,1.0,1,700,47.3907,-122.2626,housing/rent/apartment,Yes,WA
3285,1463,1.0,1,700,47.3907,-122.2626,housing/rent/apartment,Yes,WA
3286,1455,1.0,1,700,41.7066,-72.5646,housing/rent/apartment,Yes,CT
3288,1445,1.0,1,700,47.3851,-122.1882,housing/rent/apartment,Thumbnail,WA
3290,1425,1.0,1,700,41.8625,-87.6825,housing/rent/apartment,Thumbnail,IL
3292,1398,1.0,1,700,39.0073,-76.6827,housing/rent/apartment,Yes,MD
3293,1395,1.0,1,700,44.9405,-93.1027,housing/rent/apartment,Thumbnail,MN
3294,1395,1.0,2,700,33.9136,-118.3527,housing/rent/apartment,Thumbnail,CA
3295,1350,1.0,1,700,47.75,-122.24,housing/rent/apartment,Thumbnail,WA
3297,1320,1.0,1,700,47.616,-122.3275,housing/rent/apartment,Thumbnail,WA
3301,1275,1.0,1,700,47.8318,-122.2834,housing/rent/apartment,Thumbnail,WA
3302,1275,1.0,1,700,39.8344,-105.0095,housing/rent/apartment,Thumbnail,CO
3303,1270,1.0,1,700,41.8625,-87.6825,housing/rent/apartment,Thumbnail,IL
3304,1259,1.0,1,700,39.736,-104.9819,housing/rent/apartment,Thumbnail,CO
3305,1245,1.0,1,700,39.0744,-94.5521,housing/rent/apartment,Thumbnail,MO
3307,1230,1.0,1,700,39.6041,-104.8594,housing/rent/apartment,Thumbnail,CO
3309,1175,1.0,1,700,33.5178,-112.0848,housing/rent/apartment,Thumbnail,AZ
3310,1150,1.0,1,700,45.4922,-122.8578,housing/rent/apartment,Thumbnail,OR
3311,1145,1.0,1,700,33.6895,-116.9659,housing/rent/apartment,Thumbnail,CA
3312,1145,1.0,1,700,43.0348,-71.1915,housing/rent/apartment,Yes,NH
3313,1131,1.0,1,700,30.3054,-97.7497,housing/rent/apartment,Thumbnail,TX
3314,1130,1.0,1,700,43.0724,-89.4003,housing/rent/apartment,Thumbnail,WI
3319,1095,1.0,1,700,45.4839,-122.6379,housing/rent/apartment,Thumbnail,OR
3322,1079,1.0,1,700,32.9075,-96.6339,housing/rent/apartment,Thumbnail,TX
3323,1076,1.0,1,700,35.9907,-78.9074,housing/rent/apartment,Thumbnail,NC
3324,1075,1.0,1,700,30.3054,-97.7497,housing/rent/apartment,Thumbnail,TX
3325,1065,1.0,1,700,39.7025,-104.9311,housing/rent/apartment,Thumbnail,CO
3327,1050,1.0,1,700,30.3054,-97.7497,housing/rent/apartment,Thumbnail,TX
3328,1050,1.0,1,700,29.4624,-98.5253,housing/rent/apartment,Thumbnail,TX
3329,1050,1.0,1,700,41.1908,-73.1965,housing/rent/apartment,Thumbnail,CT
3331,1045,1.0,1,700,41.8787,-87.9798,housing/rent/apartment,Thumbnail,IL
3332,1040,1.0,2,700,47.2334,-122.5457,housing/rent/apartment,Thumbnail,WA
3333,1040,1.0,2,700,39.9974,-82.9829,housing/rent/apartment,Thumbnail,OH
3334,1039,1.0,1,700,44.8338,-93.3197,housing/rent/apartment,Thumbnail,MN
3336,1030,1.0,1,700,30.3054,-97.7497,housing/rent/apartment,Thumbnail,TX
3337,1030,1.0,1,700,28.5163,-81.3644,housing/rent/apartment,Thumbnail,FL
3339,1025,1.0,1,700,32.0057,-102.1036,housing/rent/apartment,Thumbnail,TX
3340,1019,1.0,1,700,45.0201,-93.4623,housing/rent/apartment,Thumbnail,MN
3341,1015,1.0,1,700,29.4624,-98.5253,housing/rent/apartment,Thumbnail,TX
3342,1014,1.0,1,700,30.3054,-97.7497,housing/rent/apartment,Thumbnail,TX
3343,1013,1.0,1,700,33.9295,-84.4662,housing/rent/apartment,Yes,GA
3344,1011,1.0,1,700,30.3054,-97.7497,housing/rent/apartment,Thumbnail,TX
3345,999,1.0,1,700,41.5927,-93.6276,housing/rent/apartment,Thumbnail,IA
3346,999,1.0,1,700,30.3054,-97.7497,housing/rent/apartment,Thumbnail,TX
3347,995,1.0,1,700,37.1892,-93.2908,housing/rent/apartment,Thumbnail,MO
3348,995,1.0,1,700,42.5,-83.1868,housing/rent/apartment,Thumbnail,MI
3349,995,1.0,1,700,39.0744,-94.5521,housing/rent/apartment,Thumbnail,MO
3350,995,1.0,1,700,45.4839,-122.6379,housing/rent/apartment,Thumbnail,OR
3352,980,1.0,1,700,41.7609,-72.7477,housing/rent/apartment,Thumbnail,CT
3355,965,1.0,1,700,42.0259,-93.6516,housing/rent/apartment,Thumbnail,IA
3357,965,1.0,1,700,44.8653,-93.4749,housing/rent/apartment,Thumbnail,MN
3358,950,1.0,1,700,40.0054,-75.1415,housing/rent/apartment,Thumbnail,PA
3359,950,1.0,1,700,30.5118,-97.6873,housing/rent/apartment,Thumbnail,TX
3360,949,1.0,2,700,29.7714,-95.4343,housing/rent/apartment,Thumbnail,TX
3361,940,1.0,1,700,36.2548,-115.5263,housing/rent/apartment,Thumbnail,NV
3362,935,1.0,1,700,44.9405,-93.1027,housing/rent/apartment,Thumbnail,MN
3363,930,1.0,1,700,33.0066,-96.8901,housing/rent/apartment,Thumbnail,TX
3364,925,1.0,1,700,39.1679,-84.4933,housing/rent/apartment,Thumbnail,OH
3365,924,1.0,1,700,33.8737,-84.5097,housing/rent/apartment,Yes,GA
3366,905,1.0,1,700,30.3054,-97.7497,housing/rent/apartment,Thumbnail,TX
3367,905,1.0,1,700,39.7579,-75.5783,housing/rent/apartment,Thumbnail,DE
3368,904,1.0,1,700,30.0532,-95.2033,housing/rent/apartment,Thumbnail,TX
3369,900,1.0,1,700,36.1554,-115.1733,housing/rent/apartment,Thumbnail,NV
3370,900,1.0,1,700,39.1103,-94.702,housing/rent/apartment,Thumbnail,KS
3372,895,1.0,1,700,39.0744,-94.5521,housing/rent/apartment,Thumbnail,MO
3373,895,1.0,1,700,39.842,-75.0295,housing/rent/apartment,Thumbnail,NJ
3374,880,1.0,2,700,38.8021,-104.7105,housing/rent/apartment,Yes,CO
3375,875,1.0,2,700,42.6742,-73.7936,housing/rent/apartment,Thumbnail,NY
3377,850,1.0,1,700,39.0269,-94.6516,housing/rent/apartment,Thumbnail,KS
3378,850,1.0,1,700,39.0804,-108.5423,housing/rent/apartment,Yes,CO
3380,842,1.0,1,700,30.3054,-97.7497,housing/rent/apartment,Thumbnail,TX
3381,840,1.0,1,700,42.9694,-87.8732,housing/rent/apartment,Thumbnail,WI
3383,825,1.0,1,700,41.2623,-95.9625,housing/rent/apartment,Thumbnail,NE
3384,825,1.0,1,700,39.9591,-75.2725,housing/rent/apartment,Thumbnail,PA
3385,825,1.0,1,700,39.7579,-75.5783,housing/rent/apartment,Thumbnail,DE
3386,824,1.0,1,700,29.4624,-98.5253,housing/rent/apartment,Thumbnail,TX
3387,823,1.0,1,700,35.4571,-81.8035,housing/rent/apartment,Yes,NC
3389,785,1.0,1,700,41.2562,-96.0404,housing/rent/apartment,Thumbnail,NE
3390,775,1.0,1,700,30.2771,-89.7575,housing/rent/apartment,Thumbnail,LA
3391,775,1.0,1,700,43.0988,-73.1576,housing/rent/apartment,Yes,VT
3392,775,1.0,2,700,32.6857,-96.6013,housing/rent/apartment,Thumbnail,TX
3395,750,1.0,1,700,29.997,-90.1777,housing/rent/apartment,Thumbnail,LA
3396,750,1.0,1,700,41.9218,-73.067,housing/rent/apartment,Yes,CT
3398,730,1.0,2,700,42.7199,-84.5731,housing/rent/apartment,Thumbnail,MI
3399,725,1.0,2,700,36.116,-95.9281,housing/rent/apartment,Thumbnail,OK
3402,722,1.0,1,700,35.6982,-97.4325,housing/rent/apartment,Yes,OK
3403,718,1.0,1,700,41.1378,-95.9392,housing/rent/apartment,Thumbnail,NE
3404,715,1.0,1,700,39.0744,-94.5521,housing/rent/apartment,Thumbnail,MO
3405,705,1.0,1,700,40.3306,-79.8062,housing/rent/apartment,Thumbnail,PA
3406,700,1.0,2,700,36.2801,-95.8481,housing/rent/apartment,Thumbnail,OK
3407,700,1.0,1,700,38.9259,-94.6916,housing/rent/apartment,Thumbnail,KS
3408,695,2.0,2,700,42.9497,-85.6417,housing/rent/apartment,Thumbnail,MI
3409,692,1.0,1,700,38.9259,-94.6916,housing/rent/apartment,Thumbnail,KS
3410,690,1.0,1,700,42.0259,-93.6516,housing/rent/apartment,Thumbnail,IA
3413,665,1.0,1,700,41.2562,-96.0404,housing/rent/apartment,Thumbnail,NE
3414,655,1.0,1,700,40.2996,-79.819,housing/rent/apartment,Yes,PA
3415,630,1.0,1,700,30.6732,-88.1443,housing/rent/apartment,Thumbnail,AL
3416,600,1.0,1,700,30.0718,-94.1543,housing/rent/apartment,Thumbnail,TX
3417,600,1.0,1,700,38.7462,-90.2116,housing/rent/apartment,Thumbnail,MO
3418,595,1.0,1,700,38.6274,-90.304,housing/rent/apartment,Thumbnail,MO
3419,595,1.0,1,700,35.5119,-97.5026,housing/rent/apartment,Yes,OK
3420,459,1.0,1,700,36.116,-95.9281,housing/rent/apartment,Thumbnail,OK
3421,450,1.0,2,700,44.0407,-84.8054,housing/rent/apartment,Thumbnail,MI
3422,2000,1.0,1,701,37.7547,-121.9529,housing/rent/apartment,Thumbnail,CA
3423,1680,1.0,0,701,38.8571,-77.0609,housing/rent/apartment,Thumbnail,VA
3424,1622,1.0,1,701,28.0076,-82.4792,housing/rent/apartment,Thumbnail,FL
3426,1335,1.0,1,701,44.9545,-123.0072,housing/rent/apartment,Thumbnail,OR
3427,1165,1.0,1,701,32.9314,-97.0956,housing/rent/apartment,Yes,TX
3428,1054,1.0,1,701,32.7407,-97.3394,housing/rent/apartment,Thumbnail,TX
3430,914,1.0,1,701,35.7876,-78.781,housing/rent/apartment,Thumbnail,NC
3431,900,1.0,1,701,32.2264,-110.9438,housing/rent/apartment,Thumbnail,AZ
3432,687,1.0,1,701,42.8181,-84.4593,housing/rent/apartment,Thumbnail,MI
3433,675,1.0,1,701,32.5214,-94.8002,housing/rent/apartment,Yes,TX
3436,1455,1.0,1,702,32.8212,-96.7853,housing/rent/apartment,Thumbnail,TX
3437,1255,1.0,1,702,39.5525,-104.8721,housing/rent/apartment,Thumbnail,CO
3438,1122,1.0,1,702,32.8212,-96.7853,housing/rent/apartment,Thumbnail,TX
3439,999,1.0,1,702,30.5118,-97.6873,housing/rent/apartment,Thumbnail,TX
3440,950,1.0,1,702,37.1892,-93.2908,housing/rent/apartment,Thumbnail,MO
3441,949,1.0,1,702,30.3054,-97.7497,housing/rent/apartment,Thumbnail,TX
3442,945,1.0,1,702,41.094,-85.128,housing/rent/apartment,Thumbnail,IN
3443,860,1.0,1,702,33.5944,-112.1837,housing/rent/apartment,Thumbnail,AZ
3445,625,1.0,2,702,40.8381,-81.3937,housing/rent/apartment,Thumbnail,OH
3446,600,1.0,1,702,42.0259,-93.6516,housing/rent/apartment,Thumbnail,IA
3447,3503,1.0,1,703,42.328,-71.071,housing/rent/apartment,Thumbnail,MA
3448,1581,1.0,1,703,30.3054,-97.7497,housing/rent/apartment,Thumbnail,TX
3450,1175,1.0,1,703,43.6046,-116.2475,housing/rent/apartment,Thumbnail,ID
3451,1024,1.0,1,703,42.7445,-83.4085,housing/rent/apartment,Thumbnail,MI
3452,1000,1.0,1,703,35.2016,-80.8124,housing/rent/apartment,Thumbnail,NC
3453,990,1.0,1,703,32.7767,-97.0816,housing/rent/apartment,Thumbnail,TX
3454,965,1.0,1,703,32.7767,-97.0816,housing/rent/apartment,Thumbnail,TX
3455,830,1.0,1,703,29.4624,-98.5253,housing/rent/apartment,Thumbnail,TX
3456,825,1.0,1,703,48.2469,-101.3017,housing/rent/apartment,Thumbnail,ND
3457,3608,1.0,1,704,37.7599,-122.4379,housing/rent/apartment,Thumbnail,CA
3463,1000,1.0,1,704,43.0724,-89.4003,housing/rent/apartment,Thumbnail,WI
3464,819,1.0,1,704,32.6924,-97.1324,housing/rent/apartment,Yes,TX
3467,595,1.0,2,704,47.9299,-97.0173,housing/rent/apartment,Thumbnail,MN
3469,2350,1.0,1,705,42.3895,-71.1039,housing/rent/apartment,Thumbnail,MA
3472,1750,1.0,1,705,47.6767,-122.0799,housing/rent/apartment,Thumbnail,WA
3473,1720,1.0,0,705,38.8571,-77.0609,housing/rent/apartment,Thumbnail,VA
3475,1656,1.0,1,705,36.137,-86.783,housing/rent/apartment,Thumbnail,TN
3476,1355,2.0,1,705,39.2946,-76.6235,housing/rent/apartment,Thumbnail,MD
3477,1150,1.0,1,705,39.266,-76.8455,housing/rent/apartment,Yes,MD
3478,1000,1.0,1,705,30.3054,-97.7497,housing/rent/apartment,Thumbnail,TX
3479,935,1.0,1,705,39.96,-85.9837,housing/rent/apartment,Thumbnail,IN
3480,885,1.0,1,705,29.7714,-95.4343,housing/rent/apartment,Thumbnail,TX
3481,872,1.0,1,705,29.4624,-98.5253,housing/rent/apartment,Thumbnail,TX
3482,779,1.0,1,705,38.0172,-84.4931,housing/rent/apartment,Thumbnail,KY
3484,2140,1.0,1,706,30.2676,-97.7544,housing/rent/apartment,Thumbnail,TX
3485,1620,1.0,1,706,40.4678,-79.9134,housing/rent/apartment,Yes,PA
3486,1211,1.0,1,706,36.137,-86.783,housing/rent/apartment,Thumbnail,TN
3487,1048,1.0,1,706,34.025,-84.3128,housing/rent/apartment,Yes,GA
3489,973,1.0,1,706,29.7398,-98.1021,housing/rent/apartment,Thumbnail,TX
3490,935,1.0,1,706,29.5824,-98.2918,housing/rent/apartment,Thumbnail,TX
3491,679,1.0,1,706,40.4738,-86.1409,housing/rent/apartment,Thumbnail,IN
3492,2950,1.0,1,707,37.7904,-122.2151,housing/rent/apartment,Thumbnail,CA
3493,2050,1.0,1,707,33.7435,-118.2794,housing/rent/apartment,Yes,CA
3494,1995,1.0,1,707,33.8056,-118.1696,housing/rent/apartment,Thumbnail,CA
3495,1365,1.0,1,707,43.0724,-89.4003,housing/rent/apartment,Thumbnail,WI
3496,1130,1.0,1,707,44.9231,-123.0143,housing/rent/apartment,Thumbnail,OR
3497,999,1.0,1,707,35.7488,-78.6369,housing/rent/apartment,Yes,NC
3499,831,1.0,1,707,35.471,-97.5299,housing/rent/apartment,Thumbnail,OK
3500,570,1.0,1,707,41.815,-89.7165,housing/rent/apartment,Thumbnail,IL
3501,1570,1.0,1,708,34.1251,-117.5758,housing/rent/apartment,Thumbnail,CA
3503,1370,1.0,1,708,43.0336,-87.9094,housing/rent/apartment,Thumbnail,WI
3504,1334,1.0,1,708,39.5197,-119.8342,housing/rent/apartment,Thumbnail,NV
3505,1295,1.0,1,708,33.5178,-112.0848,housing/rent/apartment,Thumbnail,AZ
3506,1199,1.0,1,708,30.3054,-97.7497,housing/rent/apartment,Thumbnail,TX
3507,1186,1.0,1,708,30.3054,-97.7497,housing/rent/apartment,Thumbnail,TX
3508,1152,1.0,1,708,35.4694,-97.5069,housing/rent/apartment,Thumbnail,OK
3511,995,1.0,1,708,41.6828,-93.7077,housing/rent/apartment,Thumbnail,IA
3512,976,1.0,1,708,39.2669,-84.2921,housing/rent/apartment,Thumbnail,OH
3513,958,1.0,1,708,29.7714,-95.4343,housing/rent/apartment,Thumbnail,TX
3514,938,1.0,1,708,29.7714,-95.4343,housing/rent/apartment,Thumbnail,TX
3515,810,1.0,1,708,42.0259,-93.6516,housing/rent/apartment,Thumbnail,IA
3516,810,1.0,1,708,42.0259,-93.6516,housing/rent/apartment,Thumbnail,IA
3517,1840,1.0,1,709,41.2318,-73.0586,housing/rent/apartment,Thumbnail,CT
3518,1795,1.0,1,709,40.7647,-74.2119,housing/rent/apartment,Thumbnail,NJ
3522,1090,1.0,1,709,30.3054,-97.7497,housing/rent/apartment,Thumbnail,TX
3524,870,1.0,1,709,42.0259,-93.6516,housing/rent/apartment,Thumbnail,IA
3525,825,1.0,1,709,42.0259,-93.6516,housing/rent/apartment,Thumbnail,IA
3526,825,1.0,1,709,42.0259,-93.6516,housing/rent/apartment,Thumbnail,IA
3529,2092,1.0,2,710,47.5632,-122.2265,housing/rent/apartment,Thumbnail,WA
3531,1795,1.0,1,710,41.2318,-73.0586,housing/rent/apartment,Thumbnail,CT
3532,1790,1.0,2,710,38.9645,-76.9637,housing/rent/apartment,Thumbnail,MD
3534,1427,1.0,1,710,47.7637,-122.118,housing/rent/apartment,Thumbnail,WA
3535,1375,1.0,1,710,47.3071,-122.3404,housing/rent/apartment,Thumbnail,WA
3536,1350,1.0,1,710,43.0834,-87.8861,housing/rent/apartment,Thumbnail,WI
3537,1205,1.0,1,710,39.7333,-104.914,housing/rent/apartment,Thumbnail,CO
3538,1010,1.0,1,710,38.8562,-104.772,housing/rent/apartment,Thumbnail,CO
3540,832,1.0,1,710,33.9373,-84.2004,housing/rent/apartment,Yes,GA
3542,760,1.0,1,710,41.6251,-93.7375,housing/rent/apartment,Thumbnail,IA
3545,555,1.0,1,710,40.4032,-79.8382,housing/rent/apartment,Thumbnail,PA
3546,1865,1.0,1,711,33.5137,-86.7893,housing/rent/apartment,Thumbnail,AL
3547,1420,1.0,1,711,29.7714,-95.4343,housing/rent/apartment,Thumbnail,TX
3548,1390,1.0,1,711,33.7848,-84.3922,housing/rent/apartment,Thumbnail,GA
3550,959,1.0,1,711,41.2205,-112.0172,housing/rent/apartment,Thumbnail,UT
3552,1849,1.0,1,712,45.5091,-122.6449,housing/rent/apartment,Thumbnail,OR
3553,1772,1.0,1,712,47.5311,-122.0679,housing/rent/apartment,Yes,WA
3554,1600,2.0,2,712,33.7696,-118.1926,housing/rent/apartment,No,CA
3555,1375,1.0,1,712,30.3054,-97.7497,housing/rent/apartment,Thumbnail,TX
3557,1155,1.0,1,712,39.698,-105.1559,housing/rent/apartment,Thumbnail,CO
3558,1120,1.0,1,712,40.4146,-104.7321,housing/rent/apartment,Thumbnail,CO
3559,1075,1.0,1,712,38.2009,-85.6999,housing/rent/apartment,Thumbnail,KY
3560,1049,1.0,1,712,43.0042,-88.0184,housing/rent/apartment,Thumbnail,WI
3561,985,1.0,1,712,30.4433,-97.6282,housing/rent/apartment,Thumbnail,TX
3562,2669,1.0,1,713,34.0451,-118.2414,housing/rent/apartment,Thumbnail,CA
3563,2388,1.0,1,713,36.137,-86.783,housing/rent/apartment,Thumbnail,TN
3564,1525,1.0,2,713,39.736,-104.9819,housing/rent/apartment,Thumbnail,CO
3565,1495,1.0,1,713,39.2144,-76.8797,housing/rent/apartment,Yes,MD
3566,1350,1.0,1,713,30.3054,-97.7497,housing/rent/apartment,Thumbnail,TX
3568,975,1.0,1,713,29.8831,-97.945,housing/rent/apartment,Thumbnail,TX
3569,779,1.0,1,713,36.1193,-78.6893,housing/rent/apartment,Thumbnail,NC
3570,3000,1.0,1,714,42.3882,-83.1122,housing/rent/apartment,Thumbnail,MI
3571,2105,1.0,1,714,38.8738,-77.1055,housing/rent/apartment,Thumbnail,VA
3572,1635,1.0,1,714,33.8813,-117.9263,housing/rent/apartment,Thumbnail,CA
3573,1620,1.0,1,714,33.8323,-117.9079,housing/rent/apartment,Thumbnail,CA
3574,1575,1.0,1,714,30.3054,-97.7497,housing/rent/apartment,Thumbnail,TX
3576,849,1.0,1,714,29.7714,-95.4343,housing/rent/apartment,Thumbnail,TX
3577,809,1.0,1,714,36.0913,-79.2861,housing/rent/apartment,Thumbnail,NC
3580,1775,1.0,1,715,41.8729,-70.6414,housing/rent/apartment,Thumbnail,MA
3581,1762,1.0,1,715,39.0017,-77.0353,housing/rent/apartment,No,MD
3582,1690,1.0,1,715,43.0791,-73.7766,housing/rent/apartment,Thumbnail,NY
3583,1420,1.0,1,715,33.5178,-112.0848,housing/rent/apartment,Thumbnail,AZ
3584,1195,1.0,1,715,40.5734,-111.8511,housing/rent/apartment,Thumbnail,UT
3585,1105,1.0,1,715,41.5509,-72.6637,housing/rent/apartment,Thumbnail,CT
3586,1000,1.0,1,715,38.6274,-90.304,housing/rent/apartment,Thumbnail,MO
3587,990,1.0,1,715,33.4146,-111.766,housing/rent/apartment,Thumbnail,AZ
3588,979,1.0,1,715,44.8823,-93.0441,housing/rent/apartment,Thumbnail,MN
3589,895,1.0,1,715,29.8831,-97.945,housing/rent/apartment,Thumbnail,TX
3590,849,1.0,1,715,29.4624,-98.5253,housing/rent/apartment,Thumbnail,TX
3591,835,1.0,1,715,34.0007,-84.4665,housing/rent/apartment,Yes,GA
3592,815,1.0,1,715,34.0007,-84.4665,housing/rent/apartment,Thumbnail,GA
3593,815,1.0,1,715,34.0007,-84.4665,housing/rent/apartment,Yes,GA
3595,665,1.0,1,715,29.7714,-95.4343,housing/rent/apartment,Thumbnail,TX
3597,1515,1.0,1,716,33.6884,-117.1904,housing/rent/apartment,Thumbnail,CA
3598,1099,1.0,1,716,43.1689,-77.6289,housing/rent/apartment,Thumbnail,NY
3599,1019,1.0,1,716,34.0007,-84.4665,housing/rent/apartment,Yes,GA
3600,995,1.0,1,716,35.6259,-78.8364,housing/rent/apartment,Thumbnail,NC
3601,895,1.0,2,716,38.9163,-94.3719,housing/rent/apartment,Thumbnail,MO
3603,783,1.0,1,716,37.1892,-93.2908,housing/rent/apartment,Thumbnail,MO
3604,760,1.0,1,716,32.8255,-97.1039,housing/rent/apartment,Thumbnail,TX
3605,2300,1.0,1,717,40.9392,-73.8727,housing/rent/apartment,Thumbnail,NY
3607,1350,1.0,1,717,35.9707,-79.0428,housing/rent/apartment,Thumbnail,NC
3608,1265,1.0,1,717,38.7555,-76.9825,housing/rent/apartment,Thumbnail,MD
3609,1200,1.0,1,717,38.7555,-76.9825,housing/rent/apartment,Thumbnail,MD
3611,1018,1.0,1,717,33.1993,-97.1268,housing/rent/apartment,Thumbnail,TX
3612,930,1.0,1,717,45.6208,-94.2092,housing/rent/apartment,Thumbnail,MN
3613,791,1.0,1,717,38.5855,-90.5365,housing/rent/apartment,Thumbnail,MO
3614,605,1.0,1,717,37.034,-88.6479,housing/rent/apartment,Thumbnail,KY
3615,1705,1.0,2,718,30.3054,-97.7497,housing/rent/apartment,Thumbnail,TX
3618,1119,1.0,1,718,37.4774,-77.6585,housing/rent/apartment,Thumbnail,VA
3619,1065,1.0,1,718,32.6924,-97.1324,housing/rent/apartment,Thumbnail,TX
3620,895,1.0,2,718,32.7025,-97.1196,housing/rent/apartment,Thumbnail,TX
3621,880,1.0,1,718,27.9993,-82.1246,housing/rent/apartment,Thumbnail,FL
3623,805,1.0,1,718,36.5311,-82.5209,housing/rent/apartment,Thumbnail,TN
3624,675,1.0,1,718,29.7714,-95.4343,housing/rent/apartment,Thumbnail,TX
3626,2190,1.0,1,719,47.6869,-122.1896,housing/rent/apartment,Yes,WA
3627,1795,1.0,1,719,47.6097,-122.044,housing/rent/apartment,Thumbnail,WA
3628,1693,1.0,1,719,47.5481,-122.0471,housing/rent/apartment,Thumbnail,WA
3629,1499,1.0,1,719,38.9986,-76.9273,housing/rent/apartment,Thumbnail,MD
3630,1319,1.0,1,719,32.9239,-96.8765,housing/rent/apartment,Thumbnail,TX
3631,1279,1.0,1,719,32.9239,-96.8765,housing/rent/apartment,Thumbnail,TX
3632,1229,1.0,1,719,34.0341,-84.5061,housing/rent/apartment,No,GA
3633,1094,1.0,1,719,34.0341,-84.5061,housing/rent/apartment,Yes,GA
3634,1079,1.0,1,719,34.0341,-84.5061,housing/rent/apartment,Yes,GA
3635,1064,1.0,1,719,29.7398,-98.1021,housing/rent/apartment,Thumbnail,TX
3636,1025,1.0,1,719,29.4624,-98.5253,housing/rent/apartment,Thumbnail,TX
3637,969,1.0,2,719,30.5118,-97.6873,housing/rent/apartment,Thumbnail,TX
3638,883,1.0,1,719,41.1378,-95.9392,housing/rent/apartment,Thumbnail,NE
3639,810,1.0,1,719,39.8603,-85.9993,housing/rent/apartment,Thumbnail,IN
3641,3389,1.0,1,720,42.3739,-71.1155,housing/rent/apartment,Thumbnail,MA
3642,3200,1.0,2,720,37.7599,-122.4379,housing/rent/apartment,Thumbnail,CA
3643,2775,1.0,2,720,38.9118,-77.0132,housing/rent/apartment,Thumbnail,DC
3645,2315,1.0,1,720,42.4816,-71.096,housing/rent/apartment,Thumbnail,MA
3646,2165,1.0,1,720,34.1375,-118.1656,housing/rent/apartment,Yes,CA
3649,1990,1.0,1,720,40.7925,-74.0215,housing/rent/apartment,Thumbnail,NJ
3651,1832,1.0,1,720,40.7372,-74.3287,housing/rent/apartment,Thumbnail,NJ
3653,1795,1.0,1,720,38.9118,-77.0132,housing/rent/apartment,Thumbnail,DC
3654,1775,1.0,1,720,39.905,-74.9965,housing/rent/apartment,Yes,NJ
3655,1750,1.0,1,720,45.5091,-122.6449,housing/rent/apartment,Thumbnail,OR
3656,1720,1.0,1,720,33.8183,-118.0236,housing/rent/apartment,Thumbnail,CA
3658,1695,1.0,2,720,33.7815,-118.1934,housing/rent/apartment,Thumbnail,CA
3659,1590,1.0,1,720,44.9855,-93.3023,housing/rent/apartment,Thumbnail,MN
3660,1589,1.0,1,720,33.8726,-117.8546,housing/rent/apartment,Thumbnail,CA
3662,1445,1.0,1,720,33.945,-117.4074,housing/rent/apartment,Thumbnail,CA
3663,1309,1.0,1,720,39.6767,-104.8854,housing/rent/apartment,Thumbnail,CO
3664,1250,1.0,2,720,39.9608,-104.8195,housing/rent/apartment,Thumbnail,CO
3665,1225,1.0,2,720,43.0724,-89.4003,housing/rent/apartment,Thumbnail,WI
3666,1225,1.0,1,720,39.0614,-76.8511,housing/rent/apartment,Thumbnail,MD
3668,1185,1.0,1,720,44.8144,-93.1655,housing/rent/apartment,Thumbnail,MN
3670,1130,1.0,1,720,39.3905,-119.8071,housing/rent/apartment,Thumbnail,NV
3671,1100,1.0,2,720,38.8647,-94.8283,housing/rent/apartment,Thumbnail,KS
3672,1084,1.0,1,720,39.3905,-119.8071,housing/rent/apartment,Thumbnail,NV
3673,1020,1.0,1,720,38.6274,-90.304,housing/rent/apartment,Thumbnail,MO
3674,1009,1.0,1,720,42.7449,-83.0073,housing/rent/apartment,Thumbnail,MI
3675,999,1.0,1,720,39.0744,-94.5521,housing/rent/apartment,Thumbnail,MO
3676,986,1.0,1,720,36.1554,-115.1733,housing/rent/apartment,Thumbnail,NV
3677,975,1.0,1,720,29.4624,-98.5253,housing/rent/apartment,Thumbnail,TX
3678,955,1.0,1,720,30.5118,-97.6873,housing/rent/apartment,Thumbnail,TX
3679,946,1.0,2,720,39.3191,-76.6126,housing/rent/apartment,Thumbnail,MD
3680,919,1.0,1,720,30.3054,-97.7497,housing/rent/apartment,Thumbnail,TX
3682,895,1.0,1,720,41.2562,-96.0404,housing/rent/apartment,Thumbnail,NE
3683,895,1.0,1,720,38.8562,-104.772,housing/rent/apartment,Thumbnail,CO
3684,845,1.0,1,720,61.1723,-149.8414,housing/rent/apartment,Thumbnail,AK
3685,841,1.0,1,720,38.8647,-94.8283,housing/rent/apartment,Thumbnail,KS
3686,835,1.0,2,720,44.0763,-103.2121,housing/rent/apartment,Thumbnail,SD
3687,835,1.0,2,720,44.0763,-103.2121,housing/rent/apartment,Thumbnail,SD
3688,825,1.0,1,720,41.2562,-96.0404,housing/rent/apartment,Thumbnail,NE
3691,650,1.0,2,720,42.0191,-93.4512,housing/rent/apartment,Thumbnail,IA
3692,620,1.0,2,720,43.006,-84.0666,housing/rent/apartment,Thumbnail,MI
3695,2850,1.0,1,721,34.4312,-119.7292,housing/rent/apartment,Thumbnail,CA
3696,1995,1.0,3,721,47.6302,-122.0537,housing/rent/apartment,No,WA
3697,1440,1.0,1,721,47.4608,-122.2095,housing/rent/apartment,Thumbnail,WA
3698,1260,1.0,1,721,45.2414,-122.6766,housing/rent/apartment,Thumbnail,OR
3700,915,1.0,1,721,29.4624,-98.5253,housing/rent/apartment,Thumbnail,TX
3701,841,1.0,1,721,38.6274,-90.304,housing/rent/apartment,Thumbnail,MO
3702,2795,1.0,1,722,37.7904,-122.2151,housing/rent/apartment,Thumbnail,CA
3703,1814,1.0,1,722,41.8625,-87.6825,housing/rent/apartment,Thumbnail,IL
3706,1400,1.0,1,722,40.4841,-74.4526,housing/rent/apartment,Thumbnail,NJ
3708,1165,1.0,1,722,39.6828,-104.8078,housing/rent/apartment,Thumbnail,CO
3709,1039,1.0,1,722,29.7714,-95.4343,housing/rent/apartment,Thumbnail,TX
3710,985,1.0,1,722,39.3446,-84.3143,housing/rent/apartment,Thumbnail,OH
3711,950,1.0,1,722,29.6015,-95.6306,housing/rent/apartment,Thumbnail,TX
3712,950,1.0,1,722,27.8689,-97.2057,housing/rent/apartment,Thumbnail,TX
3713,940,1.0,1,722,29.7398,-98.1021,housing/rent/apartment,Thumbnail,TX
3714,928,1.0,1,722,32.8582,-97.2357,housing/rent/apartment,Thumbnail,TX
3715,910,1.0,1,722,29.4624,-98.5253,housing/rent/apartment,Thumbnail,TX
3716,855,1.0,1,722,45.5509,-94.1725,housing/rent/apartment,Thumbnail,MN
3717,828,1.0,1,722,35.1872,-101.8587,housing/rent/apartment,Thumbnail,TX
3719,769,1.0,1,722,35.9695,-83.981,housing/rent/apartment,Thumbnail,TN
3720,3528,1.0,1,723,37.552,-122.306,housing/rent/apartment,Thumbnail,CA
3722,2280,1.0,1,723,38.9348,-77.059,housing/rent/apartment,Thumbnail,DC
3723,1677,1.0,1,723,34.1873,-119.1738,housing/rent/apartment,Thumbnail,CA
3724,1587,1.0,1,723,38.9171,-76.8839,housing/rent/apartment,Thumbnail,MD
3725,1212,1.0,1,723,32.8212,-96.7853,housing/rent/apartment,Thumbnail,TX
3726,1149,1.0,1,723,36.116,-95.9281,housing/rent/apartment,Thumbnail,OK
3727,945,1.0,1,723,32.7583,-97.088,housing/rent/apartment,Thumbnail,TX
3728,940,1.0,1,723,29.4624,-98.5253,housing/rent/apartment,Thumbnail,TX
3730,800,1.0,1,723,42.7411,-87.8273,housing/rent/apartment,Thumbnail,WI
3731,715,1.0,1,723,43.5329,-96.7265,housing/rent/apartment,Thumbnail,SD
3732,2500,1.0,1,724,30.3054,-97.7497,housing/rent/apartment,Thumbnail,TX
3733,1759,1.0,1,724,47.6124,-122.1427,housing/rent/apartment,Yes,WA
3734,1425,1.0,1,724,39.9918,-74.8073,housing/rent/apartment,Yes,NJ
3735,1220,1.0,1,724,36.116,-95.9281,housing/rent/apartment,Thumbnail,OK
3736,1205,1.0,1,724,33.6895,-116.9659,housing/rent/apartment,Thumbnail,CA
3737,1045,1.0,1,724,35.3808,-81.3768,housing/rent/apartment,Yes,NC
3738,900,1.0,1,724,29.2828,-94.8253,housing/rent/apartment,Thumbnail,TX
3739,825,1.0,1,724,40.0054,-75.1415,housing/rent/apartment,Thumbnail,PA
3741,2319,1.0,1,725,33.7696,-118.1926,housing/rent/apartment,Thumbnail,CA
3742,2195,1.0,1,725,34.0372,-118.2972,housing/rent/apartment,Thumbnail,CA
3744,1675,1.0,2,725,40.0054,-75.1415,housing/rent/apartment,Thumbnail,PA
3745,1650,1.0,1,725,34.1656,-118.3916,housing/rent/apartment,Thumbnail,CA
3746,1650,1.0,1,725,44.9368,-93.3605,housing/rent/apartment,Thumbnail,MN
3747,1625,1.0,1,725,42.1246,-71.1089,housing/rent/apartment,Thumbnail,MA
3748,1565,1.0,1,725,38.9524,-77.3439,housing/rent/apartment,Thumbnail,VA
3749,1550,1.0,1,725,39.0017,-77.0353,housing/rent/apartment,Yes,MD
3750,1544,1.0,1,725,30.3054,-97.7497,housing/rent/apartment,Thumbnail,TX
3751,1501,1.0,1,725,39.2144,-76.8797,housing/rent/apartment,Thumbnail,MD
3752,1438,1.0,1,725,40.6277,-74.4334,housing/rent/apartment,Yes,NJ
3753,1365,1.0,1,725,47.7921,-122.3045,housing/rent/apartment,Thumbnail,WA
3755,1270,1.0,1,725,42.9833,-71.4574,housing/rent/apartment,Thumbnail,NH
3757,1240,1.0,1,725,42.9833,-71.4574,housing/rent/apartment,Thumbnail,NH
3758,1200,1.0,1,725,44.8338,-93.3197,housing/rent/apartment,Thumbnail,MN
3759,1200,1.0,2,725,40.6498,-111.9625,housing/rent/apartment,Thumbnail,UT
3760,1170,1.0,1,725,33.5783,-111.8902,housing/rent/apartment,Thumbnail,AZ
3761,1100,1.0,1,725,45.0317,-93.3587,housing/rent/apartment,Thumbnail,MN
3762,1049,1.0,1,725,30.6505,-97.6809,housing/rent/apartment,Thumbnail,TX
3763,1015,1.0,1,725,35.7876,-78.781,housing/rent/apartment,Thumbnail,NC
3764,993,1.0,1,725,33.9222,-84.0725,housing/rent/apartment,No,GA
3765,975,1.0,1,725,32.91,-97.5572,housing/rent/apartment,Thumbnail,TX
3766,970,1.0,2,725,39.1471,-86.5136,housing/rent/apartment,Thumbnail,IN
3767,945,1.0,1,725,32.91,-97.5572,housing/rent/apartment,Yes,TX
3770,865,1.0,1,725,32.878,-96.7511,housing/rent/apartment,Thumbnail,TX
3771,835,1.0,1,725,29.4624,-98.5253,housing/rent/apartment,Thumbnail,TX
3776,795,1.0,1,725,39.3754,-76.8054,housing/rent/apartment,Thumbnail,MD
3778,765,1.0,1,725,29.4624,-98.5253,housing/rent/apartment,Thumbnail,TX
3779,735,1.0,1,725,41.2562,-96.0404,housing/rent/apartment,Thumbnail,NE
3780,725,1.0,1,725,32.7693,-96.6848,housing/rent/apartment,Thumbnail,TX
3781,715,1.0,1,725,41.2562,-96.0404,housing/rent/apartment,Thumbnail,NE
3783,1653,1.0,1,726,47.4608,-122.2095,housing/rent/apartment,Yes,WA
3784,1339,1.0,1,726,30.4973,-97.8276,housing/rent/apartment,Thumbnail,TX
3787,705,1.0,2,726,41.3963,-81.8343,housing/rent/apartment,Thumbnail,OH
3789,2235,1.0,1,727,34.1428,-117.9996,housing/rent/apartment,No,CA
3790,1660,1.0,1,727,33.7848,-84.3922,housing/rent/apartment,Thumbnail,GA
3791,1355,1.0,1,727,36.8532,-76.2902,housing/rent/apartment,Thumbnail,VA
3792,1130,1.0,1,727,38.9993,-76.975,housing/rent/apartment,Thumbnail,MD
3793,1003,1.0,1,727,42.4761,-83.4802,housing/rent/apartment,Thumbnail,MI
3794,830,1.0,1,727,33.7147,-84.1355,housing/rent/apartment,Thumbnail,GA
3795,815,1.0,1,727,30.4601,-84.2714,housing/rent/apartment,Thumbnail,FL
3797,761,1.0,2,727,29.9756,-90.0573,housing/rent/apartment,Thumbnail,LA
3798,670,1.0,1,727,39.0744,-94.5521,housing/rent/apartment,Thumbnail,MO
3801,1375,1.0,2,728,42.9367,-72.2863,housing/rent/apartment,Thumbnail,NH
3802,1290,1.0,1,728,40.7061,-111.9048,housing/rent/apartment,Thumbnail,UT
3803,1260,1.0,2,728,41.6899,-71.5926,housing/rent/apartment,Thumbnail,RI
3804,1100,1.0,1,728,34.1334,-117.292,housing/rent/apartment,Thumbnail,CA
3805,1020,1.0,1,728,36.0198,-115.1504,housing/rent/apartment,Thumbnail,NV
3806,1010,1.0,1,728,36.0198,-115.1504,housing/rent/apartment,Thumbnail,NV
3807,995,1.0,1,728,45.0893,-93.031,housing/rent/apartment,Thumbnail,MN
3808,960,1.0,1,728,61.1723,-149.8414,housing/rent/apartment,Thumbnail,AK
3809,930,1.0,1,728,42.6808,-89.0286,housing/rent/apartment,Thumbnail,WI
3810,815,1.0,1,728,30.3054,-97.7497,housing/rent/apartment,Thumbnail,TX
3811,2095,1.0,2,729,47.616,-122.3275,housing/rent/apartment,Thumbnail,WA
3812,1828,1.0,1,729,47.6829,-122.1209,housing/rent/apartment,Thumbnail,WA
3813,1733,1.0,1,729,30.3054,-97.7497,housing/rent/apartment,Thumbnail,TX
3814,1069,1.0,1,729,30.3054,-97.7497,housing/rent/apartment,Thumbnail,TX
3815,904,1.0,1,729,29.6015,-95.6306,housing/rent/apartment,Thumbnail,TX
3817,885,1.0,1,729,45.5638,-93.2282,housing/rent/apartment,Thumbnail,MN
3818,1989,1.0,1,730,40.3663,-74.6688,housing/rent/apartment,Thumbnail,NJ
3819,1812,1.0,1,730,40.3663,-74.6688,housing/rent/apartment,Thumbnail,NJ
3821,1325,1.0,1,730,40.4448,-79.9725,housing/rent/apartment,Thumbnail,PA
3822,1298,1.0,1,730,45.4851,-122.8349,housing/rent/apartment,Thumbnail,OR
3823,1245,1.0,1,730,41.3708,-72.9259,housing/rent/apartment,Thumbnail,CT
3824,1190,1.0,1,730,39.9539,-74.9955,housing/rent/apartment,Thumbnail,NJ
3825,1108,1.0,2,730,41.3498,-72.1062,housing/rent/apartment,Thumbnail,CT
3826,1089,1.0,1,730,28.5163,-81.3644,housing/rent/apartment,Thumbnail,FL
3827,1050,1.0,1,730,30.5118,-97.6873,housing/rent/apartment,Thumbnail,TX
3828,1025,1.0,1,730,40.6811,-111.9962,housing/rent/apartment,Thumbnail,UT
3829,998,1.0,1,730,39.3191,-76.6126,housing/rent/apartment,Thumbnail,MD
3830,998,1.0,2,730,41.3498,-72.1062,housing/rent/apartment,Yes,CT
3831,998,1.0,2,730,41.3498,-72.1062,housing/rent/apartment,Yes,CT
3832,950,1.0,1,730,45.0794,-93.1872,housing/rent/apartment,Thumbnail,MN
3833,928,1.0,1,730,29.4624,-98.5253,housing/rent/apartment,Thumbnail,TX
3834,900,1.0,1,730,38.6274,-90.304,housing/rent/apartment,Thumbnail,MO
3835,729,1.0,1,730,39.2593,-94.571,housing/rent/apartment,Thumbnail,MO
3836,714,1.0,1,730,29.6015,-95.6306,housing/rent/apartment,Thumbnail,TX
3837,690,1.0,1,730,41.2562,-96.0404,housing/rent/apartment,Thumbnail,NE
3840,2050,2.0,2,731,21.4476,-158.0221,housing/rent/apartment,Thumbnail,HI
3841,1964,1.0,1,731,30.3054,-97.7497,housing/rent/apartment,Thumbnail,TX
3842,1800,1.0,2,731,38.0172,-84.4931,housing/rent/apartment,Thumbnail,KY
3843,1305,1.0,1,731,29.7714,-95.4343,housing/rent/apartment,Thumbnail,TX
3844,1305,1.0,1,731,30.3054,-97.7497,housing/rent/apartment,Thumbnail,TX
3846,809,1.0,1,731,43.8294,-111.7828,housing/rent/apartment,Thumbnail,ID
3848,3295,1.0,1,732,37.7599,-122.4379,housing/rent/apartment,Thumbnail,CA
3849,2264,1.0,1,732,41.0155,-73.6756,housing/rent/apartment,Thumbnail,NY
3850,1875,1.0,1,732,47.5988,-122.1507,housing/rent/apartment,Thumbnail,WA
3851,1695,1.0,2,732,47.616,-122.3275,housing/rent/apartment,Thumbnail,WA
3852,1599,1.5,2,732,45.5091,-122.6449,housing/rent/apartment,Thumbnail,OR
3853,1595,1.0,1,732,33.9383,-118.1327,housing/rent/apartment,Thumbnail,CA
3855,1260,1.0,1,732,39.0614,-76.8511,housing/rent/apartment,Thumbnail,MD
3857,1115,1.0,1,732,32.8162,-96.8887,housing/rent/apartment,Thumbnail,TX
3858,1100,1.0,1,732,30.6554,-91.1346,housing/rent/apartment,Thumbnail,LA
3859,2249,1.0,1,733,34.1375,-118.1656,housing/rent/apartment,Thumbnail,CA
3862,1511,1.0,1,733,25.7603,-80.3005,housing/rent/apartment,Thumbnail,FL
3863,1450,1.0,1,733,35.9907,-78.9074,housing/rent/apartment,Thumbnail,NC
3864,1390,1.0,1,733,40.7061,-111.9048,housing/rent/apartment,Thumbnail,UT
3865,1340,1.0,2,733,43.2523,-70.8736,housing/rent/apartment,Yes,NH
3866,1096,1.0,1,733,30.5118,-97.6873,housing/rent/apartment,Thumbnail,TX
3867,830,1.0,1,733,41.4669,-93.6878,housing/rent/apartment,Thumbnail,IA
3868,1404,1.0,1,734,39.2031,-76.7531,housing/rent/apartment,Yes,MD
3869,1400,1.0,1,734,30.3054,-97.7497,housing/rent/apartment,Thumbnail,TX
3870,1039,1.0,1,734,33.0476,-96.7467,housing/rent/apartment,Thumbnail,TX
3871,929,1.0,1,734,43.5329,-96.7265,housing/rent/apartment,Thumbnail,SD
3872,917,1.0,1,734,29.4624,-98.5253,housing/rent/apartment,Thumbnail,TX
3875,750,1.0,1,734,42.9373,-112.4885,housing/rent/apartment,Thumbnail,ID
3876,744,1.0,1,734,44.0763,-103.2121,housing/rent/apartment,Thumbnail,SD
3877,703,1.0,1,734,39.2129,-85.9099,housing/rent/apartment,Thumbnail,IN
3878,2689,1.0,1,735,33.955,-118.3967,housing/rent/apartment,Thumbnail,CA
3879,2412,1.0,1,735,42.3968,-71.0342,housing/rent/apartment,Thumbnail,MA
3881,1719,1.0,1,735,38.8738,-77.1055,housing/rent/apartment,Thumbnail,VA
3883,1568,2.0,2,735,44.041,-123.1254,housing/rent/apartment,Thumbnail,OR
3884,1540,1.0,1,735,33.8005,-117.997,housing/rent/apartment,Thumbnail,CA
3885,1495,1.0,1,735,33.8323,-117.9079,housing/rent/apartment,Thumbnail,CA
3887,1295,1.0,1,735,39.1179,-84.4254,housing/rent/apartment,Yes,OH
3888,1294,1.0,2,735,38.7999,-77.1072,housing/rent/apartment,Thumbnail,VA
3889,1172,1.0,1,735,34.2088,-84.1351,housing/rent/apartment,Thumbnail,GA
3891,1138,1.0,1,735,36.0001,-86.7912,housing/rent/apartment,Thumbnail,TN
3892,1125,2.0,1,735,37.2312,-80.4159,housing/rent/apartment,Thumbnail,VA
3893,1007,1.0,1,735,38.9163,-94.3719,housing/rent/apartment,Thumbnail,MO
3894,950,1.0,1,735,29.7398,-98.1021,housing/rent/apartment,Thumbnail,TX
3896,855,1.0,1,735,41.6828,-93.7077,housing/rent/apartment,Thumbnail,IA
3897,767,1.0,1,735,40.047,-86.1379,housing/rent/apartment,Thumbnail,IN
3898,1595,1.0,1,736,47.8304,-122.3456,housing/rent/apartment,Thumbnail,WA
3899,1520,1.0,1,736,32.0057,-102.1036,housing/rent/apartment,Thumbnail,TX
3900,1285,1.0,1,736,47.3071,-122.3404,housing/rent/apartment,Thumbnail,WA
3901,1101,1.0,1,736,29.7528,-95.4976,housing/rent/apartment,Thumbnail,TX
3902,1094,1.0,1,736,29.4624,-98.5253,housing/rent/apartment,Thumbnail,TX
3905,1795,1.0,1,737,38.8488,-77.3296,housing/rent/apartment,Thumbnail,VA
3906,1585,1.0,1,737,32.0057,-102.1036,housing/rent/apartment,Thumbnail,TX
3907,1155,1.0,1,737,29.7714,-95.4343,housing/rent/apartment,Thumbnail,TX
3908,925,1.0,1,737,39.0744,-94.5521,housing/rent/apartment,Thumbnail,MO
3909,795,1.0,1,737,29.4624,-98.5253,housing/rent/apartment,Thumbnail,TX
3910,695,1.0,1,737,42.4869,-92.3426,housing/rent/apartment,Thumbnail,IA
3911,1926,1.0,1,738,38.8738,-77.1055,housing/rent/apartment,Thumbnail,VA
3912,1708,1.0,1,738,33.7767,-117.9537,housing/rent/apartment,Thumbnail,CA
3914,1649,1.0,1,738,28.0076,-82.4792,housing/rent/apartment,Thumbnail,FL
3916,1325,1.0,1,738,43.6846,-70.3559,housing/rent/apartment,Thumbnail,ME
3917,1204,1.0,1,738,35.8079,-78.6466,housing/rent/apartment,Yes,NC
3918,985,1.0,1,738,38.8516,-76.8871,housing/rent/apartment,Thumbnail,MD
3920,3895,1.0,1,739,37.7599,-122.4379,housing/rent/apartment,Thumbnail,CA
3921,2175,1.0,1,739,40.789,-74.0122,housing/rent/apartment,Yes,NJ
3923,1700,1.0,1,739,42.9442,-71.5194,housing/rent/apartment,Yes,NH
3924,1480,1.0,1,739,39.7025,-104.9311,housing/rent/apartment,Thumbnail,CO
3925,1450,1.0,1,739,44.9368,-93.3605,housing/rent/apartment,Thumbnail,MN
3926,1240,1.0,1,739,39.4049,-76.5929,housing/rent/apartment,Thumbnail,MD
3927,1220,1.0,1,739,33.3423,-111.7755,housing/rent/apartment,Thumbnail,AZ
3928,1195,1.0,1,739,36.0698,-119.02,housing/rent/apartment,Thumbnail,CA
3930,3869,1.0,1,740,37.7599,-122.4379,housing/rent/apartment,Thumbnail,CA
3931,2195,1.0,1,740,42.3895,-71.1039,housing/rent/apartment,Thumbnail,MA
3933,1979,1.0,0,740,38.8571,-77.0609,housing/rent/apartment,Thumbnail,VA
3935,1725,1.0,1,740,47.8616,-122.2729,housing/rent/apartment,Thumbnail,WA
3936,1610,1.0,1,740,34.2106,-118.6151,housing/rent/apartment,Thumbnail,CA
3938,1461,1.0,1,740,30.2989,-97.7079,housing/rent/apartment,Thumbnail,TX
3939,1420,1.0,1,740,43.0531,-87.9659,housing/rent/apartment,Thumbnail,WI
3940,1400,1.0,1,740,47.7179,-122.2059,housing/rent/apartment,Thumbnail,WA
3941,1345,1.0,1,740,39.6767,-104.8854,housing/rent/apartment,Thumbnail,CO
3943,1168,1.0,1,740,32.9631,-96.7212,housing/rent/apartment,Thumbnail,TX
3944,1145,1.0,1,740,38.8562,-104.772,housing/rent/apartment,Thumbnail,CO
3945,1100,1.0,1,740,30.3054,-97.7497,housing/rent/apartment,Thumbnail,TX
3947,1060,1.0,1,740,41.7588,-72.6148,housing/rent/apartment,Thumbnail,CT
3948,1020,1.0,1,740,33.6047,-112.2456,housing/rent/apartment,Thumbnail,AZ
3951,1012,1.0,2,740,41.3498,-72.1062,housing/rent/apartment,Thumbnail,CT
3952,982,1.0,2,740,41.3498,-72.1062,housing/rent/apartment,Thumbnail,CT
3954,960,1.0,1,740,41.7588,-72.6148,housing/rent/apartment,Thumbnail,CT
3955,955,1.0,1,740,41.7588,-72.6148,housing/rent/apartment,Thumbnail,CT
3957,760,1.0,1,740,38.9259,-94.6916,housing/rent/apartment,Thumbnail,KS
3958,735,1.0,2,740,41.5927,-93.6276,housing/rent/apartment,Thumbnail,IA
3959,715,1.0,2,740,38.9163,-94.3719,housing/rent/apartment,Thumbnail,MO
3960,690,1.0,1,740,45.5509,-94.1725,housing/rent/apartment,Thumbnail,MN
3961,1686,1.0,1,741,47.5311,-122.0679,housing/rent/apartment,Yes,WA
3962,1627,1.0,1,741,38.8488,-77.3296,housing/rent/apartment,Thumbnail,VA
3963,1392,1.0,1,741,47.8616,-122.2729,housing/rent/apartment,Thumbnail,WA
3966,1146,1.0,1,741,33.1598,-96.8097,housing/rent/apartment,Thumbnail,TX
3967,1110,1.0,1,741,39.4915,-76.6609,housing/rent/apartment,Yes,MD
3968,865,1.0,1,741,30.3054,-97.7497,housing/rent/apartment,Thumbnail,TX
3969,3160,1.0,1,742,42.328,-71.071,housing/rent/apartment,Thumbnail,MA
3970,2295,1.0,1,742,34.1881,-118.3905,housing/rent/apartment,Thumbnail,CA
3971,1600,1.0,1,742,42.5014,-71.069,housing/rent/apartment,Thumbnail,MA
3973,1295,1.0,1,742,44.9368,-93.3605,housing/rent/apartment,Thumbnail,MN
3975,1195,1.0,1,742,28.9673,-98.4878,housing/rent/apartment,Thumbnail,TX
3976,1147,1.0,1,742,35.4569,-79.0546,housing/rent/apartment,Thumbnail,NC
3977,1060,1.0,2,742,40.1145,-88.2723,housing/rent/apartment,Thumbnail,IL
3978,990,1.0,1,742,35.7488,-78.6369,housing/rent/apartment,Yes,NC
3979,820,1.0,1,742,41.5835,-93.7597,housing/rent/apartment,Thumbnail,IA
3981,735,1.0,1,742,38.9329,-94.7538,housing/rent/apartment,Thumbnail,KS
3982,1710,1.0,1,743,43.0531,-87.9659,housing/rent/apartment,Thumbnail,WI
3983,1545,1.0,1,743,29.7714,-95.4343,housing/rent/apartment,Thumbnail,TX
3984,1543,1.0,1,743,32.7809,-96.8035,housing/rent/apartment,Thumbnail,TX
3985,1215,1.0,2,743,39.9071,-75.0838,housing/rent/apartment,Yes,NJ
3986,1140,1.0,1,743,30.3054,-97.7497,housing/rent/apartment,Thumbnail,TX
3987,901,1.0,1,743,32.5183,-93.6905,housing/rent/apartment,Thumbnail,LA
3988,775,1.0,1,743,43.0531,-87.9659,housing/rent/apartment,Thumbnail,WI
3989,1815,1.0,1,744,40.9151,-74.6004,housing/rent/apartment,Thumbnail,NJ
3990,1625,1.0,1,744,39.1649,-76.7156,housing/rent/apartment,Thumbnail,MD
3991,1465,1.0,1,744,43.0531,-87.9659,housing/rent/apartment,Thumbnail,WI
3992,1399,1.0,2,744,45.6558,-122.5888,housing/rent/apartment,Thumbnail,WA
3994,1287,1.0,1,744,37.5173,-77.5044,housing/rent/apartment,Thumbnail,VA
3995,1280,1.0,2,744,40.4448,-79.9725,housing/rent/apartment,Thumbnail,PA
3997,1263,1.0,1,744,41.8625,-87.6825,housing/rent/apartment,Thumbnail,IL
3999,1197,1.0,1,744,29.7714,-95.4343,housing/rent/apartment,Thumbnail,TX
4001,833,1.0,2,744,39.3191,-76.6126,housing/rent/apartment,Thumbnail,MD
4003,2298,1.0,1,745,40.9805,-73.7232,housing/rent/apartment,Thumbnail,NY
4004,2055,1.0,1,745,40.7925,-74.0215,housing/rent/apartment,Thumbnail,NJ
4006,1559,1.0,2,745,43.1857,-70.9136,housing/rent/apartment,Thumbnail,NH
4007,1510,1.0,1,745,41.8625,-87.6825,housing/rent/apartment,Thumbnail,IL
4009,1435,1.0,1,745,39.9194,-75.4205,housing/rent/apartment,Thumbnail,PA
4010,1035,1.0,1,745,40.7061,-111.9048,housing/rent/apartment,Thumbnail,UT
4012,950,1.0,1,745,34.7264,-92.348,housing/rent/apartment,Thumbnail,AR
4013,950,1.0,1,745,33.9295,-84.4662,housing/rent/apartment,Thumbnail,GA
4014,925,1.0,1,745,32.8255,-97.1039,housing/rent/apartment,Thumbnail,TX
4015,864,1.0,1,745,32.8239,-96.681,housing/rent/apartment,Thumbnail,TX
4016,685,1.0,1,745,38.0335,-84.4573,housing/rent/apartment,Thumbnail,KY
4017,675,1.0,1,745,37.1892,-93.2908,housing/rent/apartment,Thumbnail,MO
4018,663,1.0,1,745,30.1481,-94.0093,housing/rent/apartment,Thumbnail,TX
4019,1665,1.0,1,746,44.9368,-93.3605,housing/rent/apartment,Thumbnail,MN
4020,1115,1.0,1,746,33.5178,-112.0848,housing/rent/apartment,Thumbnail,AZ
4021,996,1.0,1,746,32.6924,-97.1324,housing/rent/apartment,Thumbnail,TX
4022,700,1.0,1,746,40.0054,-75.1415,housing/rent/apartment,Thumbnail,PA
4023,3000,1.0,1,747,38.9118,-77.0132,housing/rent/apartment,Thumbnail,DC
4024,2200,1.0,1,747,40.7061,-111.9048,housing/rent/apartment,Thumbnail,UT
4025,1576,1.0,1,747,32.8212,-96.7853,housing/rent/apartment,Thumbnail,TX
4026,1520,1.0,1,747,44.9368,-93.3605,housing/rent/apartment,Thumbnail,MN
4027,1344,1.0,1,747,42.3882,-83.1122,housing/rent/apartment,Thumbnail,MI
4028,1325,1.0,1,747,39.0453,-77.0215,housing/rent/apartment,Thumbnail,MD
4032,820,1.0,1,747,29.4624,-98.5253,housing/rent/apartment,Thumbnail,TX
4034,2850,1.0,1,748,47.6829,-122.1209,housing/rent/apartment,Yes,WA
4035,2791,1.0,1,748,34.1659,-118.1629,housing/rent/apartment,No,CA
4037,2357,1.0,1,748,37.9682,-122.0091,housing/rent/apartment,Thumbnail,CA
4038,2155,1.0,1,748,40.789,-74.0122,housing/rent/apartment,Thumbnail,NJ
4040,1849,1.0,1,748,39.1088,-77.2384,housing/rent/apartment,Thumbnail,MD
4041,1849,1.0,1,748,39.1088,-77.2384,housing/rent/apartment,Thumbnail,MD
4042,1537,1.0,1,748,32.8113,-79.9947,housing/rent/apartment,Thumbnail,SC
4043,1501,1.0,1,748,47.3907,-122.2626,housing/rent/apartment,No,WA
4044,1501,1.0,1,748,47.3907,-122.2626,housing/rent/apartment,Yes,WA
4045,1501,1.0,1,748,47.3907,-122.2626,housing/rent/apartment,Yes,WA
4046,1501,1.0,1,748,47.3907,-122.2626,housing/rent/apartment,Yes,WA
4048,1050,1.0,1,748,39.9974,-82.9829,housing/rent/apartment,Thumbnail,OH
4051,700,1.0,2,748,41.5927,-93.6276,housing/rent/apartment,Thumbnail,IA
4052,600,1.0,1,748,30.0819,-93.7581,housing/rent/apartment,Thumbnail,TX
4055,1490,1.0,1,749,41.7773,-72.5249,housing/rent/apartment,Thumbnail,CT
4056,1430,1.0,1,749,43.1153,-89.5249,housing/rent/apartment,Thumbnail,WI
4057,1339,1.0,1,749,29.7777,-95.3914,housing/rent/apartment,Thumbnail,TX
4058,1300,1.0,1,749,27.0717,-82.3833,housing/rent/apartment,Thumbnail,FL
4060,3825,1.0,1,750,40.7247,-73.9545,housing/rent/apartment,Thumbnail,NY
4061,3800,1.0,1,750,34.063,-118.4363,housing/rent/apartment,Thumbnail,CA
4062,3440,1.0,1,750,37.7599,-122.4379,housing/rent/apartment,Thumbnail,CA
4063,2600,1.0,1,750,33.6954,-118.0013,housing/rent/apartment,Thumbnail,CA
4064,2595,1.0,1,750,33.955,-118.3967,housing/rent/apartment,Thumbnail,CA
4067,2350,1.0,1,750,34.0372,-118.2972,housing/rent/apartment,Thumbnail,CA
4068,2300,1.0,1,750,37.8726,-122.2707,housing/rent/apartment,Thumbnail,CA
4069,2230,1.0,1,750,42.4616,-71.2644,housing/rent/apartment,Thumbnail,MA
4070,2150,1.0,2,750,33.8363,-118.333,housing/rent/apartment,Thumbnail,CA
4071,2150,1.0,1,750,34.0372,-118.2972,housing/rent/apartment,Thumbnail,CA
4073,1995,1.0,1,750,34.0372,-118.2972,housing/rent/apartment,Thumbnail,CA
4074,1895,1.0,1,750,41.8625,-87.6825,housing/rent/apartment,Thumbnail,IL
4075,1895,1.0,1,750,34.1474,-118.1391,housing/rent/apartment,Yes,CA
4079,1800,1.0,2,750,45.5091,-122.6449,housing/rent/apartment,Thumbnail,OR
4080,1800,1.0,1,750,39.3191,-76.6126,housing/rent/apartment,Thumbnail,MD
4081,1750,1.0,1,750,38.8863,-77.0977,housing/rent/apartment,No,VA
4083,1738,2.0,2,750,30.4415,-91.1012,housing/rent/apartment,Thumbnail,LA
4084,1708,1.0,1,750,47.6146,-122.1684,housing/rent/apartment,Thumbnail,WA
4086,1695,1.0,2,750,33.818,-118.2233,housing/rent/apartment,Yes,CA
4087,1675,1.0,2,750,32.7876,-117.1265,housing/rent/apartment,Thumbnail,CA
4088,1650,1.0,3,750,41.8625,-87.6825,housing/rent/apartment,Thumbnail,IL
4089,1649,1.0,1,750,28.0076,-82.4792,housing/rent/apartment,Thumbnail,FL
4090,1645,1.0,1,750,47.7424,-122.6326,housing/rent/apartment,Thumbnail,WA
4091,1610,1.0,1,750,33.8569,-118.0019,housing/rent/apartment,Thumbnail,CA
4092,1606,1.0,1,750,33.8323,-117.9079,housing/rent/apartment,Thumbnail,CA
4093,1595,1.0,3,750,43.0724,-89.4003,housing/rent/apartment,Thumbnail,WI
4094,1555,1.0,1,750,33.941,-117.9544,housing/rent/apartment,Thumbnail,CA
4096,1530,1.0,1,750,39.2081,-76.661,housing/rent/apartment,Yes,MD
4097,1525,1.0,1,750,33.8323,-117.9079,housing/rent/apartment,Thumbnail,CA
4098,1500,1.0,1,750,44.9855,-93.3023,housing/rent/apartment,Thumbnail,MN
4101,1470,1.0,1,750,33.8323,-117.9079,housing/rent/apartment,Thumbnail,CA
4102,1421,1.0,1,750,39.736,-104.9819,housing/rent/apartment,Thumbnail,CO
4104,1397,1.0,1,750,39.6821,-104.8846,housing/rent/apartment,Thumbnail,CO
4105,1395,1.0,3,750,40.4969,-86.9659,housing/rent/apartment,Thumbnail,IN
4106,1375,1.0,1,750,43.0724,-89.4003,housing/rent/apartment,Thumbnail,WI
4107,1375,1.0,1,750,36.8532,-76.2902,housing/rent/apartment,Thumbnail,VA
4108,1345,1.0,2,750,45.5223,-122.9416,housing/rent/apartment,Thumbnail,OR
4109,1340,1.0,1,750,45.4157,-122.5243,housing/rent/apartment,Thumbnail,OR
4110,1329,1.0,1,750,45.1674,-93.2328,housing/rent/apartment,Thumbnail,MN
4115,1242,1.0,1,750,38.9606,-76.9182,housing/rent/apartment,Thumbnail,MD
4116,1242,1.0,1,750,38.9606,-76.9182,housing/rent/apartment,Thumbnail,MD
4117,1240,1.0,2,750,41.2562,-96.0404,housing/rent/apartment,Thumbnail,NE
4118,1225,1.0,1,750,41.7773,-72.5249,housing/rent/apartment,Yes,CT
4119,1180,1.0,1,750,30.3054,-97.7497,housing/rent/apartment,Thumbnail,TX
4121,1145,1.0,1,750,30.6505,-97.6809,housing/rent/apartment,Thumbnail,TX
4123,1135,1.0,2,750,43.0531,-87.9659,housing/rent/apartment,Thumbnail,WI
4125,1101,1.0,2,750,33.7848,-84.3922,housing/rent/apartment,Thumbnail,GA
4126,1085,1.0,1,750,31.8666,-102.3901,housing/rent/apartment,Thumbnail,TX
4127,1075,1.0,1,750,46.8608,-96.8096,housing/rent/apartment,Thumbnail,ND
4128,1055,1.0,1,750,33.8694,-84.5196,housing/rent/apartment,Thumbnail,GA
4129,1035,2.0,1,750,39.7025,-104.9311,housing/rent/apartment,Thumbnail,CO
4131,995,1.0,1,750,33.8013,-84.5965,housing/rent/apartment,Thumbnail,GA
4132,989,1.0,1,750,36.2811,-115.3036,housing/rent/apartment,Thumbnail,NV
4133,987,1.0,2,750,41.3498,-72.1062,housing/rent/apartment,Yes,CT
4134,982,1.0,2,750,41.3498,-72.1062,housing/rent/apartment,Thumbnail,CT
4135,980,1.0,2,750,30.4433,-97.6282,housing/rent/apartment,Thumbnail,TX
4136,969,1.0,1,750,45.0684,-93.3317,housing/rent/apartment,Thumbnail,MN
4137,965,1.0,1,750,33.9222,-84.0725,housing/rent/apartment,Thumbnail,GA
4138,955,1.0,1,750,43.0531,-87.9659,housing/rent/apartment,Thumbnail,WI
4139,950,1.0,2,750,39.1366,-84.4337,housing/rent/apartment,Thumbnail,OH
4140,950,1.0,1,750,41.7566,-72.689,housing/rent/apartment,Thumbnail,CT
4142,928,1.0,2,750,39.1793,-84.2432,housing/rent/apartment,Thumbnail,OH
4143,925,1.0,1,750,30.3054,-97.7497,housing/rent/apartment,Thumbnail,TX
4144,925,1.0,1,750,42.9738,-88.1107,housing/rent/apartment,Thumbnail,WI
4145,922,1.0,2,750,45.5638,-93.2282,housing/rent/apartment,Thumbnail,MN
4146,920,1.0,2,750,40.4969,-86.9659,housing/rent/apartment,Thumbnail,IN
4147,915,1.0,1,750,29.7714,-95.4343,housing/rent/apartment,Thumbnail,TX
4150,895,1.0,1,750,42.5067,-83.1545,housing/rent/apartment,Thumbnail,MI
4151,895,1.0,1,750,39.0744,-108.5228,housing/rent/apartment,Thumbnail,CO
4153,880,1.0,1,750,35.7551,-78.7199,housing/rent/apartment,Thumbnail,NC
4154,875,1.0,1,750,32.7416,-96.2822,housing/rent/apartment,Thumbnail,TX
4155,850,1.0,1,750,36.8328,-76.3529,housing/rent/apartment,Thumbnail,VA
4156,829,1.0,1,750,39.0744,-94.5521,housing/rent/apartment,Thumbnail,MO
4157,820,1.0,1,750,39.825,-75.1322,housing/rent/apartment,Yes,NJ
4158,818,1.0,2,750,31.7951,-106.3886,housing/rent/apartment,Thumbnail,TX
4159,814,1.0,1,750,35.823,-78.6438,housing/rent/apartment,Yes,NC
4160,810,1.0,2,750,35.2016,-80.8124,housing/rent/apartment,Thumbnail,NC
4161,810,1.0,1,750,43.0531,-87.9659,housing/rent/apartment,Thumbnail,WI
4162,800,1.0,2,750,36.81,-76.3669,housing/rent/apartment,Thumbnail,VA
4163,780,1.0,1,750,39.2017,-94.5884,housing/rent/apartment,Thumbnail,MO
4164,780,1.0,1,750,34.0467,-84.3786,housing/rent/apartment,Yes,GA
4165,779,1.0,1,750,34.0467,-84.3786,housing/rent/apartment,Thumbnail,GA
4167,775,1.0,2,750,47.6794,-117.4018,housing/rent/apartment,Thumbnail,WA
4168,761,1.0,1,750,34.0467,-84.3786,housing/rent/apartment,Yes,GA
4169,750,1.0,1,750,42.7445,-83.4085,housing/rent/apartment,Thumbnail,MI
4172,740,1.0,1,750,30.4415,-91.1012,housing/rent/apartment,Thumbnail,LA
4173,730,1.0,1,750,38.2009,-85.6999,housing/rent/apartment,Thumbnail,KY
4174,725,1.0,1,750,36.5311,-82.5209,housing/rent/apartment,Thumbnail,TN
4175,719,1.0,1,750,34.0505,-81.0098,housing/rent/apartment,Thumbnail,SC
4176,700,1.0,2,750,42.4869,-92.3426,housing/rent/apartment,Thumbnail,IA
4178,690,1.0,1,750,30.4601,-84.2714,housing/rent/apartment,Thumbnail,FL
4179,685,1.0,1,750,29.7714,-95.4343,housing/rent/apartment,Thumbnail,TX
4180,679,1.0,1,750,35.471,-97.5299,housing/rent/apartment,Thumbnail,OK
4181,675,1.0,1,750,42.6465,-83.2861,housing/rent/apartment,Thumbnail,MI
4183,650,1.0,1,750,42.2438,-83.1802,housing/rent/apartment,Thumbnail,MI
4184,635,1.0,1,750,36.5311,-82.5209,housing/rent/apartment,Thumbnail,TN
4186,622,1.0,1,750,38.9885,-84.6468,housing/rent/apartment,Thumbnail,KY
4187,620,1.0,1,750,41.6572,-83.5295,housing/rent/apartment,Thumbnail,OH
4188,615,1.0,2,750,42.2418,-84.3984,housing/rent/apartment,Thumbnail,MI
4189,606,1.0,1,750,40.1065,-85.6788,housing/rent/apartment,Thumbnail,IN
4190,595,1.0,2,750,47.9179,-97.0658,housing/rent/apartment,Thumbnail,ND
4191,575,1.0,1,750,37.1219,-93.1388,housing/rent/apartment,Thumbnail,MO
4194,548,1.0,2,750,33.4632,-94.0736,housing/rent/apartment,Thumbnail,TX
4196,505,1.0,1,750,39.0744,-94.5521,housing/rent/apartment,Thumbnail,MO
4198,2102,1.0,1,751,33.9069,-118.0806,housing/rent/apartment,Yes,CA
4199,2027,1.0,1,751,33.9069,-118.0806,housing/rent/apartment,Yes,CA
4200,1321,1.0,1,751,39.7883,-104.8265,housing/rent/apartment,Thumbnail,CO
4201,1314,1.0,1,751,29.7714,-95.4343,housing/rent/apartment,Thumbnail,TX
4202,1305,1.0,1,751,38.8562,-104.772,housing/rent/apartment,Thumbnail,CO
4204,1270,1.0,1,751,38.8862,-104.7389,housing/rent/apartment,Yes,CO
4205,1048,1.0,1,751,30.5573,-97.6763,housing/rent/apartment,Thumbnail,TX
4206,1045,1.0,1,751,36.1198,-115.0497,housing/rent/apartment,Thumbnail,NV
4207,1032,1.0,1,751,29.4624,-98.5253,housing/rent/apartment,Thumbnail,TX
4208,945,1.0,1,751,32.4418,-99.7494,housing/rent/apartment,Thumbnail,TX
4209,918,1.0,1,751,32.5807,-97.138,housing/rent/apartment,Yes,TX
4210,905,1.0,1,751,32.4418,-99.7494,housing/rent/apartment,Thumbnail,TX
4212,779,1.0,1,751,38.9259,-94.6916,housing/rent/apartment,Thumbnail,KS
4213,530,1.0,1,751,39.8092,-84.2947,housing/rent/apartment,Thumbnail,OH
4214,2620,1.0,1,752,40.722,-74.0644,housing/rent/apartment,No,NJ
4215,1976,1.0,1,752,40.3663,-74.6688,housing/rent/apartment,Thumbnail,NJ
4217,1674,1.0,1,752,39.145,-77.1376,housing/rent/apartment,Thumbnail,MD
4219,1295,1.0,1,752,45.0201,-93.4623,housing/rent/apartment,Thumbnail,MN
4220,1250,1.0,1,752,44.9,-93.3233,housing/rent/apartment,Thumbnail,MN
4222,1165,1.0,1,752,44.8144,-93.1655,housing/rent/apartment,Thumbnail,MN
4224,1049,1.0,1,752,29.7714,-95.4343,housing/rent/apartment,Thumbnail,TX
4226,960,1.0,2,752,40.4969,-86.9659,housing/rent/apartment,Thumbnail,IN
4228,953,1.0,1,752,35.7238,-78.8695,housing/rent/apartment,Thumbnail,NC
4231,1565,1.0,1,753,32.8212,-96.7853,housing/rent/apartment,Thumbnail,TX
4232,1405,1.0,1,753,47.3765,-122.0994,housing/rent/apartment,Thumbnail,WA
4233,1175,1.0,1,753,30.3054,-97.7497,housing/rent/apartment,Thumbnail,TX
4235,915,1.0,1,753,41.5835,-93.7597,housing/rent/apartment,Thumbnail,IA
4236,800,1.0,1,753,44.1812,-88.4881,housing/rent/apartment,Thumbnail,WI
4237,680,1.0,1,753,39.0805,-94.3997,housing/rent/apartment,Thumbnail,MO
4238,2995,1.0,1,754,37.7904,-122.2151,housing/rent/apartment,Thumbnail,CA
4239,2164,1.0,1,754,42.6484,-71.1615,housing/rent/apartment,Thumbnail,MA
4241,1361,1.0,1,754,32.8212,-96.7853,housing/rent/apartment,Thumbnail,TX
4243,951,1.0,2,754,39.3191,-76.6126,housing/rent/apartment,Thumbnail,MD
4244,931,1.0,1,754,32.3229,-110.9864,housing/rent/apartment,Thumbnail,AZ
4245,890,1.0,1,754,30.7084,-96.347,housing/rent/apartment,Thumbnail,TX
4246,833,1.0,1,754,35.7589,-78.778,housing/rent/apartment,Thumbnail,NC
4248,2600,1.0,1,755,40.9392,-73.8727,housing/rent/apartment,Thumbnail,NY
4250,1695,1.0,1,755,33.7767,-117.9537,housing/rent/apartment,Thumbnail,CA
4251,1655,1.0,1,755,40.9472,-74.2427,housing/rent/apartment,Thumbnail,NJ
4252,1375,1.0,1,755,40.6655,-74.2672,housing/rent/apartment,Thumbnail,NJ
4256,1066,1.0,1,755,29.7714,-95.4343,housing/rent/apartment,Thumbnail,TX
4257,750,1.0,1,755,40.5007,-80.0667,housing/rent/apartment,Yes,PA
4258,716,1.0,1,755,35.1211,-89.9517,housing/rent/apartment,Thumbnail,TN
4259,639,1.0,1,755,37.1892,-93.2908,housing/rent/apartment,Thumbnail,MO
4260,2445,1.0,1,756,33.9299,-117.8849,housing/rent/apartment,Thumbnail,CA
4261,1634,1.0,1,756,29.7714,-95.4343,housing/rent/apartment,Thumbnail,TX
4262,1630,1.0,0,756,40.4841,-74.4526,housing/rent/apartment,Thumbnail,NJ
4264,1464,1.0,1,756,41.8625,-87.6825,housing/rent/apartment,Thumbnail,IL
4265,1225,1.0,1,756,38.9414,-76.9292,housing/rent/apartment,Thumbnail,MD
4266,1200,1.0,1,756,33.8737,-84.5097,housing/rent/apartment,No,GA
4267,1195,1.0,1,756,38.9414,-76.9292,housing/rent/apartment,Thumbnail,MD
4269,995,1.0,1,756,33.56,-101.8904,housing/rent/apartment,Thumbnail,TX
4270,705,1.0,1,756,36.1519,-79.8168,housing/rent/apartment,Thumbnail,NC
4271,1962,1.0,1,757,34.2299,-119.0097,housing/rent/apartment,Thumbnail,CA
4272,1925,1.0,1,757,39.1649,-76.7156,housing/rent/apartment,Thumbnail,MD
4273,1408,1.0,1,757,39.644,-104.9026,housing/rent/apartment,Thumbnail,CO
4275,1202,1.0,1,757,33.5137,-86.7893,housing/rent/apartment,Thumbnail,AL
4277,880,1.5,1,757,38.9146,-94.6318,housing/rent/apartment,Thumbnail,KS
4279,2850,1.0,2,758,38.9118,-77.0132,housing/rent/apartment,Thumbnail,DC
4280,1719,1.0,1,758,42.2711,-83.745,housing/rent/apartment,Thumbnail,MI
4281,1667,1.0,1,758,33.9883,-118.0875,housing/rent/apartment,Yes,CA
4282,1650,1.0,1,758,47.3851,-122.1882,housing/rent/apartment,Thumbnail,WA
4283,1200,1.0,1,758,43.0619,-88.4017,housing/rent/apartment,Thumbnail,WI
4284,1181,1.0,1,758,39.9288,-104.9456,housing/rent/apartment,Thumbnail,CO
4286,949,1.0,1,758,29.4624,-98.5253,housing/rent/apartment,Thumbnail,TX
4287,800,1.0,1,758,29.7714,-95.4343,housing/rent/apartment,Thumbnail,TX
4288,734,1.0,1,758,29.4624,-98.5253,housing/rent/apartment,Thumbnail,TX
4290,630,1.0,1,758,40.1065,-85.6788,housing/rent/apartment,Thumbnail,IN
4291,2450,1.0,1,759,37.9003,-122.0495,housing/rent/apartment,Thumbnail,CA
4294,1705,1.0,1,759,30.3054,-97.7497,housing/rent/apartment,Thumbnail,TX
4295,1190,1.0,1,759,28.6921,-81.5149,housing/rent/apartment,Thumbnail,FL
4296,1150,1.0,1,759,40.6277,-74.4334,housing/rent/apartment,Thumbnail,NJ
4297,1141,1.0,1,759,34.0072,-84.0034,housing/rent/apartment,Thumbnail,GA
4298,1120,1.0,1,759,38.2867,-77.5015,housing/rent/apartment,Thumbnail,VA
4299,1059,1.0,1,759,44.7594,-93.2817,housing/rent/apartment,Thumbnail,MN
4300,1029,1.0,1,759,29.7714,-95.4343,housing/rent/apartment,Thumbnail,TX
4301,877,1.0,1,759,29.5677,-95.521,housing/rent/apartment,Thumbnail,TX
4303,675,1.0,2,759,31.3059,-94.7684,housing/rent/apartment,Thumbnail,TX
4306,2240,1.0,1,760,42.4849,-71.1568,housing/rent/apartment,Thumbnail,MA
4308,1850,1.0,2,760,34.0899,-118.2932,housing/rent/apartment,Thumbnail,CA
4309,1595,1.0,1,760,40.7236,-74.3006,housing/rent/apartment,Thumbnail,NJ
4311,1475,1.0,1,760,44.5072,-73.2452,housing/rent/apartment,Thumbnail,VT
4312,1443,1.5,1,760,39.0073,-76.6827,housing/rent/apartment,Yes,MD
4313,1406,1.0,2,760,41.8625,-87.6825,housing/rent/apartment,Thumbnail,IL
4314,1320,1.0,3,760,40.4969,-86.9659,housing/rent/apartment,Thumbnail,IN
4315,1300,1.0,1,760,44.9235,-93.4704,housing/rent/apartment,Thumbnail,MN
4316,1175,1.0,1,760,30.4006,-95.6106,housing/rent/apartment,Thumbnail,TX
4317,1175,1.0,1,760,39.9539,-74.9955,housing/rent/apartment,Yes,NJ
4318,1170,1.0,1,760,32.7826,-96.777,housing/rent/apartment,Thumbnail,TX
4319,1050,1.0,3,760,40.1145,-88.2723,housing/rent/apartment,Thumbnail,IL
4320,975,1.0,1,760,34.0791,-84.2039,housing/rent/apartment,Thumbnail,GA
4321,966,1.0,1,760,32.696,-97.0878,housing/rent/apartment,Yes,TX
4323,890,1.0,2,760,46.599,-120.5572,housing/rent/apartment,Thumbnail,WA
4324,813,1.0,1,760,35.7695,-78.7966,housing/rent/apartment,Thumbnail,NC
4325,800,1.0,1,760,38.0172,-84.4931,housing/rent/apartment,Thumbnail,KY
4326,774,1.0,1,760,37.9906,-87.5563,housing/rent/apartment,Thumbnail,IN
4328,695,1.0,1,760,36.2548,-115.5263,housing/rent/apartment,Thumbnail,NV
4329,660,1.0,2,760,40.3613,-86.9005,housing/rent/apartment,Thumbnail,IN
4331,2375,1.0,1,761,42.3718,-71.1785,housing/rent/apartment,Thumbnail,MA
4332,2220,1.0,1,761,40.8367,-74.1027,housing/rent/apartment,Thumbnail,NJ
4333,1750,2.0,2,761,30.3054,-97.7497,housing/rent/apartment,Thumbnail,TX
4335,1228,1.0,1,761,28.5401,-81.7602,housing/rent/apartment,Thumbnail,FL
4336,1150,1.0,1,761,43.1096,-88.3501,housing/rent/apartment,Thumbnail,WI
4337,1751,1.0,0,762,38.8571,-77.0609,housing/rent/apartment,Thumbnail,VA
4338,1551,1.0,1,762,32.8212,-96.7853,housing/rent/apartment,Thumbnail,TX
4341,1314,1.0,1,762,33.7848,-84.3922,housing/rent/apartment,Thumbnail,GA
4342,3733,1.0,1,763,34.0263,-118.4732,housing/rent/apartment,Thumbnail,CA
4343,3160,1.0,2,763,40.1145,-88.2723,housing/rent/apartment,Thumbnail,IL
4346,1190,1.0,1,763,39.1627,-76.6354,housing/rent/apartment,Thumbnail,MD
4347,1190,1.0,1,763,39.1627,-76.6354,housing/rent/apartment,No,MD
4349,1027,1.0,1,763,36.2811,-115.3036,housing/rent/apartment,Thumbnail,NV
4350,2199,2.0,2,764,47.616,-122.3275,housing/rent/apartment,Thumbnail,WA
4352,1309,1.0,1,764,36.8532,-76.2902,housing/rent/apartment,Thumbnail,VA
4353,920,1.0,1,764,33.7848,-84.3922,housing/rent/apartment,Thumbnail,GA
4357,1425,1.0,1,765,44.9032,-92.9227,housing/rent/apartment,Thumbnail,MN
4358,1380,1.0,1,765,40.8511,-74.7078,housing/rent/apartment,Thumbnail,NJ
4359,1380,1.0,1,765,40.8511,-74.7078,housing/rent/apartment,Thumbnail,NJ
4360,1320,1.0,1,765,40.8511,-74.7078,housing/rent/apartment,Thumbnail,NJ
4361,1225,1.0,1,765,40.8511,-74.7078,housing/rent/apartment,Thumbnail,NJ
4362,1205,1.0,1,765,40.8511,-74.7078,housing/rent/apartment,Thumbnail,NJ
4363,1180,1.0,1,765,40.8511,-74.7078,housing/rent/apartment,Yes,NJ
4364,1175,1.0,2,765,42.9833,-71.4574,housing/rent/apartment,Thumbnail,NH
4365,1016,1.0,1,765,30.3054,-97.7497,housing/rent/apartment,Thumbnail,TX
4366,925,1.0,1,765,29.8224,-95.5405,housing/rent/apartment,Thumbnail,TX
4367,858,2.0,2,765,43.0531,-87.9659,housing/rent/apartment,Thumbnail,WI
4368,369,1.0,1,765,40.0539,-86.4686,housing/rent/apartment,Thumbnail,IN
4369,2240,1.0,1,766,40.8342,-73.9735,housing/rent/apartment,Thumbnail,NJ
4370,1695,1.0,1,766,36.137,-86.783,housing/rent/apartment,Thumbnail,TN
4371,1135,1.0,1,766,27.4081,-82.5233,housing/rent/apartment,Thumbnail,FL
4375,288,1.0,1,766,41.7092,-86.8652,housing/rent/apartment,Thumbnail,IN
4376,1640,1.0,1,767,39.1649,-76.7156,housing/rent/apartment,Yes,MD
4378,1599,1.0,2,767,44.9405,-93.1027,housing/rent/apartment,Thumbnail,MN
4379,1264,1.0,1,767,30.3054,-97.7497,housing/rent/apartment,Thumbnail,TX
4380,1161,1.0,1,767,47.4696,-122.1655,housing/rent/apartment,Thumbnail,WA
4381,1019,1.0,1,767,30.5118,-97.6873,housing/rent/apartment,Thumbnail,TX
4382,810,1.0,1,767,35.9276,-79.0406,housing/rent/apartment,Thumbnail,NC
4384,636,1.0,1,767,41.7068,-86.4812,housing/rent/apartment,Thumbnail,IN
4385,3294,1.0,1,768,40.722,-74.0644,housing/rent/apartment,No,NJ
4387,1407,1.0,1,768,40.534,-105.0444,housing/rent/apartment,Thumbnail,CO
4389,1150,1.0,1,768,41.2205,-112.0172,housing/rent/apartment,Thumbnail,UT
4390,1149,1.0,1,768,37.0451,-76.3664,housing/rent/apartment,Thumbnail,VA
4391,1085,1.0,1,768,30.5118,-97.6873,housing/rent/apartment,Thumbnail,TX
4392,915,1.0,1,768,32.9455,-96.7962,housing/rent/apartment,Thumbnail,TX
4393,850,1.0,1,768,43.4614,-88.8407,housing/rent/apartment,Thumbnail,WI
4397,1250,1.0,1,769,32.9333,-96.7835,housing/rent/apartment,Thumbnail,TX
4399,1033,1.0,1,769,29.4624,-98.5253,housing/rent/apartment,Thumbnail,TX
4400,894,1.0,1,769,30.3054,-97.7497,housing/rent/apartment,Thumbnail,TX
4401,1750,1.0,1,770,40.6623,-74.2087,housing/rent/apartment,Yes,NJ
4402,1745,1.0,1,770,39.0521,-77.119,housing/rent/apartment,Thumbnail,MD
4403,1632,1.0,1,770,39.1649,-76.7156,housing/rent/apartment,Thumbnail,MD
4404,1475,1.0,1,770,47.8318,-122.2834,housing/rent/apartment,Thumbnail,WA
4406,1425,1.0,1,770,39.1474,-77.2032,housing/rent/apartment,Thumbnail,MD
4407,1380,1.0,1,770,32.8004,-96.7887,housing/rent/apartment,Thumbnail,TX
4408,1325,1.0,1,770,39.204,-76.8558,housing/rent/apartment,Thumbnail,MD
4409,1271,1.0,1,770,34.1216,-84.515,housing/rent/apartment,Thumbnail,GA
4410,1250,1.0,2,770,43.0592,-71.5794,housing/rent/apartment,Thumbnail,NH
4411,1190,1.0,1,770,39.1627,-76.6354,housing/rent/apartment,Thumbnail,MD
4412,1185,1.0,1,770,39.1627,-76.6354,housing/rent/apartment,Thumbnail,MD
4413,1185,1.0,1,770,40.2206,-74.7174,housing/rent/apartment,No,NJ
4414,1025,1.0,2,770,40.7061,-111.9048,housing/rent/apartment,Thumbnail,UT
4420,750,1.0,1,770,35.9709,-80.0068,housing/rent/apartment,Thumbnail,NC
4421,750,1.0,1,770,36.0909,-79.9272,housing/rent/apartment,Thumbnail,NC
4423,650,1.0,1,770,42.7435,-84.7427,housing/rent/apartment,Thumbnail,MI
4424,625,1.0,1,770,40.4775,-88.9786,housing/rent/apartment,Thumbnail,IL
4425,2490,1.0,1,771,34.1474,-118.1391,housing/rent/apartment,No,CA
4426,1565,1.0,1,771,40.8511,-74.7078,housing/rent/apartment,Thumbnail,NJ
4427,1035,1.0,1,771,29.4624,-98.5253,housing/rent/apartment,Thumbnail,TX
4430,2173,1.0,1,772,38.9348,-77.059,housing/rent/apartment,Thumbnail,DC
4431,1967,1.0,1,772,38.9348,-77.059,housing/rent/apartment,Thumbnail,DC
4432,1964,1.0,1,772,38.9348,-77.059,housing/rent/apartment,Thumbnail,DC
4433,1420,1.0,1,772,40.3346,-74.5794,housing/rent/apartment,Yes,NJ
4434,1390,1.0,1,772,40.2659,-74.6959,housing/rent/apartment,Thumbnail,NJ
4435,1259,1.0,1,772,30.3054,-97.7497,housing/rent/apartment,Thumbnail,TX
4436,1220,1.0,1,772,40.3346,-74.5794,housing/rent/apartment,Thumbnail,NJ
4438,993,1.0,1,772,29.4624,-98.5253,housing/rent/apartment,Thumbnail,TX
4439,1595,1.0,1,773,41.61,-87.8566,housing/rent/apartment,Thumbnail,IL
4441,1515,1.0,1,773,32.8008,-96.8049,housing/rent/apartment,Thumbnail,TX
4443,975,1.0,1,773,32.833,-83.6723,housing/rent/apartment,Thumbnail,GA
4444,955,1.0,1,773,39.05,-84.3439,housing/rent/apartment,Yes,OH
4445,945,2.0,2,773,32.6692,-96.8751,housing/rent/apartment,Thumbnail,TX
4446,2564,1.0,1,774,34.1474,-118.1391,housing/rent/apartment,Thumbnail,CA
4447,2207,1.0,1,774,33.7696,-118.1926,housing/rent/apartment,Yes,CA
4449,1365,1.0,1,774,34.0648,-84.0849,housing/rent/apartment,Thumbnail,GA
4450,1310,1.0,1,774,32.9314,-97.0956,housing/rent/apartment,Yes,TX
4452,1127,1.0,1,774,30.5104,-97.9027,housing/rent/apartment,Thumbnail,TX
4453,1125,1.0,1,774,33.5178,-112.0848,housing/rent/apartment,Thumbnail,AZ
4454,1050,1.0,1,774,33.0869,-96.7971,housing/rent/apartment,Thumbnail,TX
4456,959,1.0,1,774,29.4602,-98.6876,housing/rent/apartment,Thumbnail,TX
4457,850,1.0,1,774,27.7332,-97.4058,housing/rent/apartment,Thumbnail,TX
4458,739,2.0,2,774,36.0785,-94.1531,housing/rent/apartment,Thumbnail,AR
4459,3900,1.0,2,775,37.4356,-122.134,housing/rent/apartment,Thumbnail,CA
4460,2250,1.0,1,775,40.8206,-74.2133,housing/rent/apartment,Thumbnail,NJ
4461,1982,1.0,1,775,30.3054,-97.7497,housing/rent/apartment,Thumbnail,TX
4463,1570,1.0,1,775,33.8618,-117.5596,housing/rent/apartment,Thumbnail,CA
4466,1299,1.0,1,775,30.3054,-97.7497,housing/rent/apartment,Thumbnail,TX
4469,1181,1.0,1,775,40.8866,-74.7498,housing/rent/apartment,Yes,NJ
4470,1120,1.0,1,775,40.8866,-74.7498,housing/rent/apartment,Thumbnail,NJ
4471,1050,1.0,2,775,35.2418,-81.0401,housing/rent/apartment,Thumbnail,NC
4472,1050,1.0,1,775,44.9368,-93.3605,housing/rent/apartment,Thumbnail,MN
4474,1000,1.0,1,775,29.4624,-98.5253,housing/rent/apartment,Thumbnail,TX
4475,999,1.0,1,775,40.7061,-111.9048,housing/rent/apartment,Thumbnail,UT
4479,875,1.0,1,775,39.9872,-83.0439,housing/rent/apartment,Thumbnail,OH
4480,850,1.0,2,775,41.2562,-96.0404,housing/rent/apartment,Thumbnail,NE
4481,840,1.0,1,775,42.9112,-78.8171,housing/rent/apartment,Thumbnail,NY
4482,814,1.0,1,775,29.7714,-95.4343,housing/rent/apartment,Thumbnail,TX
4483,780,1.0,2,775,41.5839,-93.6754,housing/rent/apartment,Thumbnail,IA
4486,1822,1.0,1,776,47.5481,-122.0471,housing/rent/apartment,Thumbnail,WA
4487,1526,1.0,1,776,39.9478,-74.9117,housing/rent/apartment,Thumbnail,NJ
4488,1497,1.0,1,776,38.6293,-76.9675,housing/rent/apartment,Thumbnail,MD
4489,1438,1.0,1,776,32.9395,-96.8387,housing/rent/apartment,Thumbnail,TX
4490,1416,1.0,1,776,32.9395,-96.8387,housing/rent/apartment,Thumbnail,TX
4491,1400,1.0,1,776,39.9478,-74.9117,housing/rent/apartment,Yes,NJ
4492,1269,1.0,1,776,40.5059,-80.1869,housing/rent/apartment,Yes,PA
4493,1249,1.0,1,776,32.8261,-96.7472,housing/rent/apartment,Thumbnail,TX
4494,1225,1.0,1,776,29.4624,-98.5253,housing/rent/apartment,Thumbnail,TX
4495,1130,1.0,2,776,32.5975,-85.4777,housing/rent/apartment,Thumbnail,AL
4496,1100,1.0,1,776,45.528,-122.3979,housing/rent/apartment,Thumbnail,OR
4497,835,1.0,1,776,48.2469,-101.3017,housing/rent/apartment,Thumbnail,ND
4498,805,1.0,1,776,46.8296,-100.8908,housing/rent/apartment,Thumbnail,ND
4499,2221,1.0,1,777,34.053,-118.2637,housing/rent/apartment,Thumbnail,CA
4500,2100,1.0,1,777,32.7876,-117.1265,housing/rent/apartment,Thumbnail,CA
4501,2000,1.0,1,777,42.4299,-71.0581,housing/rent/apartment,Thumbnail,MA
4502,1913,1.0,1,777,39.2144,-76.8797,housing/rent/apartment,Yes,MD
4504,1447,1.0,1,777,42.7527,-71.4854,housing/rent/apartment,Thumbnail,NH
4505,1019,1.0,1,777,29.7714,-95.4343,housing/rent/apartment,Thumbnail,TX
4506,850,1.0,1,777,29.4624,-98.5253,housing/rent/apartment,Thumbnail,TX
4508,820,1.0,1,777,35.471,-97.5299,housing/rent/apartment,Thumbnail,OK
4509,720,1.0,1,777,43.5329,-96.7265,housing/rent/apartment,Thumbnail,SD
4513,2595,1.0,2,779,47.616,-122.3275,housing/rent/apartment,Thumbnail,WA
4514,2123,1.0,1,779,40.862,-74.4061,housing/rent/apartment,Thumbnail,NJ
4516,1907,1.0,1,779,36.137,-86.783,housing/rent/apartment,Thumbnail,TN
4517,1691,1.0,1,779,43.1091,-87.8962,housing/rent/apartment,Thumbnail,WI
4518,1610,1.0,1,779,38.9554,-77.386,housing/rent/apartment,Thumbnail,VA
4521,3950,1.0,1,780,37.7599,-122.4379,housing/rent/apartment,Thumbnail,CA
4522,2170,1.0,1,780,35.9393,-86.8716,housing/rent/apartment,Thumbnail,TN
4524,2050,1.0,1,780,47.6156,-122.2109,housing/rent/apartment,Thumbnail,WA
4525,1700,1.0,2,780,33.1463,-117.1694,housing/rent/apartment,Thumbnail,CA
4527,1605,1.0,1,780,39.0017,-77.0353,housing/rent/apartment,Yes,MD
4528,1581,1.0,1,780,47.6163,-122.2365,housing/rent/apartment,Yes,WA
4530,1356,1.0,1,780,36.7124,-76.2965,housing/rent/apartment,Thumbnail,VA
4531,1315,1.0,1,780,61.1723,-149.8414,housing/rent/apartment,Thumbnail,AK
4532,1295,1.0,2,780,42.9338,-70.8233,housing/rent/apartment,No,NH
4533,1245,1.0,1,780,39.0614,-76.8511,housing/rent/apartment,Thumbnail,MD
4534,1190,1.0,1,780,47.9338,-122.2052,housing/rent/apartment,Thumbnail,WA
4536,1149,1.0,1,780,44.6526,-93.2482,housing/rent/apartment,Thumbnail,MN
4537,1138,2.0,2,780,30.4601,-84.2714,housing/rent/apartment,Thumbnail,FL
4539,1060,1.0,2,780,38.8503,-104.7586,housing/rent/apartment,Yes,CO
4540,1030,1.0,1,780,45.5509,-94.1725,housing/rent/apartment,Thumbnail,MN
4543,970,1.0,1,780,42.5067,-83.1545,housing/rent/apartment,Thumbnail,MI
4544,950,1.0,2,780,38.8862,-104.7389,housing/rent/apartment,Yes,CO
4545,855,1.0,1,780,33.7848,-84.3922,housing/rent/apartment,Thumbnail,GA
4546,848,1.0,1,780,40.0329,-83.1377,housing/rent/apartment,Thumbnail,OH
4547,821,1.0,1,780,36.0913,-79.2861,housing/rent/apartment,Thumbnail,NC
4548,784,1.0,2,780,38.4988,-90.4592,housing/rent/apartment,Thumbnail,MO
4549,780,1.0,1,780,42.6101,-82.836,housing/rent/apartment,Thumbnail,MI
4550,755,1.0,1,780,40.4448,-79.9725,housing/rent/apartment,Thumbnail,PA
4551,740,1.0,2,780,43.5329,-96.7265,housing/rent/apartment,Thumbnail,SD
4552,695,1.0,2,780,42.0259,-93.6516,housing/rent/apartment,Thumbnail,IA
4553,695,1.0,2,780,42.0259,-93.6516,housing/rent/apartment,Thumbnail,IA
4555,550,1.0,2,780,40.7602,-95.3688,housing/rent/apartment,Thumbnail,IA
4556,1754,1.0,1,781,39.0017,-77.0353,housing/rent/apartment,No,MD
4558,1440,1.0,1,781,33.6119,-117.3645,housing/rent/apartment,Thumbnail,CA
4559,1068,1.0,1,781,36.0346,-78.869,housing/rent/apartment,Thumbnail,NC
4560,919,1.0,1,781,29.7714,-95.4343,housing/rent/apartment,Thumbnail,TX
4563,2385,1.0,1,782,47.6869,-122.1896,housing/rent/apartment,Yes,WA
4564,2015,1.0,1,782,40.8876,-74.0499,housing/rent/apartment,Thumbnail,NJ
4565,1385,1.0,1,782,39.0073,-76.6827,housing/rent/apartment,Thumbnail,MD
4566,1374,1.0,1,782,29.7714,-95.4343,housing/rent/apartment,Thumbnail,TX
4567,1290,1.0,1,782,32.8212,-96.7853,housing/rent/apartment,Thumbnail,TX
4568,1225,1.0,1,782,39.5197,-119.8342,housing/rent/apartment,Thumbnail,NV
4569,1199,1.0,1,782,28.5964,-81.3237,housing/rent/apartment,Thumbnail,FL
4570,1100,1.0,2,782,35.1038,-106.611,housing/rent/apartment,Thumbnail,NM
4571,1100,1.0,1,782,30.3054,-97.7497,housing/rent/apartment,Thumbnail,TX
4572,925,1.0,1,782,32.8255,-97.1039,housing/rent/apartment,Thumbnail,TX
4576,2225,1.0,1,783,41.8625,-87.6825,housing/rent/apartment,Thumbnail,IL
4577,2220,1.0,1,783,40.918,-73.7837,housing/rent/apartment,Thumbnail,NY
4578,1744,1.0,1,783,38.6857,-121.1532,housing/rent/apartment,Thumbnail,CA
4579,1395,1.0,1,783,33.9069,-118.0806,housing/rent/apartment,Yes,CA
4580,980,1.0,1,783,32.9158,-96.8961,housing/rent/apartment,Thumbnail,TX
4582,650,2.0,2,783,39.7942,-84.2701,housing/rent/apartment,Yes,OH
4583,2497,1.0,2,784,34.1474,-118.1391,housing/rent/apartment,Thumbnail,CA
4584,1450,1.0,1,784,42.9497,-85.6417,housing/rent/apartment,Thumbnail,MI
4586,1400,1.0,1,784,39.1535,-84.4264,housing/rent/apartment,Thumbnail,OH
4589,1203,1.0,1,784,29.7714,-95.4343,housing/rent/apartment,Thumbnail,TX
4590,1190,1.0,1,784,36.7992,-76.1756,housing/rent/apartment,Thumbnail,VA
4591,1185,1.0,1,784,39.905,-74.9965,housing/rent/apartment,Yes,NJ
4592,1108,1.0,1,784,32.5807,-97.138,housing/rent/apartment,Yes,TX
4593,1100,1.0,1,784,32.91,-97.5572,housing/rent/apartment,Thumbnail,TX
4595,1050,1.0,1,784,32.91,-97.5572,housing/rent/apartment,Yes,TX
4596,1050,1.0,1,784,32.91,-97.5572,housing/rent/apartment,Yes,TX
4597,1050,1.0,1,784,32.91,-97.5572,housing/rent/apartment,Yes,TX
4599,885,1.0,1,784,39.0203,-94.6535,housing/rent/apartment,Thumbnail,KS
4600,870,1.0,1,784,38.9259,-94.6916,housing/rent/apartment,Thumbnail,KS
4601,850,1.0,2,784,35.7551,-78.7199,housing/rent/apartment,Yes,NC
4602,690,1.0,2,784,40.4738,-86.1409,housing/rent/apartment,Thumbnail,IN
4603,585,1.0,2,784,37.8244,-87.5556,housing/rent/apartment,Thumbnail,KY
4604,1985,1.0,1,785,40.7925,-74.0215,housing/rent/apartment,Thumbnail,NJ
4606,1850,1.0,1,785,33.5052,-117.6573,housing/rent/apartment,Thumbnail,CA
4610,1350,1.0,1,785,45.0201,-93.4623,housing/rent/apartment,Thumbnail,MN
4611,1199,1.0,1,785,41.9526,-87.9486,housing/rent/apartment,Thumbnail,IL
4612,1148,1.0,1,785,39.0614,-76.8511,housing/rent/apartment,Thumbnail,MD
4613,998,1.0,1,785,29.4624,-98.5253,housing/rent/apartment,Thumbnail,TX
4615,949,1.0,1,785,35.9695,-83.981,housing/rent/apartment,Thumbnail,TN
4616,900,1.0,2,785,41.5657,-93.7305,housing/rent/apartment,Thumbnail,IA
4617,812,1.0,1,785,39.7953,-86.1387,housing/rent/apartment,Thumbnail,IN
4619,4050,1.5,1,786,34.0806,-118.4029,housing/rent/apartment,Thumbnail,CA
4621,1875,1.0,2,786,40.4841,-74.4526,housing/rent/apartment,Thumbnail,NJ
4622,1681,1.0,1,786,30.3054,-97.7497,housing/rent/apartment,Thumbnail,TX
4625,1285,1.0,1,786,30.3054,-97.7497,housing/rent/apartment,Thumbnail,TX
4628,733,1.0,1,786,34.7264,-92.348,housing/rent/apartment,Thumbnail,AR
4629,1495,1.0,2,787,39.7333,-104.914,housing/rent/apartment,Thumbnail,CO
4633,1022,1.0,1,787,40.5059,-80.1869,housing/rent/apartment,No,PA
4636,1634,1.0,1,788,39.698,-105.1559,housing/rent/apartment,Thumbnail,CO
4637,1457,1.0,1,788,39.2735,-76.8674,housing/rent/apartment,Thumbnail,MD
4638,1273,1.0,1,788,29.7714,-95.4343,housing/rent/apartment,Thumbnail,TX
4640,897,1.0,1,788,32.9954,-96.7849,housing/rent/apartment,Thumbnail,TX
4642,872,1.0,1,788,32.9954,-96.7849,housing/rent/apartment,Thumbnail,TX
4643,865,1.0,1,788,40.0351,-84.2067,housing/rent/apartment,No,OH
4644,685,1.0,2,788,39.8874,-84.2035,housing/rent/apartment,Thumbnail,OH
4645,2290,1.0,1,789,34.0372,-118.2972,housing/rent/apartment,Thumbnail,CA
4647,1255,1.0,1,789,29.7714,-95.4343,housing/rent/apartment,Thumbnail,TX
4648,1245,1.0,1,789,39.1088,-77.2384,housing/rent/apartment,Yes,MD
4649,1035,1.0,2,789,39.8057,-74.9979,housing/rent/apartment,Yes,NJ
4651,909,1.0,1,789,35.4975,-97.7329,housing/rent/apartment,Yes,OK
4652,895,2.0,2,789,30.1824,-96.9336,housing/rent/apartment,Thumbnail,TX
4653,889,1.0,1,789,35.6217,-97.4702,housing/rent/apartment,Thumbnail,OK
4654,874,1.0,1,789,35.4975,-97.7329,housing/rent/apartment,Yes,OK
4655,809,1.0,1,789,35.2314,-97.5069,housing/rent/apartment,Thumbnail,OK
4656,730,1.0,1,789,43.5329,-96.7265,housing/rent/apartment,Thumbnail,SD
4657,2285,1.0,1,790,32.8212,-96.7853,housing/rent/apartment,Thumbnail,TX
4659,1850,1.0,2,790,34.1408,-118.1273,housing/rent/apartment,Thumbnail,CA
4660,1525,1.0,1,790,44.8893,-93.1153,housing/rent/apartment,Thumbnail,MN
4661,1500,1.0,1,790,41.5073,-81.6046,housing/rent/apartment,Thumbnail,OH
4663,1399,1.0,1,790,47.616,-122.3275,housing/rent/apartment,Thumbnail,WA
4664,1359,1.0,1,790,39.0947,-76.8189,housing/rent/apartment,Thumbnail,MD
4665,1319,1.0,1,790,33.8144,-84.2804,housing/rent/apartment,Yes,GA
4666,1316,1.0,1,790,33.8144,-84.2804,housing/rent/apartment,Yes,GA
4667,1280,1.0,1,790,39.1008,-76.8827,housing/rent/apartment,Thumbnail,MD
4669,1250,1.0,1,790,39.1775,-77.1944,housing/rent/apartment,No,MD
4670,1219,1.0,1,790,28.2966,-81.6162,housing/rent/apartment,Thumbnail,FL
4671,1095,1.0,1,790,29.6533,-82.3656,housing/rent/apartment,Thumbnail,FL
4673,1045,1.0,1,790,39.0744,-94.5521,housing/rent/apartment,Thumbnail,MO
4674,955,1.0,1,790,32.8281,-97.145,housing/rent/apartment,No,TX
4675,860,1.0,1,790,39.8057,-74.9979,housing/rent/apartment,Yes,NJ
4676,845,1.0,1,790,40.0054,-75.1415,housing/rent/apartment,Thumbnail,PA
4677,800,1.0,1,790,37.9488,-91.7628,housing/rent/apartment,Thumbnail,MO
4678,725,1.0,1,790,47.6794,-117.4018,housing/rent/apartment,Thumbnail,WA
4679,719,1.0,1,790,35.6217,-97.4702,housing/rent/apartment,Thumbnail,OK
4680,625,1.0,1,790,30.1213,-93.7711,housing/rent/apartment,Thumbnail,TX
4681,575,1.0,1,790,41.9042,-85.9879,housing/rent/apartment,Thumbnail,MI
4682,1930,2.0,2,791,39.7673,-105.0151,housing/rent/apartment,Thumbnail,CO
4684,1190,1.0,1,791,42.8873,-88.0096,housing/rent/apartment,Thumbnail,WI
4686,989,1.0,1,791,30.3054,-97.7497,housing/rent/apartment,Thumbnail,TX
4687,780,1.0,1,791,35.471,-97.5299,housing/rent/apartment,Thumbnail,OK
4689,3047,1.0,1,792,34.0372,-118.2972,housing/rent/apartment,Thumbnail,CA
4690,2552,1.0,1,792,42.3015,-71.2316,housing/rent/apartment,Yes,MA
4691,2084,2.0,3,792,32.9661,-96.7988,housing/rent/apartment,Thumbnail,TX
4692,1612,2.0,2,792,44.9702,-93.2071,housing/rent/apartment,Thumbnail,MN
4694,1365,1.0,1,792,39.905,-74.9965,housing/rent/apartment,No,NJ
4697,954,1.0,1,792,38.9329,-94.7538,housing/rent/apartment,Thumbnail,KS
4698,944,1.0,1,792,30.4562,-97.7651,housing/rent/apartment,Thumbnail,TX
4700,795,1.0,2,792,40.3613,-86.9005,housing/rent/apartment,Thumbnail,IN
4703,595,1.0,2,792,42.3149,-85.1757,housing/rent/apartment,Thumbnail,MI
4704,545,1.0,1,792,38.8842,-94.5213,housing/rent/apartment,Thumbnail,MO
4705,3567,1.0,0,793,34.1072,-118.3291,housing/rent/apartment,Thumbnail,CA
4706,1333,1.0,1,793,32.8302,-96.7724,housing/rent/apartment,Thumbnail,TX
4707,959,1.0,1,793,30.3054,-97.7497,housing/rent/apartment,Thumbnail,TX
4708,760,1.0,2,793,32.5548,-94.7807,housing/rent/apartment,Thumbnail,TX
4710,1999,1.0,1,794,45.6558,-122.5888,housing/rent/apartment,Thumbnail,WA
4712,1530,1.0,1,794,39.736,-104.9819,housing/rent/apartment,Thumbnail,CO
4714,1070,1.0,1,794,32.833,-83.6723,housing/rent/apartment,Thumbnail,GA
4715,1018,1.0,1,794,40.4448,-79.9725,housing/rent/apartment,Thumbnail,PA
4718,2050,2.0,2,795,47.616,-122.3275,housing/rent/apartment,Thumbnail,WA
4719,1370,1.0,1,795,43.0724,-89.4003,housing/rent/apartment,Thumbnail,WI
4720,1355,1.0,1,795,32.8212,-96.7853,housing/rent/apartment,Thumbnail,TX
4721,1217,1.0,2,795,39.1627,-76.6354,housing/rent/apartment,Thumbnail,MD
4724,1007,1.0,1,795,32.696,-97.0878,housing/rent/apartment,Yes,TX
4725,999,1.0,1,795,29.4624,-98.5253,housing/rent/apartment,Thumbnail,TX
4726,750,1.0,2,795,29.9142,-93.9383,housing/rent/apartment,Thumbnail,TX
4728,1463,1.0,1,796,39.8502,-104.9699,housing/rent/apartment,Thumbnail,CO
4729,1440,1.0,1,796,32.833,-83.6723,housing/rent/apartment,Thumbnail,GA
4730,1395,1.0,1,796,39.905,-74.9965,housing/rent/apartment,Yes,NJ
4733,1115,1.0,2,796,43.0724,-89.4003,housing/rent/apartment,Thumbnail,WI
4734,1060,1.0,1,796,36.1198,-115.0497,housing/rent/apartment,Thumbnail,NV
4736,894,1.0,1,796,29.4624,-98.5253,housing/rent/apartment,Thumbnail,TX
4737,2914,1.0,1,797,40.8488,-73.9736,housing/rent/apartment,No,NJ
4738,1610,1.0,1,797,39.0521,-77.119,housing/rent/apartment,Thumbnail,MD
4740,1483,1.0,1,797,28.4991,-81.5295,housing/rent/apartment,Thumbnail,FL
4741,1380,1.0,1,797,32.829,-96.8458,housing/rent/apartment,Thumbnail,TX
4742,1346,1.0,1,797,35.9517,-79.071,housing/rent/apartment,Thumbnail,NC
4743,1247,1.0,1,797,34.0007,-84.4665,housing/rent/apartment,Yes,GA
4744,1202,1.0,1,797,34.0007,-84.4665,housing/rent/apartment,Thumbnail,GA
4745,1003,1.0,1,797,30.5118,-97.6873,housing/rent/apartment,Thumbnail,TX
4747,940,1.0,1,797,35.6217,-97.4702,housing/rent/apartment,Yes,OK
4748,890,1.0,1,797,35.6217,-97.4702,housing/rent/apartment,Yes,OK
4749,880,1.0,1,797,35.6217,-97.4702,housing/rent/apartment,Yes,OK
4750,825,1.0,1,797,30.4415,-91.1012,housing/rent/apartment,Thumbnail,LA
4753,1955,1.0,1,798,36.137,-86.783,housing/rent/apartment,Thumbnail,TN
4754,1240,1.0,1,798,36.1036,-80.2159,housing/rent/apartment,Thumbnail,NC
4755,935,1.0,1,798,44.7594,-93.2817,housing/rent/apartment,Thumbnail,MN
4757,750,1.0,2,798,40.1145,-88.2723,housing/rent/apartment,Thumbnail,IL
4758,1299,1.0,1,799,32.8212,-96.7853,housing/rent/apartment,Thumbnail,TX
4759,1064,1.0,1,799,38.9954,-94.6422,housing/rent/apartment,Thumbnail,KS
4760,1039,1.0,1,799,37.0835,-113.5823,housing/rent/apartment,Thumbnail,UT
4761,2875,1.0,1,800,32.7876,-117.1265,housing/rent/apartment,Thumbnail,CA
4762,2700,1.5,1,800,34.0372,-118.2972,housing/rent/apartment,Thumbnail,CA
4764,2600,1.0,1,800,37.7904,-122.2151,housing/rent/apartment,Thumbnail,CA
4765,2550,1.0,1,800,40.722,-74.0644,housing/rent/apartment,Yes,NJ
4766,2300,1.0,1,800,41.0155,-73.6756,housing/rent/apartment,Thumbnail,NY
4767,2221,1.0,1,800,34.07,-118.3501,housing/rent/apartment,Thumbnail,CA
4769,2195,1.0,2,800,37.3108,-121.8645,housing/rent/apartment,Thumbnail,CA
4770,2105,1.0,2,800,40.649,-74.3464,housing/rent/apartment,Thumbnail,NJ
4774,1975,1.5,2,800,34.1656,-118.3916,housing/rent/apartment,Thumbnail,CA
4775,1975,1.0,2,800,34.1656,-118.3916,housing/rent/apartment,Thumbnail,CA
4777,1918,1.0,1,800,47.6146,-122.1684,housing/rent/apartment,Yes,WA
4778,1900,1.5,2,800,34.1275,-118.0494,housing/rent/apartment,Yes,CA
4779,1885,1.0,2,800,40.2091,-74.0584,housing/rent/apartment,Yes,NJ
4781,1795,1.0,1,800,47.616,-122.3275,housing/rent/apartment,Thumbnail,WA
4782,1795,1.0,1,800,33.9531,-118.3454,housing/rent/apartment,Thumbnail,CA
4783,1795,1.0,2,800,45.5091,-122.6449,housing/rent/apartment,Thumbnail,OR
4784,1785,1.0,1,800,34.1677,-118.6141,housing/rent/apartment,Thumbnail,CA
4785,1750,1.5,1,800,40.0054,-75.1415,housing/rent/apartment,Thumbnail,PA
4786,1750,1.0,1,800,44.9855,-93.3023,housing/rent/apartment,Thumbnail,MN
4789,1700,1.0,2,800,40.0054,-75.1415,housing/rent/apartment,Thumbnail,PA
4791,1695,1.0,1,800,44.9855,-93.3023,housing/rent/apartment,Thumbnail,MN
4794,1600,1.0,2,800,44.4962,-73.1848,housing/rent/apartment,Thumbnail,VT
4796,1599,1.0,2,800,39.8502,-104.9699,housing/rent/apartment,Thumbnail,CO
4797,1595,1.0,1,800,40.6623,-74.2087,housing/rent/apartment,Thumbnail,NJ
4798,1595,1.0,2,800,41.8625,-87.6825,housing/rent/apartment,Thumbnail,IL
4799,1585,1.0,2,800,47.75,-122.24,housing/rent/apartment,Thumbnail,WA
4800,1575,2.0,2,800,39.3191,-76.6126,housing/rent/apartment,Thumbnail,MD
4803,1550,1.0,2,800,33.9604,-118.0289,housing/rent/apartment,Thumbnail,CA
4805,1470,1.0,2,800,43.0724,-89.4003,housing/rent/apartment,Thumbnail,WI
4806,1465,1.0,2,800,38.9633,-76.9375,housing/rent/apartment,Thumbnail,MD
4807,1450,1.0,2,800,40.7061,-111.9048,housing/rent/apartment,Thumbnail,UT
4808,1427,1.0,1,800,39.4228,-77.4164,housing/rent/apartment,Thumbnail,MD
4810,1400,1.0,1,800,40.0054,-75.1415,housing/rent/apartment,Thumbnail,PA
4811,1400,1.0,1,800,35.774,-78.6328,housing/rent/apartment,Thumbnail,NC
4812,1375,1.0,1,800,39.266,-76.8455,housing/rent/apartment,No,MD
4813,1365,1.0,1,800,44.9855,-93.3023,housing/rent/apartment,Thumbnail,MN
4815,1360,1.0,1,800,32.5807,-97.138,housing/rent/apartment,Thumbnail,TX
4816,1350,1.0,1,800,42.7896,-73.9854,housing/rent/apartment,Thumbnail,NY
4817,1314,1.0,1,800,39.6554,-105.0224,housing/rent/apartment,Thumbnail,CO
4819,1300,1.0,1,800,40.2206,-74.7174,housing/rent/apartment,Yes,NJ
4821,1269,1.0,2,800,33.5178,-112.0848,housing/rent/apartment,Thumbnail,AZ
4822,1264,1.0,2,800,27.3216,-82.4763,housing/rent/apartment,Thumbnail,FL
4825,1250,1.0,2,800,41.9049,-71.1027,housing/rent/apartment,Yes,MA
4826,1245,1.0,1,800,39.1268,-76.5127,housing/rent/apartment,Thumbnail,MD
4827,1225,1.0,1,800,41.8625,-87.6825,housing/rent/apartment,Thumbnail,IL
4829,1199,1.0,1,800,28.5163,-81.3644,housing/rent/apartment,Thumbnail,FL
4830,1195,1.0,2,800,45.5091,-122.6449,housing/rent/apartment,Thumbnail,OR
4831,1194,2.5,2,800,35.7585,-78.7783,housing/rent/apartment,Thumbnail,NC
4832,1185,1.0,1,800,38.8391,-76.9175,housing/rent/apartment,Thumbnail,MD
4833,1185,1.0,1,800,34.0007,-84.4665,housing/rent/apartment,No,GA
4834,1150,1.0,0,800,41.824,-71.4315,housing/rent/apartment,Thumbnail,RI
4836,1125,1.0,1,800,43.0724,-89.4003,housing/rent/apartment,Thumbnail,WI
4837,1100,1.0,2,800,39.6894,-105.1119,housing/rent/apartment,Thumbnail,CO
4838,1100,1.0,2,800,47.0181,-122.886,housing/rent/apartment,Thumbnail,WA
4839,1070,1.0,1,800,44.8461,-93.1596,housing/rent/apartment,Thumbnail,MN
4840,1065,1.0,1,800,43.1921,-89.2195,housing/rent/apartment,Thumbnail,WI
4841,1050,1.0,1,800,41.5539,-87.6709,housing/rent/apartment,Thumbnail,IL
4842,1049,1.0,2,800,35.8079,-78.6466,housing/rent/apartment,Thumbnail,NC
4845,1025,1.0,2,800,42.9112,-78.8171,housing/rent/apartment,Thumbnail,NY
4847,1025,1.0,1,800,39.2946,-76.6235,housing/rent/apartment,No,MD
4849,1000,1.0,2,800,39.1471,-86.5136,housing/rent/apartment,Thumbnail,IN
4850,999,1.0,2,800,30.3054,-97.7497,housing/rent/apartment,Thumbnail,TX
4851,999,1.0,2,800,35.823,-78.6438,housing/rent/apartment,Thumbnail,NC
4854,979,1.0,1,800,33.5137,-86.7893,housing/rent/apartment,Thumbnail,AL
4855,960,1.0,2,800,40.4969,-86.9659,housing/rent/apartment,Thumbnail,IN
4856,960,1.0,1,800,39.3754,-76.8054,housing/rent/apartment,Yes,MD
4858,950,1.0,1,800,40.0054,-75.1415,housing/rent/apartment,Thumbnail,PA
4859,950,1.0,2,800,39.0744,-94.5521,housing/rent/apartment,Thumbnail,MO
4860,950,1.0,2,800,39.1103,-94.702,housing/rent/apartment,Thumbnail,KS
4862,940,1.0,1,800,39.4642,-76.8115,housing/rent/apartment,Yes,MD
4863,925,1.0,1,800,38.8098,-89.9522,housing/rent/apartment,Thumbnail,IL
4866,900,1.0,2,800,39.0744,-94.5521,housing/rent/apartment,Thumbnail,MO
4867,900,1.0,1,800,35.4815,-97.5355,housing/rent/apartment,Yes,OK
4868,895,1.0,1,800,33.5137,-86.7893,housing/rent/apartment,Thumbnail,AL
4869,895,1.0,2,800,35.6982,-97.4325,housing/rent/apartment,Thumbnail,OK
4870,892,1.0,1,800,35.8079,-78.6466,housing/rent/apartment,Thumbnail,NC
4871,879,1.0,1,800,34.7264,-92.348,housing/rent/apartment,Thumbnail,AR
4872,875,1.0,2,800,39.7078,-86.3938,housing/rent/apartment,Thumbnail,IN
4873,855,1.0,1,800,29.5496,-98.526,housing/rent/apartment,Thumbnail,TX
4874,854,1.0,1,800,41.4983,-81.6437,housing/rent/apartment,Thumbnail,OH
4875,850,2.0,2,800,32.6692,-96.8751,housing/rent/apartment,Thumbnail,TX
4876,850,1.0,1,800,38.8299,-104.8201,housing/rent/apartment,No,CO
4877,845,1.0,1,800,41.2562,-96.0404,housing/rent/apartment,Thumbnail,NE
4879,825,1.0,2,800,41.2562,-96.0404,housing/rent/apartment,Thumbnail,NE
4880,815,1.0,1,800,32.0245,-81.1067,housing/rent/apartment,Thumbnail,GA
4881,800,1.0,2,800,38.7918,-104.8265,housing/rent/apartment,Yes,CO
4882,800,1.0,2,800,38.8379,-104.8378,housing/rent/apartment,Yes,CO
4883,795,1.0,1,800,39.0744,-94.5521,housing/rent/apartment,Thumbnail,MO
4884,790,1.0,1,800,42.6101,-82.836,housing/rent/apartment,Thumbnail,MI
4885,775,1.0,2,800,41.3995,-82.3634,housing/rent/apartment,Thumbnail,OH
4886,775,1.0,1,800,39.0744,-94.5521,housing/rent/apartment,Thumbnail,MO
4887,750,1.0,2,800,41.6251,-93.7375,housing/rent/apartment,Thumbnail,IA
4888,750,1.0,1,800,38.0172,-84.4931,housing/rent/apartment,Thumbnail,KY
4889,750,1.0,2,800,41.5927,-93.6276,housing/rent/apartment,Thumbnail,IA
4891,749,1.0,2,800,35.471,-97.5299,housing/rent/apartment,Thumbnail,OK
4892,745,1.0,2,800,38.2855,-104.5792,housing/rent/apartment,Thumbnail,CO
4893,729,1.0,1,800,29.4624,-98.5253,housing/rent/apartment,Thumbnail,TX
4894,725,1.0,2,800,41.5835,-93.7597,housing/rent/apartment,Thumbnail,IA
4895,725,1.0,2,800,41.5835,-93.7597,housing/rent/apartment,Thumbnail,IA
4896,725,2.0,2,800,41.4954,-90.3928,housing/rent/apartment,Thumbnail,IL
4897,725,1.0,1,800,40.4261,-79.7631,housing/rent/apartment,Thumbnail,PA
4898,720,1.0,3,800,42.0259,-93.6516,housing/rent/apartment,Thumbnail,IA
4900,700,1.0,1,800,39.1471,-86.5136,housing/rent/apartment,Thumbnail,IN
4902,695,1.0,2,800,39.0805,-94.3997,housing/rent/apartment,Thumbnail,MO
4905,675,1.0,2,800,40.4526,-80.0534,housing/rent/apartment,No,PA
4906,660,1.0,2,800,38.9401,-92.3167,housing/rent/apartment,Thumbnail,MO
4910,630,1.0,2,800,39.76,-94.8272,housing/rent/apartment,Thumbnail,MO
4911,629,1.0,2,800,30.7084,-96.347,housing/rent/apartment,Thumbnail,TX
4912,625,1.0,2,800,48.2469,-101.3017,housing/rent/apartment,Thumbnail,ND
4913,625,1.0,2,800,48.2469,-101.3017,housing/rent/apartment,Thumbnail,ND
4916,550,1.0,1,800,42.7449,-83.0073,housing/rent/apartment,Thumbnail,MI
4917,475,1.0,1,800,36.7944,-89.9608,housing/rent/apartment,Thumbnail,MO
4918,910,1.0,1,801,39.1912,-84.4615,housing/rent/apartment,Thumbnail,OH
4919,830,1.0,1,801,36.0341,-95.7854,housing/rent/apartment,Thumbnail,OK
4920,760,1.0,2,801,41.6475,-93.4713,housing/rent/apartment,Thumbnail,IA
4921,632,1.0,2,801,35.5017,-96.8974,housing/rent/apartment,Thumbnail,OK
4922,2816,1.0,1,802,34.1056,-118.3668,housing/rent/apartment,Thumbnail,CA
4925,1656,1.0,1,802,39.736,-104.9819,housing/rent/apartment,Thumbnail,CO
4926,1365,1.0,3,802,43.0724,-89.4003,housing/rent/apartment,Thumbnail,WI
4927,1280,1.0,1,802,30.3054,-97.7497,housing/rent/apartment,Thumbnail,TX
4928,1065,1.0,1,802,35.9165,-78.9177,housing/rent/apartment,Thumbnail,NC
4929,985,1.0,1,802,30.5118,-97.6873,housing/rent/apartment,Thumbnail,TX
4931,975,1.0,1,802,29.7714,-95.4343,housing/rent/apartment,Thumbnail,TX
4932,949,1.0,1,802,35.823,-78.6438,housing/rent/apartment,Thumbnail,NC
4934,1795,1.0,1,803,40.2091,-74.0584,housing/rent/apartment,Thumbnail,NJ
4935,1475,1.0,1,803,33.9264,-117.2346,housing/rent/apartment,Thumbnail,CA
4936,1325,2.0,2,803,34.0985,-117.466,housing/rent/apartment,Thumbnail,CA
4938,1175,1.0,1,803,38.6274,-90.304,housing/rent/apartment,Thumbnail,MO
4940,1025,1.0,2,803,32.7583,-97.088,housing/rent/apartment,Thumbnail,TX
4941,1025,1.0,2,803,32.7583,-97.088,housing/rent/apartment,Thumbnail,TX
4942,1025,1.0,2,803,32.7583,-97.088,housing/rent/apartment,Yes,TX
4943,899,1.0,1,803,39.9735,-86.1243,housing/rent/apartment,Thumbnail,IN
4944,2145,1.0,1,804,32.8212,-96.7853,housing/rent/apartment,Thumbnail,TX
4945,1850,1.0,1,804,41.9784,-70.9751,housing/rent/apartment,Thumbnail,MA
4946,1415,1.0,1,804,39.0976,-76.8614,housing/rent/apartment,Thumbnail,MD
4947,1358,1.0,2,804,47.3866,-122.1969,housing/rent/apartment,Yes,WA
4948,1318,1.0,2,804,47.3866,-122.1969,housing/rent/apartment,No,WA
4949,1235,1.0,1,804,39.4349,-76.6549,housing/rent/apartment,Yes,MD
4952,1860,1.0,1,805,39.1527,-76.9306,housing/rent/apartment,Thumbnail,MD
4954,1730,1.0,1,805,39.1527,-76.9306,housing/rent/apartment,Thumbnail,MD
4955,1710,1.0,1,805,34.1132,-117.6615,housing/rent/apartment,Thumbnail,CA
4956,1545,1.0,1,805,39.736,-104.9819,housing/rent/apartment,Thumbnail,CO
4957,1394,1.0,1,805,39.1695,-77.2694,housing/rent/apartment,Thumbnail,MD
4958,1322,1.0,1,805,38.9844,-76.4994,housing/rent/apartment,Thumbnail,MD
4959,1025,1.0,2,805,38.8562,-104.772,housing/rent/apartment,Thumbnail,CO
4960,975,1.0,1,805,38.6274,-90.304,housing/rent/apartment,Thumbnail,MO
4963,2249,1.0,1,806,38.9348,-77.059,housing/rent/apartment,Thumbnail,DC
4964,1500,1.0,1,806,30.3054,-97.7497,housing/rent/apartment,Thumbnail,TX
4965,1400,1.0,1,806,29.7714,-95.4343,housing/rent/apartment,Thumbnail,TX
4967,940,1.0,1,806,40.4448,-79.9725,housing/rent/apartment,Thumbnail,PA
4968,939,1.0,1,806,35.9998,-79.9305,housing/rent/apartment,Thumbnail,NC
4969,650,1.0,2,806,39.1984,-96.6052,housing/rent/apartment,Thumbnail,KS
4970,595,1.0,2,806,43.1029,-84.692,housing/rent/apartment,Thumbnail,MI
4971,1110,1.0,1,807,35.9907,-78.9074,housing/rent/apartment,Thumbnail,NC
4972,1095,1.0,1,807,43.6046,-116.2475,housing/rent/apartment,Thumbnail,ID
4973,2457,1.0,1,808,47.6869,-122.1896,housing/rent/apartment,Thumbnail,WA
4974,1649,1.0,1,808,34.164,-118.4984,housing/rent/apartment,Thumbnail,CA
4975,1325,1.0,2,808,43.0724,-89.4003,housing/rent/apartment,Thumbnail,WI
4977,1205,1.0,1,808,32.833,-83.6723,housing/rent/apartment,Thumbnail,GA
4979,1055,1.0,1,808,35.2314,-97.5069,housing/rent/apartment,Thumbnail,OK
4980,953,1.0,1,808,35.7751,-78.6391,housing/rent/apartment,Thumbnail,NC
4981,830,1.0,1,808,35.6264,-77.4386,housing/rent/apartment,Yes,NC
4982,820,1.0,2,808,39.022,-94.4645,housing/rent/apartment,Thumbnail,MO
4987,919,1.0,1,809,38.2009,-85.6999,housing/rent/apartment,Thumbnail,KY
4988,911,1.0,1,809,29.7714,-95.4343,housing/rent/apartment,Thumbnail,TX
4989,845,1.0,1,809,39.4051,-84.5097,housing/rent/apartment,Thumbnail,OH
4991,3010,1.0,2,810,42.328,-71.071,housing/rent/apartment,Thumbnail,MA
4992,2095,1.0,1,810,40.7925,-74.0215,housing/rent/apartment,Thumbnail,NJ
4995,1550,1.0,2,810,42.7282,-71.1802,housing/rent/apartment,Thumbnail,MA
4997,1425,1.0,1,810,47.5988,-122.1507,housing/rent/apartment,Thumbnail,WA
4998,1278,1.0,2,810,38.942,-76.9632,housing/rent/apartment,Thumbnail,MD
4999,1200,1.0,1,810,45.2835,-93.3871,housing/rent/apartment,Thumbnail,MN
5000,1150,1.0,1,810,42.7509,-73.6189,housing/rent/apartment,Thumbnail,NY
5001,855,1.0,1,810,35.6757,-97.4949,housing/rent/apartment,Thumbnail,OK
5002,825,2.0,2,810,29.8831,-97.945,housing/rent/apartment,Thumbnail,TX
5003,774,1.0,2,810,39.1679,-84.4933,housing/rent/apartment,Thumbnail,OH
5005,731,1.0,1,810,35.6217,-97.4702,housing/rent/apartment,Thumbnail,OK
5006,725,1.0,2,810,42.0259,-93.6516,housing/rent/apartment,Thumbnail,IA
5007,702,1.0,2,810,39.7528,-84.1744,housing/rent/apartment,Thumbnail,OH
5009,1315,1.0,1,811,29.7714,-95.4343,housing/rent/apartment,Thumbnail,TX
5011,975,1.0,1,811,41.2562,-96.0404,housing/rent/apartment,Thumbnail,NE
5016,1650,1.0,2,812,44.4962,-73.1848,housing/rent/apartment,Thumbnail,VT
5017,1595,1.0,3,812,43.0724,-89.4003,housing/rent/apartment,Thumbnail,WI
5018,1277,1.0,1,812,39.065,-76.9815,housing/rent/apartment,Thumbnail,MD
5019,1146,1.0,1,812,43.0531,-87.9659,housing/rent/apartment,Thumbnail,WI
5023,999,1.0,1,812,44.9235,-93.4704,housing/rent/apartment,Thumbnail,MN
5025,891,1.0,1,812,41.6828,-93.7077,housing/rent/apartment,Thumbnail,IA
5026,835,1.0,1,812,48.2469,-101.3017,housing/rent/apartment,Thumbnail,ND
5029,815,1.0,1,813,29.7714,-95.4343,housing/rent/apartment,Thumbnail,TX
5030,1650,1.0,1,814,39.1649,-76.7156,housing/rent/apartment,Thumbnail,MD
5031,1595,1.0,1,814,39.0744,-94.5521,housing/rent/apartment,Thumbnail,MO
5032,1240,1.0,1,814,39.9578,-74.8036,housing/rent/apartment,Yes,NJ
5036,2595,1.0,1,815,40.789,-74.0122,housing/rent/apartment,Thumbnail,NJ
5037,2585,1.0,1,815,40.789,-74.0122,housing/rent/apartment,Yes,NJ
5038,1799,1.0,2,815,47.616,-122.3275,housing/rent/apartment,Thumbnail,WA
5039,1570,1.0,1,815,39.1268,-76.5127,housing/rent/apartment,Yes,MD
5040,1000,1.5,2,815,38.8562,-104.772,housing/rent/apartment,Thumbnail,CO
5041,919,1.0,1,815,34.9674,-78.945,housing/rent/apartment,Thumbnail,NC
5042,639,1.0,2,815,39.7942,-84.2701,housing/rent/apartment,Thumbnail,OH
5043,539,1.0,2,815,40.8623,-84.5874,housing/rent/apartment,Thumbnail,OH
5044,2195,1.0,2,816,33.8056,-118.1696,housing/rent/apartment,Thumbnail,CA
5045,1555,1.0,1,816,32.7863,-96.8205,housing/rent/apartment,Thumbnail,TX
5046,1195,1.0,2,816,45.6558,-122.5888,housing/rent/apartment,Thumbnail,WA
5048,1048,1.0,1,816,35.5884,-82.56,housing/rent/apartment,Thumbnail,NC
5050,745,1.0,2,816,42.0259,-93.6516,housing/rent/apartment,Thumbnail,IA
5052,1595,2.0,3,817,45.2066,-123.2167,housing/rent/apartment,Thumbnail,OR
5053,1195,1.0,1,817,42.8587,-73.9562,housing/rent/apartment,Thumbnail,NY
5054,1025,1.0,2,817,38.6274,-90.304,housing/rent/apartment,Thumbnail,MO
5055,935,1.0,1,817,29.7714,-95.4343,housing/rent/apartment,Thumbnail,TX
5056,2148,1.0,1,818,40.8488,-73.9736,housing/rent/apartment,Thumbnail,NJ
5057,1733,1.0,1,818,39.1649,-76.7156,housing/rent/apartment,Thumbnail,MD
5058,1638,1.0,1,818,39.1649,-76.7156,housing/rent/apartment,Thumbnail,MD
5060,1400,1.0,1,818,35.8455,-78.3386,housing/rent/apartment,Thumbnail,NC
5061,1178,1.0,1,818,29.5416,-95.1405,housing/rent/apartment,Thumbnail,TX
5062,959,1.0,1,818,29.157,-82.1514,housing/rent/apartment,Thumbnail,FL
5064,3525,1.0,1,819,40.722,-74.0644,housing/rent/apartment,No,NJ
5065,2900,1.0,0,819,34.0372,-118.2972,housing/rent/apartment,Thumbnail,CA
5066,2580,1.0,1,819,40.7766,-74.3914,housing/rent/apartment,Thumbnail,NJ
5067,1735,1.0,1,819,30.3054,-97.7497,housing/rent/apartment,Thumbnail,TX
5068,1401,1.0,1,819,34.0648,-84.0849,housing/rent/apartment,Yes,GA
5069,1400,1.0,2,819,38.954,-76.8968,housing/rent/apartment,Thumbnail,MD
5070,1250,1.0,2,819,33.7848,-84.3922,housing/rent/apartment,Thumbnail,GA
5073,1005,1.0,1,819,40.4261,-79.7631,housing/rent/apartment,Thumbnail,PA
5074,990,1.0,3,819,40.1145,-88.2723,housing/rent/apartment,Thumbnail,IL
5075,2048,1.0,1,820,47.6156,-122.2109,housing/rent/apartment,Thumbnail,WA
5076,1900,1.0,2,820,33.9531,-118.3454,housing/rent/apartment,Thumbnail,CA
5077,1900,1.0,1,820,44.0559,-121.3041,housing/rent/apartment,Thumbnail,OR
5078,1840,1.0,1,820,39.0017,-77.0353,housing/rent/apartment,Thumbnail,MD
5079,1733,1.0,1,820,40.4667,-79.95,housing/rent/apartment,Yes,PA
5080,1700,1.0,1,820,46.8013,-100.7562,housing/rent/apartment,Thumbnail,ND
5081,1685,1.0,2,820,47.616,-122.3275,housing/rent/apartment,Thumbnail,WA
5082,1663,1.0,3,820,41.8625,-87.6825,housing/rent/apartment,Thumbnail,IL
5083,1600,1.0,2,820,38.3622,-121.9712,housing/rent/apartment,Thumbnail,CA
5084,1549,1.0,2,820,47.4608,-122.2095,housing/rent/apartment,Yes,WA
5085,1456,1.0,2,820,40.4448,-79.9725,housing/rent/apartment,Thumbnail,PA
5086,1455,1.0,2,820,47.8495,-122.2825,housing/rent/apartment,Thumbnail,WA
5087,1373,1.0,1,820,32.9239,-96.8765,housing/rent/apartment,Thumbnail,TX
5088,1370,1.0,1,820,32.8427,-96.9607,housing/rent/apartment,Thumbnail,TX
5089,1315,1.0,1,820,29.7714,-95.4343,housing/rent/apartment,Thumbnail,TX
5090,1225,1.0,1,820,47.3099,-122.3139,housing/rent/apartment,Thumbnail,WA
5092,1215,1.0,1,820,47.3071,-122.3404,housing/rent/apartment,Thumbnail,WA
5094,1177,1.0,1,820,38.9954,-94.6422,housing/rent/apartment,Thumbnail,KS
5095,1115,1.0,1,820,39.4915,-76.6609,housing/rent/apartment,Thumbnail,MD
5098,1022,1.0,1,820,30.0532,-95.2033,housing/rent/apartment,Thumbnail,TX
5100,873,1.0,1,820,32.833,-83.6723,housing/rent/apartment,Thumbnail,GA
5102,835,1.0,1,820,48.2469,-101.3017,housing/rent/apartment,Thumbnail,ND
5103,775,1.0,1,820,48.2469,-101.3017,housing/rent/apartment,Thumbnail,ND
5104,735,1.0,2,820,39.2228,-84.5835,housing/rent/apartment,Yes,OH
5105,625,1.0,2,820,35.5119,-97.5026,housing/rent/apartment,Thumbnail,OK
5106,585,1.0,1,820,44.5099,-88.0178,housing/rent/apartment,Thumbnail,WI
5108,910,1.0,1,821,33.6912,-84.2465,housing/rent/apartment,No,GA
5109,650,1.0,2,821,29.7714,-95.4343,housing/rent/apartment,Thumbnail,TX
5110,1870,1.0,1,822,32.8004,-96.7887,housing/rent/apartment,Thumbnail,TX
5111,1795,1.0,2,822,47.616,-122.3275,housing/rent/apartment,Thumbnail,WA
5112,975,1.0,2,822,30.5118,-97.6873,housing/rent/apartment,Thumbnail,TX
5113,880,1.0,1,822,37.6836,-97.3369,housing/rent/apartment,Thumbnail,KS
5114,800,1.0,1,822,46.8608,-96.8096,housing/rent/apartment,Thumbnail,ND
5115,2560,1.0,1,823,40.789,-74.0122,housing/rent/apartment,Thumbnail,NJ
5116,1575,1.0,1,823,43.0531,-87.9659,housing/rent/apartment,Thumbnail,WI
5117,1560,1.0,1,823,43.1486,-87.9118,housing/rent/apartment,Thumbnail,WI
5119,1169,1.0,1,823,36.0993,-115.2838,housing/rent/apartment,Thumbnail,NV
5120,1159,1.0,1,823,34.1222,-84.2975,housing/rent/apartment,Thumbnail,GA
5122,2035,1.0,1,824,47.5988,-122.1507,housing/rent/apartment,Thumbnail,WA
5123,1840,1.0,2,824,47.791,-122.2177,housing/rent/apartment,Thumbnail,WA
5125,1549,1.0,1,824,30.3054,-97.7497,housing/rent/apartment,Thumbnail,TX
5126,1405,1.0,1,824,32.8212,-96.7853,housing/rent/apartment,Thumbnail,TX
5127,1150,1.0,1,824,44.8144,-93.1655,housing/rent/apartment,Thumbnail,MN
5128,1070,1.0,1,824,40.5734,-111.8511,housing/rent/apartment,Thumbnail,UT
5129,1005,1.0,2,824,35.8079,-78.6466,housing/rent/apartment,No,NC
5131,600,1.0,1,824,30.0796,-95.617,housing/rent/apartment,Thumbnail,TX
5132,2475,1.0,2,825,33.852,-118.3759,housing/rent/apartment,Thumbnail,CA
5133,2199,1.0,1,825,34.1656,-118.3916,housing/rent/apartment,Thumbnail,CA
5134,1895,1.0,2,825,47.616,-122.3275,housing/rent/apartment,Thumbnail,WA
5135,1800,1.0,1,825,40.2967,-74.6137,housing/rent/apartment,Thumbnail,NJ
5136,1645,1.0,1,825,34.0648,-84.0849,housing/rent/apartment,Thumbnail,GA
5137,1600,2.0,2,825,40.0054,-75.1415,housing/rent/apartment,Thumbnail,PA
5138,1587,1.0,1,825,40.2967,-74.6137,housing/rent/apartment,Yes,NJ
5139,1550,1.0,2,825,30.3054,-97.7497,housing/rent/apartment,Thumbnail,TX
5140,1549,1.0,2,825,41.8625,-87.6825,housing/rent/apartment,Thumbnail,IL
5142,1495,1.0,1,825,41.6505,-70.9367,housing/rent/apartment,Thumbnail,MA
5143,1436,1.0,1,825,38.8995,-104.6992,housing/rent/apartment,No,CO
5144,1425,1.0,1,825,38.9148,-104.7713,housing/rent/apartment,Thumbnail,CO
5145,1400,1.0,1,825,40.0054,-75.1415,housing/rent/apartment,Thumbnail,PA
5147,1346,1.0,1,825,36.1036,-80.2159,housing/rent/apartment,Thumbnail,NC
5148,1265,1.0,2,825,39.5551,-76.9906,housing/rent/apartment,Thumbnail,MD
5150,1015,1.0,2,825,38.8562,-104.772,housing/rent/apartment,Thumbnail,CO
5151,1005,1.5,1,825,39.7475,-75.0223,housing/rent/apartment,Thumbnail,NJ
5152,985,1.0,2,825,41.2562,-96.0404,housing/rent/apartment,Thumbnail,NE
5155,875,1.0,2,825,46.599,-120.5572,housing/rent/apartment,Thumbnail,WA
5156,850,1.0,1,825,41.2562,-96.0404,housing/rent/apartment,Thumbnail,NE
5157,825,1.0,2,825,35.9695,-83.981,housing/rent/apartment,Thumbnail,TN
5159,710,1.0,2,825,42.7199,-84.5731,housing/rent/apartment,Thumbnail,MI
5160,700,1.0,2,825,40.2057,-85.4,housing/rent/apartment,Thumbnail,IN
5161,615,1.0,2,825,38.2006,-84.9469,housing/rent/apartment,Thumbnail,KY
5162,1899,1.0,1,826,47.6829,-122.1209,housing/rent/apartment,Thumbnail,WA
5163,1450,1.0,1,826,40.5853,-105.0839,housing/rent/apartment,Yes,CO
5164,1300,1.0,1,826,26.1806,-81.7257,housing/rent/apartment,Thumbnail,FL
5165,1275,1.0,1,826,32.833,-83.6723,housing/rent/apartment,Thumbnail,GA
5167,950,1.0,1,826,29.7714,-95.4343,housing/rent/apartment,Thumbnail,TX
5168,900,1.0,1,826,29.7714,-95.4343,housing/rent/apartment,Thumbnail,TX
5169,2895,1.0,1,827,37.3905,-122.0796,housing/rent/apartment,Thumbnail,CA
5170,1700,1.0,1,827,38.6487,-77.3152,housing/rent/apartment,Thumbnail,VA
5171,1650,1.0,1,827,40.2206,-74.7174,housing/rent/apartment,Yes,NJ
5172,1315,1.0,1,827,34.1222,-84.2975,housing/rent/apartment,Yes,GA
5173,1191,1.0,1,827,30.4973,-97.8276,housing/rent/apartment,Thumbnail,TX
5174,976,1.0,1,827,30.4973,-97.8276,housing/rent/apartment,Thumbnail,TX
5175,964,1.0,1,827,37.1386,-77.3919,housing/rent/apartment,Thumbnail,VA
5176,958,1.0,1,827,35.1354,-89.7585,housing/rent/apartment,Thumbnail,TN
5177,2290,1.0,1,828,30.3054,-97.7497,housing/rent/apartment,Thumbnail,TX
5178,1800,1.0,1,828,39.1527,-76.9306,housing/rent/apartment,Thumbnail,MD
5179,1688,1.0,1,828,38.7864,-77.6563,housing/rent/apartment,Thumbnail,VA
5180,1568,2.0,2,828,40.7985,-77.8612,housing/rent/apartment,Thumbnail,PA
5181,1395,1.0,1,828,27.3071,-80.4554,housing/rent/apartment,Thumbnail,FL
5182,1250,1.0,1,828,39.4944,-77.4535,housing/rent/apartment,Thumbnail,MD
5183,1220,1.0,1,828,39.4944,-77.4535,housing/rent/apartment,Thumbnail,MD
5184,1070,1.0,1,828,34.1139,-84.0073,housing/rent/apartment,Thumbnail,GA
5185,635,2.0,2,828,42.0621,-93.8855,housing/rent/apartment,Thumbnail,IA
5186,625,1.0,2,828,33.0769,-83.3032,housing/rent/home,Thumbnail,GA
5188,1729,1.0,1,829,33.7848,-84.3922,housing/rent/apartment,Thumbnail,GA
5189,1695,1.0,2,829,39.736,-104.9819,housing/rent/apartment,Thumbnail,CO
5190,1380,1.0,1,829,32.9314,-97.0956,housing/rent/apartment,No,TX
5192,1970,1.0,1,830,40.9472,-74.2427,housing/rent/apartment,Yes,NJ
5194,1875,1.0,2,830,40.6077,-74.2824,housing/rent/apartment,Thumbnail,NJ
5195,1790,1.0,1,830,41.8625,-87.6825,housing/rent/apartment,Thumbnail,IL
5196,1570,1.0,1,830,33.8323,-117.9079,housing/rent/apartment,Thumbnail,CA
5197,1550,1.0,2,830,47.75,-122.24,housing/rent/apartment,Thumbnail,WA
5198,1486,1.0,2,830,41.2562,-96.0404,housing/rent/apartment,Thumbnail,NE
5199,1475,1.0,1,830,40.8861,-74.4847,housing/rent/apartment,Thumbnail,NJ
5201,1420,1.0,1,830,36.7434,-76.2257,housing/rent/apartment,Thumbnail,VA
5202,1330,1.0,1,830,43.0637,-88.1403,housing/rent/apartment,Thumbnail,WI
5203,1270,1.0,2,830,42.9833,-71.4574,housing/rent/apartment,Thumbnail,NH
5204,1039,1.0,1,830,33.9351,-84.5289,housing/rent/apartment,Yes,GA
5206,920,1.0,2,830,41.3864,-81.7377,housing/rent/apartment,Thumbnail,OH
5208,799,1.0,2,830,36.8892,-76.2382,housing/rent/apartment,Thumbnail,VA
5209,795,1.0,1,830,30.0871,-95.4685,housing/rent/apartment,Thumbnail,TX
5210,781,2.0,2,830,32.275,-95.3017,housing/rent/apartment,Thumbnail,TX
5215,2920,1.0,1,832,40.722,-74.0644,housing/rent/apartment,Thumbnail,NJ
5217,1700,1.0,1,832,32.8212,-96.7853,housing/rent/apartment,Thumbnail,TX
5218,1550,1.0,2,832,33.7848,-84.3922,housing/rent/apartment,Thumbnail,GA
5219,1325,1.0,2,832,45.4922,-122.8578,housing/rent/apartment,Thumbnail,OR
5220,1245,1.0,2,832,39.0744,-94.5521,housing/rent/apartment,Thumbnail,MO
5221,981,1.0,1,832,36.0346,-78.869,housing/rent/apartment,Thumbnail,NC
5223,891,1.0,1,832,35.6757,-97.4949,housing/rent/apartment,Thumbnail,OK
5224,800,1.0,1,832,36.3317,-82.3837,housing/rent/apartment,Thumbnail,TN
5227,1399,1.0,2,833,42.9833,-71.4574,housing/rent/apartment,Yes,NH
5229,1300,1.0,2,833,39.5235,-119.8016,housing/rent/apartment,Thumbnail,NV
5231,1245,1.0,2,833,39.5902,-74.3541,housing/rent/apartment,Yes,NJ
5232,1209,1.0,2,833,39.5902,-74.3541,housing/rent/apartment,Thumbnail,NJ
5233,1092,1.0,1,833,33.0023,-96.8406,housing/rent/apartment,Yes,TX
5234,1025,1.0,1,833,45.1748,-93.3109,housing/rent/apartment,Thumbnail,MN
5236,969,1.0,1,833,35.823,-78.6438,housing/rent/apartment,Thumbnail,NC
5237,885,1.0,1,833,40.8062,-96.6778,housing/rent/apartment,Thumbnail,NE
5238,2275,2.0,2,834,34.1517,-118.3651,housing/rent/apartment,Thumbnail,CA
5239,2265,1.0,1,834,35.9966,-78.8991,housing/rent/apartment,No,NC
5241,1710,1.0,1,834,34.092,-117.8844,housing/rent/apartment,Thumbnail,CA
5242,1350,1.0,1,834,29.4624,-98.5253,housing/rent/apartment,Thumbnail,TX
5243,1015,1.5,1,834,32.722,-97.083,housing/rent/apartment,Thumbnail,TX
5244,905,1.0,1,834,32.4418,-99.7494,housing/rent/apartment,Thumbnail,TX
5248,1898,1.0,2,835,40.3346,-74.5794,housing/rent/apartment,No,NJ
5249,1350,1.0,1,835,39.0744,-94.5521,housing/rent/apartment,Thumbnail,MO
5250,1245,1.0,2,835,38.8516,-76.8871,housing/rent/apartment,Thumbnail,MD
5252,925,1.0,1,835,30.4601,-84.2714,housing/rent/apartment,Thumbnail,FL
5253,870,1.0,1,835,41.2562,-96.0404,housing/rent/apartment,Thumbnail,NE
5254,1545,1.0,1,836,39.2608,-77.278,housing/rent/apartment,Thumbnail,MD
5255,1320,1.0,1,836,39.4276,-76.7727,housing/rent/apartment,Yes,MD
5257,1123,1.0,1,836,32.8524,-97.0886,housing/rent/apartment,Yes,TX
5258,919,1.0,1,836,30.2989,-81.6324,housing/rent/apartment,Thumbnail,FL
5259,1745,1.0,2,837,47.5892,-122.0343,housing/rent/apartment,Thumbnail,WA
5260,1745,1.0,2,837,47.5892,-122.0343,housing/rent/apartment,Yes,WA
5261,1670,1.0,2,837,47.5892,-122.0343,housing/rent/apartment,Yes,WA
5263,1438,2.0,2,837,37.1892,-93.2908,housing/rent/apartment,Thumbnail,MO
5264,850,1.0,1,837,40.8062,-96.6778,housing/rent/apartment,Thumbnail,NE
5265,2070,1.0,1,838,40.2897,-74.0189,housing/rent/apartment,Thumbnail,NJ
5268,811,1.0,1,838,43.5329,-96.7265,housing/rent/apartment,Thumbnail,SD
5269,825,2.0,2,839,42.0259,-93.6516,housing/rent/apartment,Thumbnail,IA
5270,2695,2.0,2,840,34.0372,-118.2972,housing/rent/apartment,Thumbnail,CA
5272,2150,1.0,1,840,41.0133,-74.3321,housing/rent/apartment,Yes,NJ
5273,1590,2.0,3,840,40.4969,-86.9659,housing/rent/apartment,Thumbnail,IN
5274,1475,1.0,1,840,43.0531,-87.9659,housing/rent/apartment,Thumbnail,WI
5276,1417,1.0,1,840,29.7714,-95.4343,housing/rent/apartment,Thumbnail,TX
5277,1322,1.0,2,840,38.8391,-76.9175,housing/rent/apartment,Thumbnail,MD
5280,1200,1.0,1,840,40.3613,-86.9005,housing/rent/apartment,Thumbnail,IN
5281,1200,1.0,1,840,33.8144,-84.2804,housing/rent/apartment,Yes,GA
5282,1165,1.0,2,840,39.5373,-76.3558,housing/rent/apartment,Thumbnail,MD
5283,1155,1.0,2,840,38.7918,-104.8265,housing/rent/apartment,Thumbnail,CO
5284,1100,1.0,1,840,41.4794,-81.5609,housing/rent/apartment,Thumbnail,OH
5286,1070,1.0,2,840,38.9148,-104.7713,housing/rent/apartment,Thumbnail,CO
5287,1050,1.0,1,840,44.9379,-93.6693,housing/rent/apartment,Thumbnail,MN
5288,995,1.0,2,840,38.8862,-104.7389,housing/rent/apartment,Yes,CO
5289,825,2.0,2,840,39.3042,-94.9253,housing/rent/apartment,Thumbnail,KS
5290,795,1.0,2,840,31.7951,-106.3886,housing/rent/apartment,Thumbnail,TX
5291,775,1.0,3,840,36.116,-95.9281,housing/rent/apartment,Thumbnail,OK
5292,775,1.0,2,840,33.9612,-81.1134,housing/rent/apartment,Thumbnail,SC
5294,675,1.0,2,840,47.9179,-97.0658,housing/rent/apartment,Thumbnail,ND
5296,2600,1.0,1,841,34.0372,-118.2972,housing/rent/apartment,Thumbnail,CA
5297,1476,2.0,2,841,39.2031,-76.7531,housing/rent/apartment,Yes,MD
5298,1268,1.0,1,841,41.4501,-81.9235,housing/rent/apartment,Thumbnail,OH
5300,650,1.0,1,841,42.0259,-93.6516,housing/rent/apartment,Thumbnail,IA
5302,1900,1.0,1,842,34.1132,-117.6615,housing/rent/apartment,Thumbnail,CA
5303,1875,1.0,1,842,32.8212,-96.7853,housing/rent/apartment,Thumbnail,TX
5306,1042,1.0,1,842,35.9165,-78.9177,housing/rent/apartment,Thumbnail,NC
5307,995,1.0,1,842,36.3188,-86.6973,housing/rent/apartment,Thumbnail,TN
5308,870,1.0,1,842,36.0249,-78.4646,housing/rent/apartment,Thumbnail,NC
5309,2186,1.0,1,843,32.8212,-96.7853,housing/rent/apartment,Thumbnail,TX
5310,1755,1.0,2,843,47.8441,-122.1991,housing/rent/apartment,Yes,WA
5311,1624,1.0,1,843,32.8123,-96.8146,housing/rent/apartment,Thumbnail,TX
5312,1595,1.0,1,843,42.9442,-71.5194,housing/rent/apartment,No,NH
5313,1264,2.0,2,843,35.0462,-85.2352,housing/rent/apartment,Thumbnail,TN
5315,805,1.0,1,843,48.2469,-101.3017,housing/rent/apartment,Thumbnail,ND
5316,1280,1.0,1,844,43.0735,-88.0172,housing/rent/apartment,Thumbnail,WI
5317,1202,1.0,1,844,30.3054,-97.7497,housing/rent/apartment,Thumbnail,TX
5318,1184,1.0,1,844,28.077,-82.4202,housing/rent/apartment,Thumbnail,FL
5320,424,1.0,2,844,43.7815,-88.4411,housing/rent/apartment,Thumbnail,WI
5321,3191,1.0,1,845,40.722,-74.0644,housing/rent/apartment,Yes,NJ
5322,3159,1.0,1,845,40.722,-74.0644,housing/rent/apartment,No,NJ
5323,2355,1.0,1,845,42.4585,-71.0609,housing/rent/apartment,Thumbnail,MA
5325,1805,2.0,2,845,33.8323,-117.9079,housing/rent/apartment,Thumbnail,CA
5327,1395,1.0,1,845,44.8144,-93.1655,housing/rent/apartment,Thumbnail,MN
5329,1015,1.0,2,845,41.2562,-96.0404,housing/rent/apartment,Thumbnail,NE
5330,975,2.0,2,845,37.6322,-77.5452,housing/rent/apartment,Thumbnail,VA
5331,870,1.0,1,845,36.0913,-79.2861,housing/rent/apartment,Thumbnail,NC
5332,1689,1.0,1,846,40.8866,-74.7498,housing/rent/apartment,Thumbnail,NJ
5335,1327,1.0,1,846,40.8866,-74.7498,housing/rent/apartment,Thumbnail,NJ
5336,1315,1.0,1,846,41.8625,-87.6825,housing/rent/apartment,Thumbnail,IL
5338,1277,1.0,1,846,40.8866,-74.7498,housing/rent/apartment,Thumbnail,NJ
5339,1044,1.0,1,846,30.3054,-97.7497,housing/rent/apartment,Thumbnail,TX
5342,2898,1.0,2,847,34.0372,-118.2972,housing/rent/apartment,Thumbnail,CA
5343,1686,1.0,1,847,32.8212,-96.7853,housing/rent/apartment,Thumbnail,TX
5344,1565,1.0,1,847,27.2467,-82.4882,housing/rent/apartment,Thumbnail,FL
5346,1145,1.0,2,847,30.3054,-97.7497,housing/rent/apartment,Thumbnail,TX
5347,1100,1.0,2,847,39.842,-75.0295,housing/rent/apartment,Thumbnail,NJ
5348,799,1.0,1,847,35.1628,-85.2135,housing/rent/apartment,Thumbnail,TN
5349,1950,1.0,1,848,45.5091,-122.6449,housing/rent/apartment,Thumbnail,OR
5350,1707,1.0,1,848,33.8144,-84.2804,housing/rent/apartment,Yes,GA
5351,1337,1.0,2,848,38.8391,-76.9175,housing/rent/apartment,Thumbnail,MD
5352,1337,1.0,2,848,38.8391,-76.9175,housing/rent/apartment,Thumbnail,MD
5353,1311,1.0,1,848,28.0076,-82.4792,housing/rent/apartment,Thumbnail,FL
5354,879,1.0,1,848,30.4601,-84.2714,housing/rent/apartment,Thumbnail,FL
5356,1185,1.0,3,849,33.3898,-111.9272,housing/rent/apartment,Thumbnail,AZ
5358,839,1.0,1,849,30.4601,-84.2714,housing/rent/apartment,Thumbnail,FL
5359,3950,1.0,2,850,34.1332,-118.3636,housing/rent/apartment,Thumbnail,CA
5360,3390,1.0,1,850,42.3882,-83.1122,housing/rent/apartment,Thumbnail,MI
5364,2750,1.0,1,850,34.0075,-118.3941,housing/rent/apartment,Thumbnail,CA
5367,2695,1.0,2,850,34.0372,-118.2972,housing/rent/apartment,Thumbnail,CA
5368,2570,1.0,1,850,34.0372,-118.2972,housing/rent/apartment,Thumbnail,CA
5369,2515,1.0,1,850,40.2945,-73.9952,housing/rent/apartment,Thumbnail,NJ
5370,2300,1.0,1,850,42.418,-71.1669,housing/rent/apartment,Yes,MA
5371,2295,1.0,2,850,47.616,-122.3275,housing/rent/apartment,Thumbnail,WA
5372,2260,1.0,1,850,40.8342,-73.9735,housing/rent/apartment,Thumbnail,NJ
5373,2100,1.0,1,850,40.0054,-75.1415,housing/rent/apartment,Thumbnail,PA
5374,2075,1.5,2,850,40.0341,-105.3055,housing/rent/apartment,Thumbnail,CO
5375,1990,1.0,1,850,27.3311,-82.548,housing/rent/apartment,Thumbnail,FL
5379,1699,1.0,2,850,28.0076,-82.4792,housing/rent/apartment,Thumbnail,FL
5380,1695,1.0,2,850,40.0414,-75.4867,housing/rent/apartment,Thumbnail,PA
5381,1695,1.0,2,850,47.2087,-121.8634,housing/rent/apartment,Thumbnail,WA
5382,1685,1.0,1,850,33.736,-117.8821,housing/rent/apartment,Thumbnail,CA
5384,1550,1.5,1,850,40.5007,-80.0667,housing/rent/apartment,Yes,PA
5386,1500,1.0,2,850,26.2196,-98.2339,housing/rent/apartment,Thumbnail,TX
5387,1450,1.0,1,850,44.9358,-93.6328,housing/rent/apartment,Thumbnail,MN
5388,1450,1.0,1,850,44.9405,-93.1027,housing/rent/apartment,Thumbnail,MN
5390,1399,1.0,1,850,42.2711,-83.745,housing/rent/apartment,Thumbnail,MI
5391,1399,1.0,1,850,28.0076,-82.4792,housing/rent/apartment,Thumbnail,FL
5392,1395,1.0,2,850,39.3776,-76.706,housing/rent/apartment,Thumbnail,MD
5393,1359,1.0,1,850,42.2711,-83.745,housing/rent/apartment,Thumbnail,MI
5394,1350,1.0,2,850,30.3054,-97.7497,housing/rent/apartment,Thumbnail,TX
5395,1339,1.5,2,850,45.4851,-122.8349,housing/rent/apartment,Thumbnail,OR
5396,1325,1.0,1,850,43.0531,-87.9659,housing/rent/apartment,Thumbnail,WI
5397,1299,1.0,1,850,28.4951,-81.4553,housing/rent/apartment,Thumbnail,FL
5398,1295,1.0,2,850,30.3054,-97.7497,housing/rent/apartment,Thumbnail,TX
5401,1269,1.0,1,850,42.2711,-83.745,housing/rent/apartment,Thumbnail,MI
5402,1242,1.0,2,850,36.9427,-76.253,housing/rent/apartment,Thumbnail,VA
5403,1230,1.0,2,850,40.7061,-111.9048,housing/rent/apartment,Thumbnail,UT
5404,1225,1.0,2,850,28.5163,-81.3644,housing/rent/apartment,Thumbnail,FL
5406,1200,2.0,2,850,40.1171,-88.1889,housing/rent/apartment,Thumbnail,IL
5407,1200,1.0,1,850,39.1679,-84.4933,housing/rent/apartment,Thumbnail,OH
5409,1179,1.0,1,850,39.1634,-76.6165,housing/rent/apartment,Thumbnail,MD
5410,1150,1.0,2,850,39.3754,-76.8054,housing/rent/apartment,Yes,MD
5411,1140,1.0,2,850,39.9974,-82.9829,housing/rent/apartment,Thumbnail,OH
5412,1135,1.0,2,850,39.3754,-76.8054,housing/rent/apartment,Thumbnail,MD
5413,1133,1.0,2,850,39.4779,-119.8972,housing/rent/apartment,Thumbnail,NV
5414,1125,1.0,1,850,39.8275,-75.1597,housing/rent/apartment,Thumbnail,NJ
5416,1100,1.0,2,850,30.6859,-97.9119,housing/rent/apartment,Thumbnail,TX
5417,1100,1.0,1,850,41.4648,-81.6794,housing/rent/apartment,Thumbnail,OH
5419,1080,1.0,2,850,40.5059,-80.1869,housing/rent/apartment,Yes,PA
5420,1065,1.0,2,850,39.3754,-76.8054,housing/rent/apartment,Yes,MD
5421,1050,1.0,2,850,39.7286,-75.1276,housing/rent/apartment,Yes,NJ
5422,1029,2.0,2,850,30.5118,-97.6873,housing/rent/apartment,Thumbnail,TX
5423,1020,1.0,2,850,61.1723,-149.8414,housing/rent/apartment,Thumbnail,AK
5424,1010,1.0,2,850,39.4324,-76.3552,housing/rent/apartment,Thumbnail,MD
5425,1005,1.0,3,850,42.0259,-93.6516,housing/rent/apartment,Thumbnail,IA
5426,1000,1.0,2,850,43.7012,-85.4657,housing/rent/apartment,Thumbnail,MI
5427,1000,1.0,1,850,39.7475,-75.0223,housing/rent/apartment,Yes,NJ
5430,995,1.0,1,850,41.8625,-87.6825,housing/rent/apartment,Thumbnail,IL
5433,980,1.0,2,850,45.2764,-92.9901,housing/rent/apartment,Thumbnail,MN
5434,980,1.0,2,850,40.5059,-80.1869,housing/rent/apartment,Yes,PA
5435,980,1.0,2,850,40.5059,-80.1869,housing/rent/apartment,Yes,PA
5436,978,1.0,1,850,35.7751,-78.6391,housing/rent/apartment,Yes,NC
5438,964,1.0,1,850,36.0913,-79.2861,housing/rent/apartment,Thumbnail,NC
5440,950,1.0,1,850,26.5761,-81.8644,housing/rent/apartment,Thumbnail,FL
5442,925,1.0,2,850,40.7061,-111.9048,housing/rent/apartment,Thumbnail,UT
5443,925,1.0,2,850,39.0744,-94.5521,housing/rent/apartment,Thumbnail,MO
5444,910,1.0,1,850,39.3191,-76.6126,housing/rent/apartment,Thumbnail,MD
5445,910,1.0,1,850,33.9295,-84.4662,housing/rent/apartment,Thumbnail,GA
5446,879,1.0,1,850,42.4751,-83.2572,housing/rent/apartment,Thumbnail,MI
5447,869,1.0,1,850,29.7714,-95.4343,housing/rent/apartment,Thumbnail,TX
5448,865,1.0,2,850,35.7585,-78.7783,housing/rent/apartment,Thumbnail,NC
5449,855,1.0,1,850,41.4983,-81.6437,housing/rent/apartment,Thumbnail,OH
5450,850,2.0,2,850,33.6091,-85.837,housing/rent/apartment,Thumbnail,AL
5451,850,1.0,2,850,41.2562,-96.0404,housing/rent/apartment,Thumbnail,NE
5452,825,1.0,2,850,42.6465,-83.2861,housing/rent/apartment,Thumbnail,MI
5454,800,1.0,1,850,41.554,-81.4796,housing/rent/apartment,Thumbnail,OH
5456,800,1.0,2,850,38.8154,-104.7779,housing/rent/apartment,Thumbnail,CO
5457,799,1.0,2,850,39.6854,-84.1965,housing/rent/apartment,Thumbnail,OH
5458,795,1.0,2,850,39.0744,-94.5521,housing/rent/apartment,Thumbnail,MO
5460,775,1.0,1,850,36.0746,-79.0777,housing/rent/apartment,Thumbnail,NC
5461,750,1.0,3,850,42.0259,-93.6516,housing/rent/apartment,Thumbnail,IA
5463,725,1.0,2,850,47.9179,-97.0658,housing/rent/apartment,Thumbnail,ND
5464,725,1.0,2,850,32.4645,-93.7879,housing/rent/apartment,Thumbnail,LA
5465,720,1.0,2,850,39.7078,-86.3938,housing/rent/apartment,Thumbnail,IN
5466,715,1.0,1,850,40.8062,-96.6778,housing/rent/apartment,Thumbnail,NE
5468,699,2.0,2,850,36.1228,-97.0692,housing/rent/apartment,Thumbnail,OK
5469,675,1.0,2,850,41.5927,-93.6276,housing/rent/apartment,Thumbnail,IA
5470,650,1.0,2,850,32.833,-83.6723,housing/rent/apartment,Thumbnail,GA
5473,625,1.0,2,850,35.1872,-101.8587,housing/rent/apartment,Thumbnail,TX
5476,565,1.0,2,850,39.7528,-84.1744,housing/rent/apartment,Thumbnail,OH
5477,525,1.0,2,850,39.8456,-84.1117,housing/rent/apartment,Thumbnail,OH
5478,500,1.0,2,850,47.2665,-101.7775,housing/rent/apartment,Thumbnail,ND
5480,2195,2.0,2,851,47.616,-122.3275,housing/rent/apartment,Thumbnail,WA
5481,1775,1.0,1,851,32.8212,-96.7853,housing/rent/apartment,Thumbnail,TX
5482,1250,1.0,1,851,26.7173,-80.1164,housing/rent/apartment,Thumbnail,FL
5483,1065,1.0,2,851,39.8652,-75.0568,housing/rent/apartment,Thumbnail,NJ
5484,1026,1.0,3,851,35.8707,-79.0222,housing/rent/apartment,Thumbnail,NC
5485,654,1.0,2,851,40.7481,-82.5336,housing/rent/apartment,Thumbnail,OH
5486,2270,1.0,1,852,40.6657,-74.1193,housing/rent/apartment,Thumbnail,NJ
5487,1363,1.0,1,852,39.4276,-76.7727,housing/rent/apartment,Yes,MD
5488,1200,1.0,1,852,39.4915,-76.6609,housing/rent/apartment,Yes,MD
5490,875,1.0,1,852,41.5835,-93.7597,housing/rent/apartment,Thumbnail,IA
5491,1496,1.0,1,853,39.1396,-77.1914,housing/rent/apartment,Thumbnail,MD
5492,1468,1.0,1,853,39.8502,-104.9699,housing/rent/apartment,Thumbnail,CO
5495,1545,1.0,1,854,39.2144,-76.8797,housing/rent/apartment,Yes,MD
5496,1160,1.0,3,854,42.0259,-93.6516,housing/rent/apartment,Thumbnail,IA
5497,1140,1.0,1,854,36.1519,-79.8168,housing/rent/apartment,Thumbnail,NC
5498,1116,1.0,1,854,40.3012,-111.6907,housing/rent/apartment,Thumbnail,UT
5499,995,1.0,1,854,41.2715,-96.2423,housing/rent/apartment,Thumbnail,NE
5500,990,1.0,1,854,37.5173,-77.5044,housing/rent/apartment,Thumbnail,VA
5502,3193,1.0,1,855,34.0372,-118.2972,housing/rent/apartment,Thumbnail,CA
5503,1639,1.0,2,855,47.6146,-122.1684,housing/rent/apartment,Thumbnail,WA
5506,885,1.0,1,855,34.0007,-84.4665,housing/rent/apartment,Thumbnail,GA
5507,875,1.0,1,855,33.9295,-84.4662,housing/rent/apartment,Yes,GA
5510,1680,1.0,2,856,47.4831,-122.1298,housing/rent/apartment,Yes,WA
5511,1550,1.0,1,856,30.3054,-97.7497,housing/rent/apartment,Thumbnail,TX
5512,1526,1.0,1,856,41.8625,-87.6825,housing/rent/apartment,Thumbnail,IL
5513,1270,1.0,1,856,42.9908,-89.5684,housing/rent/apartment,Thumbnail,WI
5514,1200,1.0,2,856,39.6847,-104.9263,housing/rent/apartment,Thumbnail,CO
5515,1160,1.0,1,856,43.0734,-89.1988,housing/rent/apartment,Thumbnail,WI
5517,854,1.0,1,856,35.4975,-97.7329,housing/rent/apartment,Thumbnail,OK
5518,825,1.0,1,856,32.7407,-97.3394,housing/rent/apartment,Thumbnail,TX
5519,3100,1.0,1,857,37.7599,-122.4379,housing/rent/apartment,Thumbnail,CA
5520,1825,1.0,1,857,39.7673,-105.0151,housing/rent/apartment,Thumbnail,CO
5521,1025,1.0,1,857,42.8022,-73.9287,housing/rent/apartment,Thumbnail,NY
5522,1450,1.0,1,858,36.1554,-115.1733,housing/rent/apartment,Thumbnail,NV
5523,950,1.0,1,858,41.6806,-91.585,housing/rent/apartment,Thumbnail,IA
5524,839,1.5,2,858,35.4014,-80.5827,housing/rent/apartment,Yes,NC
5525,680,1.0,2,858,43.5329,-96.7265,housing/rent/apartment,Thumbnail,SD
5526,2100,1.0,0,859,34.0372,-118.2972,housing/rent/apartment,Thumbnail,CA
5527,1995,1.5,2,859,47.7046,-122.1989,housing/rent/apartment,Thumbnail,WA
5528,770,1.0,1,859,41.4712,-81.5155,housing/rent/apartment,Thumbnail,OH
5529,4695,1.0,2,860,37.7599,-122.4379,housing/rent/apartment,Thumbnail,CA
5530,2550,1.0,2,860,37.7904,-122.2151,housing/rent/apartment,Thumbnail,CA
5531,2400,1.0,2,860,47.616,-122.3275,housing/rent/apartment,Thumbnail,WA
5532,1805,1.0,1,860,30.3054,-97.7497,housing/rent/apartment,Thumbnail,TX
5533,1373,1.0,1,860,34.0299,-84.2425,housing/rent/apartment,Yes,GA
5534,1325,1.0,1,860,43.0637,-88.1403,housing/rent/apartment,Thumbnail,WI
5535,1198,1.0,1,860,42.2711,-83.745,housing/rent/apartment,Thumbnail,MI
5536,1150,2.0,2,860,30.3054,-97.7497,housing/rent/apartment,Thumbnail,TX
5537,1075,1.0,2,860,39.0744,-94.5521,housing/rent/apartment,Thumbnail,MO
5538,1060,1.0,2,860,40.6498,-111.9625,housing/rent/apartment,Thumbnail,UT
5540,825,1.0,1,860,33.5834,-85.0844,housing/rent/apartment,Thumbnail,GA
5541,775,1.0,2,860,36.2548,-115.5263,housing/rent/apartment,Thumbnail,NV
5542,775,1.0,2,860,36.2548,-115.5263,housing/rent/apartment,Thumbnail,NV
5543,635,1.0,2,860,33.4632,-94.0736,housing/rent/apartment,Thumbnail,TX
5544,2260,2.0,2,861,40.4448,-79.9725,housing/rent/apartment,Thumbnail,PA
5545,2200,1.0,1,861,38.8738,-77.1055,housing/rent/apartment,Thumbnail,VA
5546,1845,1.0,2,861,32.7685,-117.0046,housing/rent/apartment,Thumbnail,CA
5547,1312,1.0,1,861,36.0993,-115.2838,housing/rent/apartment,Thumbnail,NV
5548,1152,1.0,1,861,29.4624,-98.5253,housing/rent/apartment,Thumbnail,TX
5549,1990,1.0,2,862,47.5612,-122.1534,housing/rent/apartment,Thumbnail,WA
5552,1735,1.0,2,862,47.4457,-122.1407,housing/rent/apartment,Yes,WA
5554,1295,1.0,1,862,32.9314,-97.0956,housing/rent/apartment,Yes,TX
5555,999,1.0,2,862,35.9707,-79.0428,housing/rent/apartment,Thumbnail,NC
5556,1750,1.0,2,863,33.2039,-117.2421,housing/rent/apartment,Thumbnail,CA
5557,1294,1.0,1,863,45.4157,-122.5243,housing/rent/apartment,Thumbnail,OR
5558,1040,2.0,2,863,30.3054,-97.7497,housing/rent/apartment,Thumbnail,TX
5559,1021,1.0,2,863,39.0744,-94.5521,housing/rent/apartment,Thumbnail,MO
5561,1724,1.0,2,864,47.3907,-122.2626,housing/rent/apartment,Yes,WA
5562,1724,1.0,2,864,47.3907,-122.2626,housing/rent/apartment,Yes,WA
5563,1724,1.0,2,864,47.3907,-122.2626,housing/rent/apartment,Yes,WA
5564,1497,2.0,3,864,40.1145,-88.2723,housing/rent/apartment,Thumbnail,IL
5565,1399,2.0,2,864,39.8668,-105.0055,housing/rent/apartment,Thumbnail,CO
5566,1375,1.0,1,864,28.2966,-81.6162,housing/rent/apartment,Thumbnail,FL
5568,1125,1.0,2,864,48.7871,-122.4437,housing/rent/apartment,Thumbnail,WA
5570,920,2.0,2,864,40.3911,-80.1989,housing/rent/apartment,Yes,PA
5572,640,1.0,2,864,41.3711,-82.1168,housing/rent/apartment,Thumbnail,OH
5573,2891,1.0,1,865,33.9855,-118.4532,housing/rent/apartment,Thumbnail,CA
5575,1360,1.0,2,865,39.4276,-76.7727,housing/rent/apartment,Yes,MD
5576,1330,1.0,2,865,39.4276,-76.7727,housing/rent/apartment,Yes,MD
5579,1095,1.0,2,865,32.7057,-96.8747,housing/rent/apartment,Thumbnail,TX
5583,1211,1.0,1,866,35.8269,-78.8335,housing/rent/apartment,Thumbnail,NC
5586,1205,1.0,2,867,38.8562,-104.772,housing/rent/apartment,Thumbnail,CO
5587,1110,1.0,2,867,38.9148,-104.7713,housing/rent/apartment,Yes,CO
5588,875,1.0,2,867,32.2264,-110.9438,housing/rent/apartment,Thumbnail,AZ
5589,2150,1.0,2,868,21.3991,-157.7452,housing/rent/apartment,Thumbnail,HI
5591,1614,1.0,1,868,29.7714,-95.4343,housing/rent/apartment,Thumbnail,TX
5592,1600,1.0,2,868,33.7848,-84.3922,housing/rent/apartment,Thumbnail,GA
5593,1290,1.0,1,868,28.1932,-81.6047,housing/rent/apartment,Thumbnail,FL
5594,1149,2.0,2,868,30.5118,-97.6873,housing/rent/apartment,Thumbnail,TX
5595,1149,2.0,2,868,30.5118,-97.6873,housing/rent/apartment,Thumbnail,TX
5597,1100,2.0,2,868,32.7407,-97.3394,housing/rent/apartment,Thumbnail,TX
5599,919,1.0,1,868,37.1386,-77.3919,housing/rent/apartment,Thumbnail,VA
5600,1345,1.0,1,869,35.7585,-78.7783,housing/rent/apartment,Thumbnail,NC
5601,1089,1.0,2,869,33.0653,-97.0251,housing/rent/apartment,Thumbnail,TX
5602,4995,1.0,1,870,37.7599,-122.4379,housing/rent/apartment,Thumbnail,CA
5603,2140,1.0,1,870,40.8342,-73.9735,housing/rent/apartment,Thumbnail,NJ
5605,1600,1.0,1,870,39.0761,-77.1247,housing/rent/apartment,Thumbnail,MD
5608,1445,2.0,2,870,39.6894,-105.1119,housing/rent/apartment,Thumbnail,CO
5610,1180,1.0,1,870,28.0076,-82.4792,housing/rent/apartment,Thumbnail,FL
5611,1095,1.0,2,870,41.2546,-96.2265,housing/rent/apartment,Thumbnail,NE
5612,1055,1.0,1,870,34.0505,-81.0098,housing/rent/apartment,Thumbnail,SC
5616,910,1.0,2,870,41.031,-111.942,housing/rent/apartment,Thumbnail,UT
5617,875,1.0,1,870,38.9571,-95.2657,housing/rent/apartment,Thumbnail,KS
5619,719,1.5,2,870,39.7903,-84.214,housing/rent/apartment,Thumbnail,OH
5620,1995,1.0,1,871,40.0037,-75.3717,housing/rent/apartment,Thumbnail,PA
5621,1755,2.0,2,871,41.8625,-87.6825,housing/rent/apartment,Thumbnail,IL
5622,1723,1.0,1,871,47.5481,-122.0471,housing/rent/apartment,Thumbnail,WA
5623,1605,1.0,1,871,39.825,-75.1322,housing/rent/apartment,Yes,NJ
5624,1270,2.0,2,871,30.3054,-97.7497,housing/rent/apartment,Thumbnail,TX
5625,1225,1.0,1,871,42.7527,-71.4854,housing/rent/apartment,Thumbnail,NH
5626,770,1.0,2,871,35.471,-97.5299,housing/rent/apartment,Thumbnail,OK
5627,2350,1.0,1,872,40.8211,-73.989,housing/rent/apartment,Thumbnail,NJ
5628,2000,1.5,2,872,47.7046,-122.1989,housing/rent/apartment,Thumbnail,WA
5629,1296,1.0,1,872,35.9999,-78.9413,housing/rent/apartment,Thumbnail,NC
5630,1109,1.0,1,872,29.4624,-98.5253,housing/rent/apartment,Thumbnail,TX
5631,690,1.0,2,872,40.7722,-81.4132,housing/rent/apartment,Thumbnail,OH
5632,1934,1.0,1,873,40.722,-74.0644,housing/rent/apartment,Thumbnail,NJ
5633,1380,1.0,1,873,29.7714,-95.4343,housing/rent/apartment,Thumbnail,TX
5634,1300,1.0,1,873,32.4797,-96.9807,housing/rent/apartment,No,TX
5635,1255,1.0,2,873,39.8889,-74.9116,housing/rent/apartment,Yes,NJ
5636,1885,1.0,2,874,40.2967,-74.6137,housing/rent/apartment,Yes,NJ
5637,1325,1.0,1,874,41.3708,-72.9259,housing/rent/apartment,Thumbnail,CT
5638,1205,1.0,1,874,42.9908,-89.5684,housing/rent/apartment,Thumbnail,WI
5639,924,1.0,1,874,29.4624,-98.5253,housing/rent/apartment,Thumbnail,TX
5641,2520,1.0,1,875,34.0372,-118.2972,housing/rent/apartment,Thumbnail,CA
5642,2495,1.0,1,875,38.9118,-77.0132,housing/rent/apartment,Thumbnail,DC
5644,2395,1.0,2,875,38.4498,-122.7129,housing/rent/apartment,Thumbnail,CA
5645,1925,1.0,2,875,40.0366,-75.3801,housing/rent/apartment,Thumbnail,PA
5646,1695,1.0,2,875,33.1463,-117.1694,housing/rent/apartment,Thumbnail,CA
5647,1625,2.0,2,875,33.8631,-118.1765,housing/rent/apartment,Thumbnail,CA
5648,1500,2.0,2,875,43.0712,-78.8141,housing/rent/apartment,Thumbnail,NY
5651,1269,1.0,1,875,30.3054,-97.7497,housing/rent/apartment,Thumbnail,TX
5652,1263,1.0,2,875,39.0744,-94.5521,housing/rent/apartment,Thumbnail,MO
5654,1249,1.0,2,875,42.829,-71.658,housing/rent/apartment,Thumbnail,NH
5656,1183,1.0,2,875,41.3498,-72.1062,housing/rent/apartment,Yes,CT
5657,1175,1.0,2,875,45.6558,-122.5888,housing/rent/apartment,Thumbnail,WA
5658,1158,1.0,2,875,41.3498,-72.1062,housing/rent/apartment,Thumbnail,CT
5659,1158,1.0,2,875,41.3498,-72.1062,housing/rent/apartment,Thumbnail,CT
5660,1158,1.0,2,875,41.3498,-72.1062,housing/rent/apartment,Yes,CT
5661,1158,1.0,2,875,41.3498,-72.1062,housing/rent/apartment,Yes,CT
5662,1158,1.0,2,875,41.3498,-72.1062,housing/rent/apartment,Thumbnail,CT
5663,1150,1.0,1,875,42.0341,-87.8937,housing/rent/apartment,Thumbnail,IL
5664,1010,1.0,2,875,39.3754,-76.8054,housing/rent/apartment,Yes,MD
5666,980,1.0,2,875,42.0259,-93.6516,housing/rent/apartment,Thumbnail,IA
5668,950,1.0,2,875,39.0744,-94.5521,housing/rent/apartment,Thumbnail,MO
5669,800,1.0,1,875,39.0744,-94.5521,housing/rent/apartment,Thumbnail,MO
5670,732,2.0,3,875,42.3149,-85.1757,housing/rent/apartment,Thumbnail,MI
5671,675,2.0,2,875,26.1596,-97.989,housing/rent/apartment,Thumbnail,TX
5672,1600,2.0,2,876,41.9392,-71.3028,housing/rent/apartment,Thumbnail,MA
5673,1461,1.0,2,876,40.1657,-105.1365,housing/rent/apartment,Thumbnail,CO
5674,1400,1.0,1,876,44.8653,-93.4749,housing/rent/apartment,Thumbnail,MN
5675,1180,2.0,2,876,32.7583,-97.088,housing/rent/apartment,Yes,TX
5676,1180,2.0,2,876,32.7583,-97.088,housing/rent/apartment,Thumbnail,TX
5677,1169,2.0,2,876,32.6548,-97.1587,housing/rent/apartment,Thumbnail,TX
5678,995,1.0,2,876,44.9545,-123.0072,housing/rent/apartment,Thumbnail,OR
5679,977,1.0,1,876,29.4624,-98.5253,housing/rent/apartment,Thumbnail,TX
5680,929,1.0,1,876,39.4626,-87.3824,housing/rent/apartment,Thumbnail,IN
5681,885,1.0,1,876,40.8062,-96.6778,housing/rent/apartment,Thumbnail,NE
5683,1295,1.0,2,877,45.4305,-122.7798,housing/rent/apartment,Thumbnail,OR
5684,1275,1.0,1,877,43.0724,-89.4003,housing/rent/apartment,Thumbnail,WI
5686,2385,3.0,3,878,40.1171,-88.1889,housing/rent/apartment,Thumbnail,IL
5687,2195,2.0,2,878,37.9682,-122.0091,housing/rent/apartment,Thumbnail,CA
5689,1470,1.0,1,879,32.0057,-102.1036,housing/rent/apartment,Thumbnail,TX
5690,1450,1.0,1,879,34.0072,-84.0034,housing/rent/apartment,Yes,GA
5691,1440,1.0,1,879,39.2144,-76.8797,housing/rent/apartment,Thumbnail,MD
5692,1278,1.0,2,879,44.5099,-88.0178,housing/rent/apartment,Thumbnail,WI
5693,2350,1.5,1,880,25.7603,-80.3005,housing/rent/apartment,Thumbnail,FL
5694,1900,1.0,2,880,40.7667,-74.0295,housing/rent/apartment,Thumbnail,NJ
5697,1650,2.0,3,880,40.4969,-86.9659,housing/rent/apartment,Thumbnail,IN
5698,1585,2.0,2,880,47.8495,-122.2825,housing/rent/apartment,Yes,WA
5699,1539,1.0,1,880,36.7434,-76.2257,housing/rent/apartment,Thumbnail,VA
5700,1450,1.0,2,880,38.8488,-77.3296,housing/rent/apartment,Thumbnail,VA
5702,1410,1.0,2,880,42.7527,-71.4854,housing/rent/apartment,Thumbnail,NH
5703,1335,1.0,2,880,39.4044,-76.4482,housing/rent/apartment,No,MD
5704,1280,1.0,2,880,38.7555,-76.9825,housing/rent/apartment,Thumbnail,MD
5705,1229,1.0,2,880,42.9833,-71.4574,housing/rent/apartment,Yes,NH
5706,1200,1.0,2,880,26.1481,-80.2271,housing/rent/apartment,No,FL
5707,1125,1.0,1,880,33.1932,-87.5349,housing/rent/apartment,Thumbnail,AL
5710,850,1.0,2,880,42.8396,-83.4287,housing/rent/apartment,Thumbnail,MI
5711,825,1.0,1,880,36.116,-95.9281,housing/rent/apartment,Thumbnail,OK
5712,770,1.5,2,880,41.1765,-96.0829,housing/rent/apartment,Thumbnail,NE
5713,750,2.0,2,880,40.3613,-86.9005,housing/rent/apartment,Thumbnail,IN
5714,665,2.0,2,880,35.471,-97.5299,housing/rent/apartment,Thumbnail,OK
5717,1500,1.0,1,882,43.2286,-87.9668,housing/rent/apartment,Thumbnail,WI
5718,1500,1.0,1,882,43.2286,-87.9668,housing/rent/apartment,Thumbnail,WI
5721,979,1.0,1,882,32.8403,-97.0955,housing/rent/apartment,Thumbnail,TX
5722,975,1.0,1,882,29.4624,-98.5253,housing/rent/apartment,Thumbnail,TX
5723,824,1.0,2,882,43.4182,-88.1681,housing/rent/apartment,Thumbnail,WI
5724,780,1.0,2,882,39.529,-84.2974,housing/rent/apartment,Thumbnail,OH
5725,1705,1.0,1,883,38.9645,-76.9637,housing/rent/apartment,Thumbnail,MD
5726,1015,2.0,2,883,32.722,-97.083,housing/rent/apartment,Yes,TX
5727,2100,1.0,2,884,34.1408,-118.1273,housing/rent/apartment,Yes,CA
5728,1930,1.0,1,884,47.4831,-122.1298,housing/rent/apartment,Thumbnail,WA
5729,1895,1.0,2,884,33.8375,-118.0012,housing/rent/apartment,Thumbnail,CA
5733,1205,1.0,2,884,39.9071,-75.0838,housing/rent/apartment,Yes,NJ
5735,950,1.0,3,884,39.0744,-94.5521,housing/rent/apartment,Thumbnail,MO
5736,825,2.0,2,884,35.6982,-97.4325,housing/rent/apartment,Thumbnail,OK
5738,1700,2.0,2,885,35.823,-78.6438,housing/rent/apartment,Thumbnail,NC
5739,1545,1.5,2,885,40.2355,-111.6479,housing/rent/apartment,Thumbnail,UT
5740,1525,1.0,1,885,44.9855,-93.3023,housing/rent/apartment,Thumbnail,MN
5741,1476,2.0,2,885,38.2722,-76.4664,housing/rent/apartment,Thumbnail,MD
5742,1150,1.0,1,885,27.0533,-82.1205,housing/rent/apartment,Thumbnail,FL
5743,1550,1.0,1,886,41.5486,-90.5922,housing/rent/apartment,Thumbnail,IA
5744,1400,1.0,2,886,35.9907,-78.9074,housing/rent/apartment,Thumbnail,NC
5745,1400,1.0,2,886,40.8062,-96.6778,housing/rent/apartment,Thumbnail,NE
5746,1229,1.0,2,886,38.8077,-76.9886,housing/rent/apartment,Thumbnail,MD
5747,1099,2.0,2,886,39.6404,-77.0297,housing/rent/apartment,Yes,MD
5751,2000,2.0,2,887,40.0213,-105.2552,housing/rent/apartment,Thumbnail,CO
5752,1637,1.0,2,887,39.1695,-77.2694,housing/rent/apartment,Thumbnail,MD
5753,2695,1.0,2,888,41.0292,-73.771,housing/rent/apartment,Thumbnail,NY
5754,1875,2.0,2,888,47.5259,-122.2857,housing/rent/apartment,Thumbnail,WA
5756,1585,1.0,1,888,39.9974,-82.9829,housing/rent/apartment,Thumbnail,OH
5757,1098,2.0,2,888,40.4969,-86.9659,housing/rent/apartment,Thumbnail,IN
5758,799,1.0,2,888,42.6808,-89.0286,housing/rent/apartment,Thumbnail,WI
5759,795,1.0,2,888,46.8608,-96.8096,housing/rent/apartment,Thumbnail,ND
5760,1784,2.0,2,889,42.7911,-71.2193,housing/rent/apartment,Thumbnail,NH
5761,1280,1.0,1,889,43.0531,-87.9659,housing/rent/apartment,Thumbnail,WI
5763,3395,2.0,2,890,38.9118,-77.0132,housing/rent/apartment,Thumbnail,DC
5764,1835,1.0,2,890,33.8323,-117.9079,housing/rent/apartment,Thumbnail,CA
5765,1725,2.0,2,890,33.2039,-117.2421,housing/rent/apartment,Thumbnail,CA
5766,1708,1.0,2,890,39.0201,-77.0113,housing/rent/apartment,Thumbnail,MD
5767,1495,2.0,2,890,40.1145,-88.2723,housing/rent/apartment,Thumbnail,IL
5768,1474,1.0,1,890,39.0471,-76.4978,housing/rent/apartment,Thumbnail,MD
5769,1459,1.0,1,890,39.0471,-76.4978,housing/rent/apartment,Thumbnail,MD
5770,1444,1.0,1,890,39.0471,-76.4978,housing/rent/apartment,Thumbnail,MD
5772,1350,1.0,1,890,40.0054,-75.1415,housing/rent/apartment,Thumbnail,PA
5773,1165,2.0,2,890,47.0012,-120.5424,housing/rent/apartment,Thumbnail,WA
5774,1165,1.0,1,890,33.9222,-84.0725,housing/rent/apartment,Thumbnail,GA
5775,1065,1.0,1,890,29.7714,-95.4343,housing/rent/apartment,Thumbnail,TX
5776,1000,1.0,1,890,39.9974,-82.9829,housing/rent/apartment,Thumbnail,OH
5777,990,1.0,1,890,32.2264,-110.9438,housing/rent/apartment,Thumbnail,AZ
5778,943,1.0,1,890,29.9884,-95.6728,housing/rent/apartment,Thumbnail,TX
5779,940,1.0,1,890,29.9884,-95.6728,housing/rent/apartment,Thumbnail,TX
5780,925,1.0,3,890,29.4624,-98.5253,housing/rent/apartment,Thumbnail,TX
5781,823,2.0,2,890,32.275,-95.3017,housing/rent/apartment,Thumbnail,TX
5783,705,1.0,1,890,46.8296,-100.8908,housing/rent/apartment,Thumbnail,ND
5784,1900,1.5,1,891,25.7603,-80.3005,housing/rent/apartment,Thumbnail,FL
5785,725,1.0,2,891,42.8181,-84.4593,housing/rent/apartment,Thumbnail,MI
5786,1994,1.0,1,892,32.7876,-117.1265,housing/rent/apartment,Thumbnail,CA
5787,1460,1.0,1,892,38.9974,-76.8818,housing/rent/apartment,Thumbnail,MD
5788,972,1.0,1,892,30.5118,-97.6873,housing/rent/apartment,Thumbnail,TX
5789,1065,1.0,1,893,39.3754,-76.8054,housing/rent/apartment,No,MD
5790,1050,1.0,1,893,39.3754,-76.8054,housing/rent/apartment,Yes,MD
5792,5195,1.0,3,894,37.7599,-122.4379,housing/rent/apartment,Thumbnail,CA
5793,2195,1.0,2,894,47.616,-122.3275,housing/rent/apartment,Thumbnail,WA
5794,1595,1.5,2,894,39.6894,-105.1119,housing/rent/apartment,Thumbnail,CO
5795,1480,2.0,2,894,35.4751,-97.5035,housing/rent/apartment,Yes,OK
5797,1440,2.0,2,894,35.4751,-97.5035,housing/rent/apartment,Yes,OK
5798,1246,1.0,1,894,40.3942,-79.9046,housing/rent/apartment,Yes,PA
5799,985,1.0,2,894,29.9142,-93.9383,housing/rent/apartment,Thumbnail,TX
5801,899,1.0,1,894,41.6475,-93.4713,housing/rent/apartment,Thumbnail,IA
5802,2995,2.0,2,895,34.0372,-118.2972,housing/rent/apartment,Thumbnail,CA
5804,1350,1.0,2,895,38.6968,-104.6969,housing/rent/apartment,No,CO
5806,1199,2.0,2,895,39.9925,-85.7729,housing/rent/apartment,Thumbnail,IN
5807,1199,1.0,2,895,42.9833,-71.4574,housing/rent/apartment,Yes,NH
5808,1166,1.0,1,895,40.617,-80.0641,housing/rent/apartment,Thumbnail,PA
5809,985,1.0,2,895,39.3344,-84.5623,housing/rent/apartment,Thumbnail,OH
5811,895,1.0,2,895,40.4261,-79.7631,housing/rent/apartment,Yes,PA
5812,664,1.0,2,895,43.5329,-96.7265,housing/rent/apartment,Thumbnail,SD
5813,2395,2.0,2,896,38.9118,-77.0132,housing/rent/apartment,Thumbnail,DC
5816,1415,1.0,1,896,32.7532,-96.8388,housing/rent/apartment,Thumbnail,TX
5817,990,1.0,2,896,29.8798,-90.068,housing/rent/apartment,Thumbnail,LA
5818,930,1.0,1,896,33.873,-84.112,housing/rent/apartment,Thumbnail,GA
5819,875,1.0,2,896,36.0808,-79.4527,housing/rent/apartment,Thumbnail,NC
5820,689,1.0,3,896,40.2057,-85.4,housing/rent/apartment,Thumbnail,IN
5821,625,1.0,2,896,35.9507,-85.0283,housing/rent/apartment,Thumbnail,TN
5823,2525,2.0,2,897,33.955,-118.3967,housing/rent/apartment,Thumbnail,CA
5824,1600,1.0,1,897,25.7603,-80.3005,housing/rent/apartment,Thumbnail,FL
5825,1817,1.0,2,898,47.7544,-122.1932,housing/rent/apartment,Yes,WA
5828,769,2.0,2,898,32.5145,-94.7538,housing/rent/apartment,Thumbnail,TX
5829,769,2.0,2,898,32.5548,-94.7807,housing/rent/apartment,Thumbnail,TX
5832,1206,1.0,1,899,30.3054,-97.7497,housing/rent/apartment,Thumbnail,TX
5833,1110,1.0,1,899,33.3423,-111.7755,housing/rent/apartment,Thumbnail,AZ
5834,1005,1.5,1,899,29.7714,-95.4343,housing/rent/apartment,Thumbnail,TX
5835,4995,2.0,3,900,37.8726,-122.2707,housing/rent/apartment,Thumbnail,CA
5836,4769,1.5,3,900,37.7599,-122.4379,housing/rent/apartment,Thumbnail,CA
5838,3175,1.0,3,900,35.2703,-120.6813,housing/rent/apartment,Thumbnail,CA
5839,3100,1.0,1,900,40.722,-74.0644,housing/rent/apartment,No,NJ
5842,2800,1.5,2,900,33.0534,-117.266,housing/rent/apartment,Thumbnail,CA
5843,2795,2.0,2,900,34.0372,-118.2972,housing/rent/apartment,Thumbnail,CA
5844,2690,2.0,2,900,32.8395,-117.2525,housing/rent/apartment,Thumbnail,CA
5845,2625,1.0,2,900,42.328,-71.071,housing/rent/apartment,Thumbnail,MA
5846,2599,1.0,1,900,34.0372,-118.2972,housing/rent/apartment,Thumbnail,CA
5847,2510,1.0,2,900,40.8797,-74.1083,housing/rent/apartment,Yes,NJ
5848,2445,1.0,2,900,34.0372,-118.2972,housing/rent/apartment,Thumbnail,CA
5849,2395,1.0,2,900,38.9118,-77.0132,housing/rent/apartment,Thumbnail,DC
5850,2298,1.0,2,900,34.0372,-118.2972,housing/rent/apartment,Thumbnail,CA
5851,2200,1.0,2,900,42.4194,-71.111,housing/rent/apartment,Thumbnail,MA
5852,2200,1.0,3,900,44.4872,-73.2278,housing/rent/apartment,Thumbnail,VT
5855,2100,1.0,2,900,40.722,-74.0644,housing/rent/apartment,Yes,NJ
5856,2000,1.0,2,900,40.7029,-73.8797,housing/rent/apartment,Thumbnail,NY
5857,1999,1.0,2,900,40.7029,-73.8797,housing/rent/apartment,Thumbnail,NY
5859,1905,1.0,2,900,38.7999,-77.1072,housing/rent/apartment,Thumbnail,VA
5860,1850,1.0,1,900,34.1677,-118.6141,housing/rent/apartment,Thumbnail,CA
5861,1850,1.0,1,900,37.3695,-122.0241,housing/rent/apartment,Thumbnail,CA
5862,1835,2.0,2,900,47.7179,-122.2059,housing/rent/apartment,Thumbnail,WA
5865,1795,1.0,2,900,47.616,-122.3275,housing/rent/apartment,Thumbnail,WA
5866,1750,1.0,1,900,39.3191,-76.6126,housing/rent/apartment,Thumbnail,MD
5867,1725,1.0,2,900,42.8141,-70.8735,housing/rent/apartment,Thumbnail,MA
5868,1710,1.0,1,900,38.9993,-76.975,housing/rent/apartment,Thumbnail,MD
5869,1700,2.0,2,900,40.0054,-75.1415,housing/rent/apartment,Thumbnail,PA
5871,1675,1.5,2,900,45.5091,-122.6449,housing/rent/apartment,Thumbnail,OR
5872,1650,1.0,3,900,40.4969,-86.9659,housing/rent/apartment,Thumbnail,IN
5873,1648,1.0,1,900,41.8952,-87.6219,housing/rent/apartment,Thumbnail,IL
5874,1639,1.0,2,900,41.9784,-70.9751,housing/rent/apartment,Thumbnail,MA
5875,1620,1.0,2,900,40.7936,-74.1644,housing/rent/apartment,Thumbnail,NJ
5876,1620,1.0,2,900,40.7936,-74.1644,housing/rent/apartment,Thumbnail,NJ
5878,1600,1.0,1,900,44.9368,-93.3605,housing/rent/apartment,Thumbnail,MN
5879,1599,1.0,3,900,42.9833,-71.4574,housing/rent/apartment,No,NH
5880,1579,1.0,1,900,39.7131,-105.2321,housing/rent/apartment,Thumbnail,CO
5881,1550,1.0,2,900,38.7551,-121.2948,housing/rent/apartment,Thumbnail,CA
5882,1550,1.0,2,900,33.7848,-84.3922,housing/rent/apartment,Thumbnail,GA
5883,1550,1.0,1,900,34.0648,-84.0849,housing/rent/apartment,Thumbnail,GA
5884,1525,2.0,1,900,39.2946,-76.6235,housing/rent/apartment,Thumbnail,MD
5886,1500,1.0,1,900,40.789,-74.0122,housing/rent/apartment,Thumbnail,NJ
5887,1475,1.0,2,900,39.1054,-84.5022,housing/rent/apartment,Yes,OH
5888,1460,1.0,2,900,47.3907,-122.2626,housing/rent/apartment,Thumbnail,WA
5889,1400,1.0,2,900,42.0876,-71.025,housing/rent/apartment,Thumbnail,MA
5890,1390,2.0,2,900,39.4044,-76.4482,housing/rent/apartment,Thumbnail,MD
5891,1365,1.0,1,900,30.3054,-97.7497,housing/rent/apartment,Thumbnail,TX
5892,1365,1.0,2,900,39.5551,-76.9906,housing/rent/apartment,Thumbnail,MD
5893,1350,1.0,4,900,41.7566,-72.689,housing/rent/apartment,Thumbnail,CT
5894,1350,1.0,3,900,43.0724,-89.4003,housing/rent/apartment,Thumbnail,WI
5895,1350,1.0,1,900,42.9194,-71.065,housing/rent/apartment,Yes,NH
5896,1350,1.0,2,900,38.8391,-76.9175,housing/rent/apartment,Thumbnail,MD
5897,1340,1.0,2,900,38.8562,-104.772,housing/rent/apartment,Thumbnail,CO
5898,1329,1.0,2,900,44.9368,-93.3605,housing/rent/apartment,Thumbnail,MN
5899,1300,1.0,2,900,45.4851,-122.8349,housing/rent/apartment,Thumbnail,OR
5901,1300,1.0,3,900,39.9974,-82.9829,housing/rent/apartment,Thumbnail,OH
5902,1300,1.0,2,900,39.6428,-74.9555,housing/rent/apartment,Thumbnail,NJ
5903,1299,1.0,1,900,35.1211,-89.9517,housing/rent/apartment,Thumbnail,TN
5905,1275,1.0,1,900,41.8625,-87.6825,housing/rent/apartment,Thumbnail,IL
5907,1255,2.0,2,900,39.4044,-76.4482,housing/rent/apartment,Yes,MD
5908,1250,1.5,2,900,48.7871,-122.4437,housing/rent/apartment,Thumbnail,WA
5909,1250,1.0,2,900,45.5091,-122.6449,housing/rent/apartment,Thumbnail,OR
5912,1214,2.0,2,900,29.2828,-94.8253,housing/rent/apartment,Thumbnail,TX
5913,1200,1.0,3,900,42.2368,-83.6103,housing/rent/apartment,Thumbnail,MI
5914,1200,2.0,2,900,42.0259,-93.6516,housing/rent/apartment,Thumbnail,IA
5915,1200,1.0,2,900,39.0744,-94.5521,housing/rent/apartment,Thumbnail,MO
5916,1195,1.0,2,900,38.6274,-90.304,housing/rent/apartment,Thumbnail,MO
5917,1100,1.0,2,900,44.9405,-93.1027,housing/rent/apartment,Thumbnail,MN
5918,1100,1.0,2,900,61.1723,-149.8414,housing/rent/apartment,Thumbnail,AK
5919,1075,1.0,1,900,41.8625,-87.6825,housing/rent/apartment,Thumbnail,IL
5920,1035,1.0,2,900,33.7848,-84.3922,housing/rent/apartment,Thumbnail,GA
5921,1030,1.0,2,900,43.7012,-85.4657,housing/rent/apartment,Thumbnail,MI
5922,1025,1.0,2,900,42.0259,-93.6516,housing/rent/apartment,Thumbnail,IA
5923,1021,1.0,1,900,36.8379,-76.0939,housing/rent/apartment,Thumbnail,VA
5924,1015,2.0,2,900,36.4688,-78.2924,housing/rent/apartment,Thumbnail,NC
5926,995,1.0,2,900,42.0259,-93.6516,housing/rent/apartment,Thumbnail,IA
5927,995,1.0,2,900,42.9908,-89.5684,housing/rent/apartment,Thumbnail,WI
5928,978,1.0,2,900,36.4336,-78.0027,housing/rent/apartment,Yes,NC
5930,975,1.0,2,900,29.8831,-97.945,housing/rent/apartment,Thumbnail,TX
5931,964,1.0,1,900,36.1147,-80.0915,housing/rent/apartment,Thumbnail,NC
5932,950,2.0,2,900,30.4528,-87.2644,housing/rent/apartment,Thumbnail,FL
5933,950,1.0,1,900,39.0744,-94.5521,housing/rent/apartment,Thumbnail,MO
5935,924,1.0,2,900,36.0334,-79.4909,housing/rent/apartment,Thumbnail,NC
5936,900,1.0,1,900,39.0744,-94.5521,housing/rent/apartment,Thumbnail,MO
5937,900,1.0,2,900,40.5059,-80.1869,housing/rent/apartment,Yes,PA
5938,899,1.0,1,900,33.9094,-78.1285,housing/rent/apartment,Thumbnail,NC
5940,875,1.0,2,900,41.6121,-87.5514,housing/rent/apartment,Thumbnail,IL
5942,850,1.0,2,900,40.2854,-83.0595,housing/rent/apartment,Thumbnail,OH
5944,850,1.0,2,900,42.0259,-93.6516,housing/rent/apartment,Thumbnail,IA
5945,850,1.0,2,900,43.0724,-89.4003,housing/rent/apartment,Thumbnail,WI
5947,850,1.0,2,900,36.0785,-94.1531,housing/rent/apartment,Thumbnail,AR
5948,850,2.0,2,900,36.1045,-115.0677,housing/rent/apartment,Thumbnail,NV
5949,848,2.0,2,900,43.5329,-96.7265,housing/rent/apartment,Thumbnail,SD
5950,825,1.0,2,900,41.1298,-96.2485,housing/rent/apartment,Thumbnail,NE
5951,825,1.0,3,900,42.9497,-85.6417,housing/rent/apartment,Thumbnail,MI
5952,815,1.0,2,900,46.8013,-100.7562,housing/rent/apartment,Thumbnail,ND
5953,805,1.0,2,900,40.3306,-79.8062,housing/rent/apartment,Yes,PA
5954,800,1.0,2,900,36.5351,-87.3442,housing/rent/apartment,Thumbnail,TN
5955,800,1.0,1,900,46.8296,-100.8908,housing/rent/apartment,Thumbnail,ND
5957,795,1.0,2,900,41.6251,-93.7375,housing/rent/apartment,Thumbnail,IA
5960,780,1.5,2,900,31.5887,-94.5735,housing/rent/apartment,Thumbnail,TX
5961,775,1.0,2,900,39.0744,-94.5521,housing/rent/apartment,Thumbnail,MO
5963,765,1.0,2,900,40.2996,-79.819,housing/rent/apartment,Thumbnail,PA
5964,760,2.0,2,900,32.5548,-94.7807,housing/rent/apartment,Thumbnail,TX
5965,750,2.0,2,900,35.7193,-81.3418,housing/rent/apartment,Thumbnail,NC
5967,735,1.0,2,900,41.3711,-82.1168,housing/rent/apartment,Thumbnail,OH
5968,700,1.0,2,900,42.7242,-84.477,housing/rent/apartment,Thumbnail,MI
5969,700,1.0,2,900,29.4624,-98.5253,housing/rent/apartment,Thumbnail,TX
5970,695,1.0,2,900,43.5884,-96.5752,housing/rent/apartment,Thumbnail,SD
5972,675,1.0,2,900,41.9295,-83.3654,housing/rent/apartment,Thumbnail,MI
5973,650,2.0,2,900,38.9401,-92.3167,housing/rent/apartment,Thumbnail,MO
5974,645,1.0,2,900,47.9179,-97.0658,housing/rent/apartment,Thumbnail,ND
5976,625,1.0,2,900,32.833,-83.6723,housing/rent/apartment,Thumbnail,GA
5977,565,2.0,2,900,26.1596,-97.989,housing/rent/apartment,Thumbnail,TX
5978,505,1.5,2,900,35.2441,-97.4144,housing/rent/apartment,Yes,OK
5979,500,2.0,2,900,30.7084,-96.347,housing/rent/short_term,Thumbnail,TX
5980,500,1.0,2,900,33.1472,-96.104,housing/rent/apartment,Thumbnail,TX
5981,455,1.0,2,900,40.5755,-79.7224,housing/rent/apartment,Thumbnail,PA
5982,1231,1.5,2,901,40.5059,-80.1869,housing/rent/apartment,Yes,PA
5984,874,1.0,2,901,31.7872,-93.1282,housing/rent/apartment,Thumbnail,LA
5985,850,1.0,2,901,42.2837,-85.5793,housing/rent/apartment,Thumbnail,MI
5986,578,2.0,2,901,26.2147,-98.3516,housing/rent/apartment,Thumbnail,TX
5987,1850,1.0,2,902,39.7317,-104.9698,housing/rent/apartment,Thumbnail,CO
5989,1225,1.0,2,902,41.8859,-88.3101,housing/rent/apartment,Thumbnail,IL
5990,1177,1.0,1,902,47.3099,-122.3139,housing/rent/apartment,Thumbnail,WA
5991,845,1.0,2,902,47.6794,-117.4018,housing/rent/apartment,Thumbnail,WA
5992,700,1.0,2,902,34.7754,-84.9497,housing/rent/apartment,Thumbnail,GA
5993,1730,1.0,1,903,39.1649,-76.7156,housing/rent/apartment,Thumbnail,MD
5994,1495,1.0,1,903,30.3054,-97.7497,housing/rent/apartment,Thumbnail,TX
5996,1240,2.0,2,903,39.4944,-77.4535,housing/rent/apartment,Thumbnail,MD
5997,1055,2.0,2,903,32.8255,-97.1039,housing/rent/apartment,Yes,TX
5998,834,1.0,1,903,39.7078,-86.3938,housing/rent/apartment,Thumbnail,IN
5999,1770,1.0,2,904,40.3346,-74.5794,housing/rent/apartment,Thumbnail,NJ
6000,1770,1.0,2,904,40.3346,-74.5794,housing/rent/apartment,Thumbnail,NJ
6002,2450,1.0,1,905,44.9855,-93.3023,housing/rent/apartment,Thumbnail,MN
6003,1797,3.0,3,905,40.4969,-86.9659,housing/rent/apartment,Thumbnail,IN
6005,1330,2.0,2,905,33.0023,-96.8406,housing/rent/apartment,Thumbnail,TX
6006,1240,1.0,2,905,30.3054,-97.7497,housing/rent/apartment,Thumbnail,TX
6007,1160,1.0,2,905,36.1536,-115.1965,housing/rent/apartment,Thumbnail,NV
6008,1050,1.0,1,905,38.8647,-94.8283,housing/rent/apartment,Thumbnail,KS
6009,795,2.0,2,905,34.678,-92.7603,housing/rent/apartment,Thumbnail,AR
6010,1743,1.0,1,906,39.0747,-76.7017,housing/rent/apartment,Yes,MD
6011,1700,1.0,2,906,43.6046,-116.2475,housing/rent/apartment,Thumbnail,ID
6012,1683,1.5,2,906,47.8616,-122.2729,housing/rent/apartment,Thumbnail,WA
6013,1683,1.5,2,906,47.8616,-122.2729,housing/rent/apartment,Thumbnail,WA
6015,1175,1.0,1,906,30.3054,-97.7497,housing/rent/apartment,Thumbnail,TX
6016,730,1.0,1,906,33.3926,-86.8018,housing/rent/apartment,Thumbnail,AL
6017,1369,1.0,1,907,33.6713,-116.2873,housing/rent/apartment,Thumbnail,CA
6019,1640,2.0,2,908,47.7921,-122.3045,housing/rent/apartment,Thumbnail,WA
6020,1225,1.0,1,908,29.4624,-98.5253,housing/rent/apartment,Thumbnail,TX
6022,660,2.0,2,908,34.8523,-92.4058,housing/rent/apartment,Thumbnail,AR
6023,1095,2.0,2,909,42.0259,-93.6516,housing/rent/apartment,Thumbnail,IA
6024,1887,2.0,2,910,47.4457,-122.1407,housing/rent/apartment,Yes,WA
6025,1750,1.0,1,910,41.5486,-90.5922,housing/rent/apartment,Thumbnail,IA
6026,1496,2.0,4,910,40.4969,-86.9659,housing/rent/apartment,Thumbnail,IN
6027,1161,1.0,1,910,35.7887,-78.6531,housing/rent/apartment,Thumbnail,NC
6029,1046,1.0,1,910,30.4601,-84.2714,housing/rent/apartment,Thumbnail,FL
6031,893,1.0,1,910,36.0746,-79.0777,housing/rent/apartment,Thumbnail,NC
6032,1949,2.0,2,911,47.616,-122.3275,housing/rent/apartment,Thumbnail,WA
6033,1870,2.0,2,911,40.3346,-74.5794,housing/rent/apartment,Yes,NJ
6034,1299,1.0,1,911,39.4915,-76.6609,housing/rent/apartment,Yes,MD
6035,1079,1.0,1,911,33.9569,-84.0214,housing/rent/apartment,Thumbnail,GA
6036,991,2.0,2,911,38.9885,-84.6468,housing/rent/apartment,Thumbnail,KY
6037,3700,2.0,2,912,38.9118,-77.0132,housing/rent/apartment,Thumbnail,DC
6039,1239,1.0,2,912,32.8525,-97.1399,housing/rent/apartment,Thumbnail,TX
6040,1159,1.0,2,912,32.8525,-97.1399,housing/rent/apartment,Yes,TX
6041,1145,1.0,2,912,41.2562,-96.0404,housing/rent/apartment,Thumbnail,NE
6043,1004,2.0,2,912,35.753,-86.8832,housing/rent/apartment,Thumbnail,TN
6045,790,2.0,3,912,42.0259,-93.6516,housing/rent/apartment,Thumbnail,IA
6046,1795,1.0,1,913,43.0531,-87.9659,housing/rent/apartment,Thumbnail,WI
6047,1712,2.0,2,913,47.791,-122.2177,housing/rent/apartment,Thumbnail,WA
6048,1685,1.0,1,913,41.8388,-72.8231,housing/rent/apartment,Yes,CT
6049,1480,2.0,2,913,33.4345,-88.8353,housing/rent/apartment,Thumbnail,MS
6050,1397,1.0,2,913,47.2154,-122.4608,housing/rent/apartment,Thumbnail,WA
6052,808,1.0,1,913,32.8255,-97.1039,housing/rent/apartment,Yes,TX
6053,805,1.0,1,913,32.8255,-97.1039,housing/rent/apartment,Thumbnail,TX
6054,5000,1.0,1,914,37.7599,-122.4379,housing/rent/apartment,Thumbnail,CA
6055,1855,2.0,2,914,39.266,-76.8455,housing/rent/apartment,Yes,MD
6056,1575,2.0,3,914,43.0724,-89.4003,housing/rent/apartment,Thumbnail,WI
6057,1555,2.0,1,914,47.4608,-122.2095,housing/rent/apartment,Yes,WA
6058,1350,2.0,2,914,25.3801,-80.4041,housing/rent/apartment,No,FL
6060,1123,1.0,2,914,29.6015,-95.6306,housing/rent/apartment,Thumbnail,TX
6061,4895,2.0,2,915,37.7599,-122.4379,housing/rent/apartment,Thumbnail,CA
6062,2295,2.0,2,915,34.1881,-118.3905,housing/rent/apartment,Thumbnail,CA
6064,1650,1.0,1,915,44.4624,-73.1603,housing/rent/apartment,Thumbnail,VT
6065,1445,1.0,2,915,39.266,-76.8455,housing/rent/apartment,Thumbnail,MD
6066,1410,1.0,2,915,43.2523,-70.8736,housing/rent/apartment,Yes,NH
6069,565,1.0,2,915,47.9179,-97.0658,housing/rent/apartment,Thumbnail,ND
6070,2199,1.0,2,916,44.9855,-93.3023,housing/rent/apartment,Thumbnail,MN
6071,1800,1.0,2,916,40.4678,-79.9134,housing/rent/apartment,Thumbnail,PA
6072,1365,2.0,2,916,38.8562,-104.772,housing/rent/apartment,Thumbnail,CO
6075,1025,1.0,2,916,44.9773,-93.0391,housing/rent/apartment,Thumbnail,MN
6076,820,1.0,2,916,47.9179,-97.0658,housing/rent/apartment,Thumbnail,ND
6077,725,1.0,2,916,43.4251,-83.9731,housing/rent/apartment,Thumbnail,MI
6078,1900,1.0,2,917,33.8569,-118.0019,housing/rent/apartment,Thumbnail,CA
6079,1295,1.0,2,917,45.4913,-122.4185,housing/rent/apartment,Thumbnail,OR
6082,2025,1.0,1,918,40.3663,-74.6688,housing/rent/apartment,Thumbnail,NJ
6083,1890,2.0,2,918,47.6124,-122.1427,housing/rent/apartment,Thumbnail,WA
6086,1250,1.0,1,918,44.8525,-93.5502,housing/rent/apartment,Thumbnail,MN
6090,1920,1.0,1,919,30.3054,-97.7497,housing/rent/apartment,Thumbnail,TX
6091,1110,1.0,2,919,39.4642,-76.8115,housing/rent/apartment,No,MD
6092,2700,1.0,1,920,41.0091,-74.2081,housing/rent/apartment,Thumbnail,NJ
6093,2065,1.0,2,920,33.8154,-118.037,housing/rent/apartment,Thumbnail,CA
6094,2050,1.0,2,920,47.616,-122.3275,housing/rent/apartment,Thumbnail,WA
6095,1810,1.0,1,920,38.9974,-76.8818,housing/rent/apartment,Thumbnail,MD
6096,1649,1.0,1,920,40.6623,-74.2087,housing/rent/apartment,Yes,NJ
6097,1630,1.0,2,920,40.2659,-74.6959,housing/rent/apartment,Yes,NJ
6098,1586,1.0,2,920,40.2659,-74.6959,housing/rent/apartment,Thumbnail,NJ
6100,1495,2.0,2,920,33.5178,-112.0848,housing/rent/apartment,Thumbnail,AZ
6103,1094,1.0,1,920,33.9222,-84.0725,housing/rent/apartment,Yes,GA
6104,1067,1.5,1,920,33.9683,-84.4394,housing/rent/apartment,Yes,GA
6105,950,1.0,2,920,40.7061,-111.9048,housing/rent/apartment,Thumbnail,UT
6107,910,2.0,2,920,33.9901,-80.9964,housing/rent/apartment,Thumbnail,SC
6111,825,1.0,2,920,43.5329,-96.7265,housing/rent/apartment,Thumbnail,SD
6112,1565,1.0,2,921,35.9393,-86.8716,housing/rent/apartment,Thumbnail,TN
6113,1430,2.0,2,921,27.7332,-97.4058,housing/rent/apartment,Thumbnail,TX
6115,1580,1.0,1,922,34.0648,-84.0849,housing/rent/apartment,Yes,GA
6116,1464,1.0,1,922,41.7922,-72.8576,housing/rent/apartment,Thumbnail,CT
6117,4795,1.0,2,923,37.7599,-122.4379,housing/rent/apartment,Thumbnail,CA
6118,1895,1.0,2,923,26.1343,-80.233,housing/rent/apartment,Thumbnail,FL
6119,1850,2.0,2,923,32.7876,-117.1265,housing/rent/apartment,Thumbnail,CA
6120,1713,1.0,1,923,43.0791,-73.7766,housing/rent/apartment,Thumbnail,NY
6122,1953,1.0,1,924,47.8441,-122.1991,housing/rent/apartment,Thumbnail,WA
6123,1760,2.0,2,924,44.5716,-123.282,housing/rent/apartment,Thumbnail,OR
6124,1575,2.0,2,924,47.5968,-122.7026,housing/rent/apartment,Thumbnail,WA
6125,916,2.0,2,924,44.8476,-93.7899,housing/rent/apartment,Thumbnail,MN
6127,2595,1.0,2,925,37.7605,-122.2522,housing/rent/apartment,Thumbnail,CA
6128,2495,1.0,2,925,34.1056,-118.3668,housing/rent/apartment,Thumbnail,CA
6129,2495,1.0,2,925,34.1056,-118.3668,housing/rent/apartment,Thumbnail,CA
6132,1476,2.0,2,925,38.9577,-104.7566,housing/rent/apartment,Thumbnail,CO
6133,1450,1.0,1,925,44.9368,-93.3605,housing/rent/apartment,Thumbnail,MN
6134,1436,2.0,2,925,38.9577,-104.7566,housing/rent/apartment,Yes,CO
6136,1295,1.0,1,925,32.6691,-117.0917,housing/rent/apartment,Thumbnail,CA
6137,1250,1.0,2,925,39.736,-104.9819,housing/rent/apartment,Thumbnail,CO
6140,895,2.0,2,925,30.4601,-84.2714,housing/rent/apartment,Thumbnail,FL
6141,890,1.5,2,925,32.7693,-96.6848,housing/rent/apartment,Thumbnail,TX
6142,889,1.0,1,925,42.4869,-92.3426,housing/rent/apartment,Thumbnail,IA
6143,875,1.0,1,925,33.7069,-84.9334,housing/rent/apartment,Thumbnail,GA
6144,775,1.5,2,925,38.0172,-84.4931,housing/rent/apartment,Thumbnail,KY
6145,775,1.0,2,925,35.2441,-97.4144,housing/rent/apartment,Yes,OK
6146,750,1.0,2,925,41.6077,-81.5066,housing/rent/apartment,Thumbnail,OH
6147,700,1.0,2,925,41.6077,-81.5066,housing/rent/apartment,Thumbnail,OH
6149,1550,1.5,2,926,41.8625,-87.6825,housing/rent/apartment,Thumbnail,IL
6150,1275,1.0,2,926,32.6548,-97.1587,housing/rent/apartment,Thumbnail,TX
6151,1027,2.0,2,926,45.2764,-92.9901,housing/rent/apartment,Thumbnail,MN
6152,3050,1.5,2,927,38.9118,-77.0132,housing/rent/apartment,Thumbnail,DC
6155,1475,2.0,2,927,40.8511,-74.7078,housing/rent/apartment,Thumbnail,NJ
6159,1192,1.0,1,928,34.0299,-84.2425,housing/rent/apartment,Thumbnail,GA
6160,1020,2.0,2,928,39.6379,-84.1686,housing/rent/apartment,Yes,OH
6161,2770,2.0,2,929,40.8206,-74.2133,housing/rent/apartment,Yes,NJ
6163,1435,1.5,1,929,39.7016,-74.2557,housing/rent/apartment,Thumbnail,NJ
6164,2010,2.0,2,930,33.8726,-117.8546,housing/rent/apartment,Thumbnail,CA
6165,1700,1.0,2,930,41.78,-88.0222,housing/rent/apartment,Thumbnail,IL
6166,1424,2.0,1,930,29.4624,-98.5253,housing/rent/apartment,Thumbnail,TX
6167,1275,1.5,2,930,33.1993,-97.1268,housing/rent/apartment,Thumbnail,TX
6168,1200,1.5,2,930,30.4348,-86.6208,housing/rent/apartment,Thumbnail,FL
6169,1150,2.0,2,930,33.5178,-112.0848,housing/rent/apartment,Thumbnail,AZ
6171,1115,1.0,1,930,40.0275,-74.8831,housing/rent/apartment,Thumbnail,NJ
6172,1100,1.0,2,930,39.9974,-82.9829,housing/rent/apartment,Thumbnail,OH
6173,1100,2.0,2,930,37.6249,-77.4948,housing/rent/apartment,Thumbnail,VA
6174,1072,1.0,2,930,38.2722,-76.4664,housing/rent/apartment,Thumbnail,MD
6175,1035,2.0,2,930,37.1329,-113.5097,housing/rent/apartment,Thumbnail,UT
6176,1000,2.0,2,930,47.9179,-97.0658,housing/rent/apartment,Thumbnail,ND
6177,965,2.0,2,930,36.0514,-78.8807,housing/rent/apartment,Yes,NC
6179,668,1.5,2,930,35.3169,-118.9749,housing/rent/apartment,Thumbnail,CA
6181,610,1.0,2,930,38.0477,-97.3476,housing/rent/apartment,Thumbnail,KS
6183,1740,1.0,1,931,30.3054,-97.7497,housing/rent/apartment,Thumbnail,TX
6184,1670,1.0,1,931,41.4029,-73.4637,housing/rent/apartment,Thumbnail,CT
6185,1418,2.0,2,931,33.1932,-87.5349,housing/rent/apartment,Thumbnail,AL
6186,1225,2.0,2,931,42.0259,-93.6516,housing/rent/apartment,Thumbnail,IA
6187,1085,1.0,1,931,34.0072,-84.0034,housing/rent/apartment,Thumbnail,GA
6188,1965,2.0,2,932,47.3949,-122.0287,housing/rent/apartment,Yes,WA
6191,1586,1.5,2,932,39.1627,-76.6354,housing/rent/apartment,Thumbnail,MD
6195,2195,1.0,2,933,45.5091,-122.6449,housing/rent/apartment,Thumbnail,OR
6196,1527,1.0,2,933,39.0956,-76.6212,housing/rent/apartment,Yes,MD
6198,785,1.0,3,933,39.8456,-84.1117,housing/rent/apartment,Yes,OH
6200,1495,1.5,2,934,42.1165,-88.5022,housing/rent/apartment,Thumbnail,IL
6203,2250,2.0,2,935,40.789,-74.0122,housing/rent/apartment,Thumbnail,NJ
6206,1450,1.0,2,935,38.7555,-76.9825,housing/rent/apartment,Thumbnail,MD
6208,1335,2.0,1,935,39.2946,-76.6235,housing/rent/apartment,Thumbnail,MD
6209,1315,1.5,2,935,39.4915,-76.6609,housing/rent/apartment,Yes,MD
6210,1173,2.0,2,935,41.1735,-81.4497,housing/rent/apartment,Thumbnail,OH
6211,999,2.0,2,935,41.6828,-93.7077,housing/rent/apartment,Thumbnail,IA
6213,900,1.0,2,935,41.4712,-81.5155,housing/rent/apartment,Thumbnail,OH
6214,850,1.0,1,935,41.26,-95.8358,housing/rent/apartment,Thumbnail,IA
6215,835,1.0,2,935,48.2469,-101.3017,housing/rent/apartment,Thumbnail,ND
6218,1833,2.0,2,936,47.4608,-122.2095,housing/rent/apartment,Thumbnail,WA
6219,1676,1.0,1,936,32.8212,-96.7853,housing/rent/apartment,Thumbnail,TX
6220,1599,1.0,3,936,40.1145,-88.2723,housing/rent/apartment,Thumbnail,IL
6223,850,1.0,3,936,40.4738,-86.1409,housing/rent/apartment,Thumbnail,IN
6224,645,2.0,2,936,36.5311,-82.5209,housing/rent/apartment,Thumbnail,TN
6226,1528,1.0,1,937,39.644,-104.9026,housing/rent/apartment,Thumbnail,CO
6227,1267,2.0,2,937,32.8525,-97.1399,housing/rent/apartment,No,TX
6229,995,1.0,2,937,40.4261,-79.7631,housing/rent/apartment,Yes,PA
6230,1600,1.0,2,938,41.8625,-87.6825,housing/rent/apartment,Thumbnail,IL
6231,1595,2.0,1,938,48.7871,-122.4437,housing/rent/apartment,Thumbnail,WA
6232,1485,2.0,2,938,45.661,-122.5489,housing/rent/apartment,Thumbnail,WA
6233,1255,2.0,2,938,32.8525,-97.1399,housing/rent/apartment,Yes,TX
6234,1050,2.0,2,938,29.4624,-98.5253,housing/rent/apartment,Thumbnail,TX
6236,1900,1.5,1,939,25.8275,-80.1842,housing/rent/apartment,Thumbnail,FL
6237,1889,1.0,1,939,29.7714,-95.4343,housing/rent/apartment,Thumbnail,TX
6239,1558,1.0,1,939,32.7826,-96.777,housing/rent/apartment,Thumbnail,TX
6240,1545,2.0,2,939,40.3346,-74.5794,housing/rent/apartment,Thumbnail,NJ
6242,1390,2.0,2,939,35.2505,-97.4596,housing/rent/apartment,Yes,OK
6244,1370,2.0,2,939,35.2505,-97.4596,housing/rent/apartment,No,OK
6245,1370,2.0,2,939,35.2505,-97.4596,housing/rent/apartment,No,OK
6246,1370,2.0,2,939,35.2505,-97.4596,housing/rent/apartment,Yes,OK
6247,1350,2.0,2,939,35.2505,-97.4596,housing/rent/apartment,No,OK
6249,1350,2.0,2,939,35.2505,-97.4596,housing/rent/apartment,Yes,OK
6251,1350,2.0,2,939,35.2505,-97.4596,housing/rent/apartment,Yes,OK
6252,1350,2.0,2,939,35.2505,-97.4596,housing/rent/apartment,Yes,OK
6253,1350,2.0,2,939,35.2505,-97.4596,housing/rent/apartment,Yes,OK
6254,1350,2.0,2,939,35.2505,-97.4596,housing/rent/apartment,Yes,OK
6255,1350,2.0,2,939,35.2505,-97.4596,housing/rent/apartment,Yes,OK
6256,1350,2.0,2,939,35.2505,-97.4596,housing/rent/apartment,Yes,OK
6257,1186,1.0,1,939,30.2989,-81.6324,housing/rent/apartment,Thumbnail,FL
6258,783,1.0,2,939,33.56,-101.8904,housing/rent/apartment,Thumbnail,TX
6259,1895,1.0,3,940,43.0724,-89.4003,housing/rent/apartment,Thumbnail,WI
6260,1832,2.0,2,940,36.3086,-78.5906,housing/rent/apartment,Thumbnail,NC
6261,1685,1.0,1,940,38.7999,-77.1072,housing/rent/apartment,Thumbnail,VA
6262,1489,1.0,1,940,39.6894,-105.1119,housing/rent/apartment,Thumbnail,CO
6263,1398,2.0,2,940,39.7883,-104.8265,housing/rent/apartment,Thumbnail,CO
6265,1265,1.5,2,940,39.6821,-104.8846,housing/rent/apartment,Thumbnail,CO
6266,1190,2.0,2,940,42.7449,-83.0073,housing/rent/apartment,Thumbnail,MI
6268,968,1.0,2,940,41.4983,-81.6437,housing/rent/apartment,Thumbnail,OH
6269,932,1.0,2,940,41.4983,-81.6437,housing/rent/apartment,Thumbnail,OH
6270,922,1.5,2,940,35.4571,-81.8035,housing/rent/apartment,Yes,NC
6272,659,2.0,2,940,41.6307,-83.5779,housing/rent/apartment,Thumbnail,OH
6273,625,1.0,2,940,47.9179,-97.0658,housing/rent/apartment,Thumbnail,ND
6274,1755,1.0,2,941,41.8625,-87.6825,housing/rent/apartment,Thumbnail,IL
6275,1415,1.0,1,941,35.3753,-119.0319,housing/rent/apartment,Thumbnail,CA
6277,1495,1.0,2,942,39.4276,-76.7727,housing/rent/apartment,Yes,MD
6278,1216,2.0,2,942,34.025,-84.3128,housing/rent/apartment,Thumbnail,GA
6279,1190,2.0,2,942,32.9108,-96.7321,housing/rent/apartment,Thumbnail,TX
6280,1115,1.0,1,942,39.6309,-84.2621,housing/rent/apartment,Yes,OH
6281,1075,1.0,1,942,42.9644,-87.9868,housing/rent/apartment,Thumbnail,WI
6282,964,2.0,2,942,38.8021,-104.7105,housing/rent/apartment,Yes,CO
6283,1367,1.0,1,943,35.471,-97.5299,housing/rent/apartment,Thumbnail,OK
6284,1320,1.5,3,943,38.8516,-76.8871,housing/rent/apartment,Thumbnail,MD
6285,1177,2.0,2,943,30.1868,-93.1908,housing/rent/apartment,Thumbnail,LA
6286,2020,2.0,2,944,32.8479,-116.9881,housing/rent/apartment,Thumbnail,CA
6287,1840,2.0,2,944,33.9136,-118.3527,housing/rent/apartment,Thumbnail,CA
6288,1795,1.5,2,944,39.0744,-94.5521,housing/rent/apartment,Thumbnail,MO
6289,1703,2.0,2,944,47.3765,-122.0994,housing/rent/apartment,Thumbnail,WA
6290,1600,2.0,2,944,39.0073,-76.6827,housing/rent/apartment,Yes,MD
6291,1495,1.5,2,944,39.6828,-104.8078,housing/rent/apartment,Thumbnail,CO
6293,1010,1.0,1,944,35.7238,-78.8695,housing/rent/apartment,Thumbnail,NC
6294,1825,1.0,2,945,40.6277,-74.4334,housing/rent/apartment,Thumbnail,NJ
6295,1514,1.0,2,945,28.6495,-81.2024,housing/rent/apartment,Thumbnail,FL
6296,1400,1.0,1,945,43.1028,-75.2262,housing/rent/apartment,Thumbnail,NY
6298,1077,1.0,1,945,35.9999,-78.9413,housing/rent/apartment,Thumbnail,NC
6299,860,2.0,2,945,32.7693,-96.6848,housing/rent/apartment,Thumbnail,TX
6300,1352,2.0,4,946,40.1145,-88.2723,housing/rent/apartment,Thumbnail,IL
6301,1290,1.0,2,946,44.9855,-93.3023,housing/rent/apartment,Thumbnail,MN
6302,1245,2.0,2,946,38.0172,-84.4931,housing/rent/apartment,Thumbnail,KY
6303,1240,2.0,2,946,30.3054,-97.7497,housing/rent/apartment,Thumbnail,TX
6304,995,1.0,2,946,41.5927,-93.6276,housing/rent/apartment,Thumbnail,IA
6305,1300,2.0,2,947,39.6894,-105.1119,housing/rent/apartment,Thumbnail,CO
6306,1775,2.0,2,948,33.75,-117.9892,housing/rent/apartment,Thumbnail,CA
6308,1595,1.0,1,948,39.9918,-74.8073,housing/rent/apartment,Yes,NJ
6311,2275,2.0,2,949,37.7547,-121.9529,housing/rent/apartment,Thumbnail,CA
6313,1655,2.0,2,949,42.9442,-71.5194,housing/rent/apartment,Thumbnail,NH
6314,1648,2.0,2,949,39.1679,-84.4933,housing/rent/apartment,Thumbnail,OH
6316,1289,1.0,2,949,44.9405,-93.1027,housing/rent/apartment,Thumbnail,MN
6317,3198,1.5,1,950,34.0806,-118.4029,housing/rent/apartment,Thumbnail,CA
6318,2998,2.0,2,950,34.0372,-118.2972,housing/rent/apartment,Thumbnail,CA
6319,2695,1.0,2,950,34.0263,-118.4732,housing/rent/apartment,Thumbnail,CA
6320,2395,1.0,1,950,39.266,-76.8455,housing/rent/apartment,Thumbnail,MD
6321,2325,1.0,2,950,34.0372,-118.2972,housing/rent/apartment,Thumbnail,CA
6322,2300,1.5,2,950,37.7078,-122.1435,housing/rent/apartment,Thumbnail,CA
6325,1895,1.0,2,950,42.2081,-70.9524,housing/rent/apartment,Thumbnail,MA
6326,1885,1.0,2,950,42.2081,-70.9524,housing/rent/apartment,Thumbnail,MA
6328,1788,2.0,2,950,47.7179,-122.2059,housing/rent/apartment,Thumbnail,WA
6330,1580,2.0,2,950,47.4608,-122.2095,housing/rent/apartment,Yes,WA
6331,1500,1.5,2,950,33.9538,-118.2929,housing/rent/apartment,Thumbnail,CA
6332,1495,1.5,2,950,44.9,-93.3233,housing/rent/apartment,Thumbnail,MN
6334,1450,1.0,2,950,44.4613,-73.1972,housing/rent/apartment,Thumbnail,VT
6335,1445,1.0,2,950,43.0531,-87.9659,housing/rent/apartment,Thumbnail,WI
6336,1425,1.5,1,950,29.2828,-94.8253,housing/rent/apartment,Thumbnail,TX
6338,1399,1.0,2,950,44.9855,-93.3023,housing/rent/apartment,Thumbnail,MN
6339,1387,2.0,2,950,33.1993,-97.1268,housing/rent/apartment,Thumbnail,TX
6340,1380,1.0,2,950,37.0451,-76.3664,housing/rent/apartment,Thumbnail,VA
6341,1360,2.0,3,950,61.1521,-149.8508,housing/rent/apartment,Thumbnail,AK
6342,1353,1.0,1,950,32.8524,-97.0886,housing/rent/apartment,Thumbnail,TX
6343,1350,1.0,3,950,40.4969,-86.9659,housing/rent/apartment,Thumbnail,IN
6344,1350,1.0,2,950,44.9235,-93.4704,housing/rent/apartment,Thumbnail,MN
6345,1300,2.0,2,950,35.4815,-97.5355,housing/rent/apartment,Yes,OK
6346,1300,1.0,2,950,41.9049,-71.1027,housing/rent/apartment,No,MA
6347,1299,1.0,1,950,40.7683,-74.2372,housing/rent/apartment,Yes,NJ
6348,1299,1.0,2,950,42.829,-71.658,housing/rent/apartment,Thumbnail,NH
6350,1230,2.0,2,950,40.1171,-88.1889,housing/rent/apartment,Thumbnail,IL
6351,1200,1.5,2,950,36.8328,-76.3529,housing/rent/apartment,Thumbnail,VA
6352,1150,1.0,2,950,42.4583,-83.138,housing/rent/apartment,Thumbnail,MI
6354,1120,1.0,2,950,37.0483,-76.4118,housing/rent/apartment,Thumbnail,VA
6355,1109,2.0,3,950,36.9141,-76.2882,housing/rent/apartment,Thumbnail,VA
6356,1100,1.0,2,950,38.5842,-90.4165,housing/rent/apartment,Thumbnail,MO
6357,1099,1.0,2,950,33.8737,-84.5097,housing/rent/apartment,Yes,GA
6358,1095,1.0,1,950,45.6558,-122.5888,housing/rent/apartment,Thumbnail,WA
6359,1090,1.5,2,950,42.663,-83.0352,housing/rent/apartment,Thumbnail,MI
6360,1050,1.0,3,950,39.9974,-82.9829,housing/rent/apartment,Thumbnail,OH
6361,1044,1.0,2,950,34.025,-84.3128,housing/rent/apartment,Thumbnail,GA
6363,1009,1.0,1,950,34.7794,-82.3026,housing/rent/apartment,Thumbnail,SC
6364,1000,1.0,2,950,42.5286,-92.4509,housing/rent/apartment,Thumbnail,IA
6365,995,1.0,2,950,41.2562,-96.0404,housing/rent/apartment,Thumbnail,NE
6367,994,2.0,2,950,29.8831,-97.945,housing/rent/apartment,Thumbnail,TX
6369,970,1.0,2,950,41.2562,-96.0404,housing/rent/apartment,Thumbnail,NE
6371,950,2.0,2,950,43.6089,-72.973,housing/rent/apartment,Yes,VT
6372,935,2.0,2,950,34.7264,-92.348,housing/rent/apartment,Thumbnail,AR
6374,927,1.0,1,950,35.0462,-85.2352,housing/rent/apartment,Thumbnail,TN
6375,925,2.0,2,950,35.7863,-78.4845,housing/rent/apartment,Thumbnail,NC
6376,895,1.0,1,950,41.1298,-96.2485,housing/rent/apartment,Thumbnail,NE
6377,880,2.0,2,950,42.0259,-93.6516,housing/rent/apartment,Thumbnail,IA
6379,875,1.0,2,950,35.471,-97.5299,housing/rent/apartment,Thumbnail,OK
6380,875,1.0,3,950,30.4601,-84.2714,housing/rent/apartment,Thumbnail,FL
6382,825,2.0,2,950,48.2469,-101.3017,housing/rent/apartment,Thumbnail,ND
6383,825,1.0,2,950,35.9907,-78.9074,housing/rent/apartment,Thumbnail,NC
6384,795,2.0,2,950,48.2469,-101.3017,housing/rent/apartment,Thumbnail,ND
6386,760,1.0,2,950,38.9259,-94.6916,housing/rent/apartment,Thumbnail,KS
6387,752,2.0,2,950,29.7864,-94.9631,housing/rent/apartment,Thumbnail,TX
6388,750,1.0,1,950,40.3375,-75.9336,housing/rent/apartment,Thumbnail,PA
6389,749,1.5,2,950,30.7084,-96.347,housing/rent/apartment,Thumbnail,TX
6390,550,2.0,3,950,38.0172,-84.4931,housing/rent/apartment,Thumbnail,KY
6393,2195,1.5,2,951,47.616,-122.3275,housing/rent/apartment,Thumbnail,WA
6394,1304,2.0,2,951,32.5807,-97.138,housing/rent/apartment,Yes,TX
6396,1615,1.0,1,952,43.0724,-89.4003,housing/rent/apartment,Thumbnail,WI
6397,1615,2.0,2,952,39.0614,-76.8511,housing/rent/apartment,Thumbnail,MD
6398,1495,1.0,2,952,43.0681,-70.7854,housing/rent/apartment,Thumbnail,NH
6399,1300,2.0,2,952,33.1932,-87.5349,housing/rent/apartment,Thumbnail,AL
6400,1250,2.0,2,952,44.5306,-122.8713,housing/rent/apartment,Thumbnail,OR
6401,1050,2.0,2,952,39.8057,-74.9979,housing/rent/apartment,Thumbnail,NJ
6402,875,1.5,2,952,36.3267,-94.0643,housing/rent/apartment,Thumbnail,AR
6403,597,1.0,1,952,43.7815,-88.4411,housing/rent/apartment,Thumbnail,WI
6405,1366,1.0,2,953,40.534,-105.0444,housing/rent/apartment,Thumbnail,CO
6406,925,2.0,2,953,36.2528,-116.0181,housing/rent/apartment,Thumbnail,NV
6407,820,1.0,1,953,46.8296,-100.8908,housing/rent/apartment,Thumbnail,ND
6408,2995,2.0,2,954,34.1549,-118.1275,housing/rent/apartment,Thumbnail,CA
6409,1595,1.0,1,954,43.2286,-87.9668,housing/rent/apartment,Thumbnail,WI
6412,1949,1.0,2,955,47.616,-122.3275,housing/rent/apartment,Thumbnail,WA
6413,1114,1.0,1,955,33.9373,-84.2004,housing/rent/apartment,Yes,GA
6414,975,1.5,2,955,32.8239,-96.681,housing/rent/apartment,Thumbnail,TX
6416,943,1.0,2,955,42.7199,-84.5731,housing/rent/apartment,Thumbnail,MI
6417,895,1.0,2,955,43.0724,-89.4003,housing/rent/apartment,Thumbnail,WI
6418,650,2.0,2,955,35.0673,-92.3808,housing/rent/apartment,Thumbnail,AR
6419,2695,2.0,2,956,32.7876,-117.1265,housing/rent/apartment,Thumbnail,CA
6421,1965,2.0,2,956,47.3949,-122.0287,housing/rent/apartment,Yes,WA
6422,1915,2.0,2,956,47.3949,-122.0287,housing/rent/apartment,No,WA
6423,1915,2.0,2,956,47.3949,-122.0287,housing/rent/apartment,Yes,WA
6424,1716,2.0,2,956,47.8441,-122.1991,housing/rent/apartment,Yes,WA
6425,1699,1.0,1,956,32.8123,-96.8146,housing/rent/apartment,Thumbnail,TX
6426,930,1.0,2,956,41.6828,-93.7077,housing/rent/apartment,Thumbnail,IA
6427,810,1.0,1,956,43.5329,-96.7265,housing/rent/apartment,Thumbnail,SD
6431,1795,2.0,2,957,42.1246,-71.1089,housing/rent/apartment,Thumbnail,MA
6432,1107,1.0,1,957,34.0007,-84.4665,housing/rent/apartment,No,GA
6435,1500,1.0,2,958,35.471,-97.5299,housing/rent/apartment,Thumbnail,OK
6436,1165,1.0,2,958,44.8407,-92.8923,housing/rent/apartment,Thumbnail,MN
6437,1073,2.0,2,958,33.9386,-84.6151,housing/rent/apartment,Thumbnail,GA
6439,900,2.0,2,958,29.553,-98.3049,housing/rent/apartment,Thumbnail,TX
6440,795,1.0,2,958,45.5509,-94.1725,housing/rent/apartment,Thumbnail,MN
6442,1145,1.0,1,959,35.823,-78.6438,housing/rent/apartment,Thumbnail,NC
6443,3388,1.0,1,960,37.567,-122.3657,housing/rent/apartment,Thumbnail,CA
6444,2025,2.0,2,960,40.6623,-74.2087,housing/rent/apartment,Thumbnail,NJ
6445,2000,1.0,2,960,33.7932,-118.1582,housing/rent/apartment,Yes,CA
6446,1909,2.0,2,960,28.5163,-81.3644,housing/rent/apartment,Thumbnail,FL
6447,1550,1.0,1,960,40.4667,-79.95,housing/rent/apartment,No,PA
6449,1500,2.0,3,960,42.0259,-93.6516,housing/rent/apartment,Thumbnail,IA
6451,1272,1.0,2,960,41.6623,-72.6686,housing/rent/apartment,Thumbnail,CT
6452,1250,2.0,2,960,33.5178,-112.0848,housing/rent/apartment,Thumbnail,AZ
6454,1125,1.0,2,960,41.7588,-72.6148,housing/rent/apartment,Yes,CT
6455,1115,1.0,2,960,41.7588,-72.6148,housing/rent/apartment,Thumbnail,CT
6456,1015,1.0,2,960,40.5946,-122.3596,housing/rent/apartment,Thumbnail,CA
6457,1015,2.0,2,960,32.7767,-97.0816,housing/rent/apartment,Thumbnail,TX
6458,1000,1.0,1,960,33.6795,-84.1596,housing/rent/apartment,Yes,GA
6459,920,2.0,2,960,46.8013,-100.7562,housing/rent/apartment,Thumbnail,ND
6460,890,1.5,2,960,39.0222,-84.2256,housing/rent/apartment,Thumbnail,OH
6464,1575,1.0,2,961,41.8625,-87.6825,housing/rent/apartment,Thumbnail,IL
6465,1394,2.0,2,961,32.6548,-97.1587,housing/rent/apartment,Thumbnail,TX
6466,1039,2.0,2,961,35.6775,-78.7763,housing/rent/apartment,Thumbnail,NC
6468,1095,1.0,1,962,35.471,-97.5299,housing/rent/apartment,Thumbnail,OK
6469,995,1.5,3,962,42.0259,-93.6516,housing/rent/apartment,Thumbnail,IA
6470,950,2.0,2,962,41.1809,-111.9704,housing/rent/apartment,Thumbnail,UT
6471,850,2.0,2,962,41.6545,-83.6757,housing/rent/apartment,Thumbnail,OH
6472,778,2.0,2,962,43.0597,-87.9524,housing/rent/apartment,Thumbnail,WI
6473,2595,2.0,2,963,32.7876,-117.1265,housing/rent/apartment,Thumbnail,CA
6474,2124,2.0,2,963,36.0198,-115.1504,housing/rent/apartment,Thumbnail,NV
6475,1209,1.0,1,963,28.5401,-81.7602,housing/rent/apartment,Thumbnail,FL
6477,1840,2.0,2,964,47.3949,-122.0287,housing/rent/apartment,Yes,WA
6478,1840,2.0,2,964,47.3949,-122.0287,housing/rent/apartment,Yes,WA
6479,1840,2.0,2,964,47.3949,-122.0287,housing/rent/apartment,Yes,WA
6480,1825,2.0,2,964,47.3949,-122.0287,housing/rent/apartment,Yes,WA
6481,1800,2.0,2,964,30.5118,-97.6873,housing/rent/apartment,Thumbnail,TX
6483,1669,2.0,2,964,42.829,-71.658,housing/rent/apartment,Thumbnail,NH
6484,1475,1.0,2,964,39.0128,-76.9812,housing/rent/apartment,Thumbnail,MD
6485,1455,1.0,2,964,39.0128,-76.9812,housing/rent/apartment,Thumbnail,MD
6486,1440,2.0,2,964,39.0128,-76.9812,housing/rent/apartment,Yes,MD
6487,1300,1.0,2,964,42.7527,-71.4854,housing/rent/apartment,Thumbnail,NH
6489,1200,1.0,1,964,38.6274,-90.304,housing/rent/apartment,Thumbnail,MO
6490,1075,1.0,2,964,37.6249,-77.4948,housing/rent/apartment,Thumbnail,VA
6491,1009,2.0,2,964,36.0913,-79.2861,housing/rent/apartment,Thumbnail,NC
6493,1442,2.0,2,965,32.2264,-110.9438,housing/rent/apartment,Thumbnail,AZ
6494,1250,1.5,2,965,35.1038,-106.611,housing/rent/apartment,Thumbnail,NM
6495,954,2.0,2,965,44.0346,-92.468,housing/rent/apartment,Thumbnail,MN
6496,879,1.0,1,965,34.025,-84.3128,housing/rent/apartment,Yes,GA
6498,1675,1.0,2,966,47.8441,-122.1991,housing/rent/apartment,Thumbnail,WA
6499,1579,1.0,2,966,39.6554,-105.0224,housing/rent/apartment,Thumbnail,CO
6500,1555,2.0,2,966,38.8562,-104.772,housing/rent/apartment,Thumbnail,CO
6501,1330,2.0,2,966,28.3078,-81.4213,housing/rent/apartment,Thumbnail,FL
6502,1069,2.0,2,966,32.8281,-97.145,housing/rent/apartment,Thumbnail,TX
6503,975,2.0,2,966,38.2009,-85.6999,housing/rent/apartment,Thumbnail,KY
6504,750,1.5,2,966,30.4415,-91.1012,housing/rent/apartment,Thumbnail,LA
6507,1849,2.0,2,967,34.1383,-117.9635,housing/rent/apartment,Thumbnail,CA
6508,1675,1.0,1,967,31.8666,-102.3901,housing/rent/apartment,Thumbnail,TX
6509,1180,2.0,2,967,39.2906,-84.3347,housing/rent/apartment,Yes,OH
6510,1135,1.0,1,967,29.7398,-98.1021,housing/rent/apartment,Thumbnail,TX
6511,853,2.0,2,967,36.0325,-80.396,housing/rent/apartment,Thumbnail,NC
6512,685,2.0,2,967,36.1036,-80.2159,housing/rent/apartment,Thumbnail,NC
6513,1450,1.0,1,968,39.1054,-84.5022,housing/rent/apartment,Yes,OH
6514,1178,1.5,2,968,39.4291,-76.3027,housing/rent/apartment,Thumbnail,MD
6515,1148,1.5,2,968,39.4291,-76.3027,housing/rent/apartment,Thumbnail,MD
6516,984,1.0,2,968,43.1403,-87.9675,housing/rent/apartment,Thumbnail,WI
6517,1435,2.0,1,969,33.5178,-112.0848,housing/rent/apartment,Thumbnail,AZ
6519,2275,2.0,2,970,27.5068,-82.644,housing/rent/apartment,Thumbnail,FL
6520,2125,2.0,2,970,39.736,-104.9819,housing/rent/apartment,Thumbnail,CO
6521,2050,1.0,2,970,33.8323,-117.9079,housing/rent/apartment,Thumbnail,CA
6522,2015,1.0,2,970,33.75,-117.9892,housing/rent/apartment,Thumbnail,CA
6525,1635,2.0,2,970,47.4457,-122.1407,housing/rent/apartment,No,WA
6526,1150,1.0,1,970,39.1679,-84.4933,housing/rent/apartment,Thumbnail,OH
6527,1150,1.0,2,970,45.7941,-122.5216,housing/rent/apartment,Thumbnail,WA
6528,1115,1.0,2,970,39.707,-75.4467,housing/rent/apartment,Yes,NJ
6529,1050,1.0,2,970,43.0724,-89.4003,housing/rent/apartment,Thumbnail,WI
6530,900,1.5,2,970,41.1378,-95.9392,housing/rent/apartment,Thumbnail,NE
6531,785,1.0,2,970,48.2469,-101.3017,housing/rent/apartment,Thumbnail,ND
6532,785,1.0,2,970,48.2469,-101.3017,housing/rent/apartment,Thumbnail,ND
6535,1785,2.0,2,972,33.945,-117.4074,housing/rent/apartment,Thumbnail,CA
6536,1475,1.0,4,972,43.0724,-89.4003,housing/rent/apartment,Thumbnail,WI
6537,1280,1.5,2,972,39.4944,-77.4535,housing/rent/apartment,Thumbnail,MD
6538,1118,2.0,2,972,35.4083,-78.742,housing/rent/apartment,Thumbnail,NC
6539,1000,2.0,2,972,30.6505,-97.6809,housing/rent/apartment,Thumbnail,TX
6540,760,2.0,2,972,39.6309,-84.2621,housing/rent/apartment,Yes,OH
6541,3070,2.0,2,973,40.8206,-74.2133,housing/rent/apartment,Yes,NJ
6542,1885,1.0,1,973,44.9358,-93.6328,housing/rent/apartment,Thumbnail,MN
6543,1440,2.0,2,973,47.3071,-122.3404,housing/rent/apartment,Thumbnail,WA
6545,750,1.0,2,973,36.2528,-116.0181,housing/rent/apartment,Thumbnail,NV
6546,1365,2.0,2,974,27.3375,-82.5126,housing/rent/apartment,Thumbnail,FL
6547,1355,2.0,2,974,27.3375,-82.5126,housing/rent/apartment,Thumbnail,FL
6548,969,2.0,2,974,39.7069,-84.0832,housing/rent/apartment,Thumbnail,OH
6549,2650,2.0,2,975,38.9118,-77.0132,housing/rent/apartment,Thumbnail,DC
6550,2120,1.0,1,975,47.616,-122.3275,housing/rent/apartment,Thumbnail,WA
6553,1600,1.0,1,975,44.5072,-73.2452,housing/rent/apartment,Thumbnail,VT
6554,1570,2.0,2,975,39.0128,-76.9812,housing/rent/apartment,Thumbnail,MD
6561,1340,1.0,2,975,42.9833,-71.4574,housing/rent/apartment,Thumbnail,NH
6562,1260,1.0,3,975,43.0724,-89.4003,housing/rent/apartment,Thumbnail,WI
6564,1169,2.0,2,975,36.888,-76.1455,housing/rent/apartment,Thumbnail,VA
6565,895,1.0,2,975,39.0744,-94.5521,housing/rent/apartment,Thumbnail,MO
6566,875,2.0,2,975,41.9295,-83.3654,housing/rent/apartment,Thumbnail,MI
6567,800,2.0,2,975,39.7436,-105.063,housing/rent/apartment,Thumbnail,CO
6568,795,1.0,1,975,33.7416,-84.2614,housing/rent/apartment,Thumbnail,GA
6570,625,1.0,2,975,35.2505,-97.4596,housing/rent/apartment,Yes,OK
6571,425,1.0,1,975,29.9142,-93.9383,housing/rent/apartment,Thumbnail,TX
6572,2620,2.0,2,976,39.266,-76.8455,housing/rent/apartment,Thumbnail,MD
6573,2620,2.0,2,976,39.266,-76.8455,housing/rent/apartment,Thumbnail,MD
6574,2315,2.0,2,976,39.266,-76.8455,housing/rent/apartment,Thumbnail,MD
6575,1990,2.0,2,976,47.5988,-122.1507,housing/rent/apartment,Thumbnail,WA
6576,1455,1.0,1,976,39.5109,-76.1855,housing/rent/apartment,No,MD
6578,1060,2.0,2,976,32.7767,-97.0816,housing/rent/apartment,Yes,TX
6580,855,2.0,2,976,41.5927,-93.6276,housing/rent/apartment,Thumbnail,IA
6581,2500,2.0,2,977,32.7876,-117.1265,housing/rent/apartment,Thumbnail,CA
6582,2044,1.0,3,977,41.8625,-87.6825,housing/rent/apartment,Thumbnail,IL
6584,1040,2.0,2,977,44.8902,-94.3728,housing/rent/apartment,Thumbnail,MN
6585,1505,1.0,2,978,39.905,-74.9965,housing/rent/apartment,No,NJ
6586,1490,1.0,2,978,39.905,-74.9965,housing/rent/apartment,Yes,NJ
6587,1295,1.0,2,978,45.5091,-122.6449,housing/rent/apartment,Thumbnail,OR
6588,2774,2.0,2,979,34.053,-118.2637,housing/rent/apartment,Thumbnail,CA
6589,2295,2.0,2,979,32.7876,-117.1265,housing/rent/apartment,Thumbnail,CA
6590,1865,2.0,2,979,44.9855,-93.3023,housing/rent/apartment,Thumbnail,MN
6593,2750,2.0,2,980,34.0372,-118.2972,housing/rent/apartment,Thumbnail,CA
6595,1950,1.5,2,980,32.7415,-117.128,housing/rent/apartment,Thumbnail,CA
6596,1900,1.0,1,980,40.8876,-74.0499,housing/rent/apartment,Thumbnail,NJ
6597,1750,2.0,2,980,47.7179,-122.2059,housing/rent/apartment,Yes,WA
6599,1400,1.5,2,980,47.9587,-122.4023,housing/rent/apartment,Thumbnail,WA
6600,1399,1.0,2,980,39.0744,-94.5521,housing/rent/apartment,Thumbnail,MO
6601,1379,1.0,2,980,47.8616,-122.2729,housing/rent/apartment,Yes,WA
6602,1345,1.0,1,980,47.8409,-122.3346,housing/rent/apartment,Thumbnail,WA
6603,1301,2.0,2,980,33.0476,-96.7467,housing/rent/apartment,Thumbnail,TX
6606,1103,1.0,2,980,32.8255,-97.1039,housing/rent/apartment,Thumbnail,TX
6607,1075,1.0,2,980,39.0744,-94.5521,housing/rent/apartment,Thumbnail,MO
6608,923,1.0,2,980,32.8255,-97.1039,housing/rent/apartment,Yes,TX
6609,900,2.0,2,980,42.5303,-113.7904,housing/rent/apartment,Thumbnail,ID
6610,2552,1.0,1,981,34.1375,-118.1656,housing/rent/apartment,Yes,CA
6611,1460,1.0,1,982,44.9776,-93.3594,housing/rent/apartment,Thumbnail,MN
6612,3400,2.0,2,983,34.0394,-118.2656,housing/rent/apartment,Thumbnail,CA
6613,3120,2.0,2,983,33.955,-118.3967,housing/rent/apartment,Thumbnail,CA
6614,1915,2.0,2,983,38.9557,-76.7518,housing/rent/apartment,Thumbnail,MD
6615,1915,2.0,2,983,38.9253,-76.7155,housing/rent/apartment,Thumbnail,MD
6616,1798,2.0,2,983,39.2144,-76.8797,housing/rent/apartment,Yes,MD
6617,1741,2.0,2,983,42.9442,-71.5194,housing/rent/apartment,Yes,NH
6618,1950,2.0,2,984,47.7974,-122.2037,housing/rent/apartment,Thumbnail,WA
6619,1274,1.0,2,984,45.2764,-92.9901,housing/rent/apartment,Thumbnail,MN
6620,685,1.0,2,984,41.6545,-83.6757,housing/rent/apartment,Thumbnail,OH
6621,4469,2.0,2,985,33.8321,-118.3786,housing/rent/apartment,Thumbnail,CA
6622,2395,1.0,2,985,32.7876,-117.1265,housing/rent/apartment,Thumbnail,CA
6623,1375,1.5,2,985,39.0614,-76.8511,housing/rent/apartment,Thumbnail,MD
6625,1220,1.0,2,985,39.1627,-76.6354,housing/rent/apartment,Yes,MD
6626,1210,1.0,2,985,39.1627,-76.6354,housing/rent/apartment,Thumbnail,MD
6627,1000,1.0,1,985,35.8199,-90.7016,housing/rent/apartment,Thumbnail,AR
6628,2055,2.0,2,986,39.7317,-104.9698,housing/rent/apartment,Thumbnail,CO
6629,1950,1.0,1,986,39.9675,-76.726,housing/rent/apartment,Thumbnail,PA
6630,1245,2.0,2,986,32.7767,-97.0816,housing/rent/apartment,Thumbnail,TX
6632,2445,2.5,2,988,33.1481,-117.3055,housing/rent/apartment,Thumbnail,CA
6633,1830,2.0,2,988,47.4608,-122.2095,housing/rent/apartment,Thumbnail,WA
6634,1620,2.0,2,988,47.8495,-122.2825,housing/rent/apartment,Thumbnail,WA
6636,1395,1.0,2,988,45.5091,-122.6449,housing/rent/apartment,Thumbnail,OR
6637,975,2.0,2,988,42.0259,-93.6516,housing/rent/apartment,Thumbnail,IA
6639,750,2.0,2,988,36.5894,-94.7725,housing/rent/apartment,Thumbnail,OK
6641,2195,1.0,2,989,34.1669,-118.8377,housing/rent/apartment,Thumbnail,CA
6642,1460,2.0,2,989,41.7773,-72.5249,housing/rent/apartment,Yes,CT
6644,1800,2.0,2,990,41.5486,-90.5922,housing/rent/apartment,Thumbnail,IA
6645,1470,1.0,2,990,42.9833,-71.4574,housing/rent/apartment,Thumbnail,NH
6646,1433,2.0,2,990,32.8281,-97.145,housing/rent/apartment,Yes,TX
6648,1295,2.0,2,990,43.1857,-70.9136,housing/rent/apartment,Yes,NH
6650,920,1.5,2,990,35.9276,-79.0406,housing/rent/apartment,Thumbnail,NC
6652,955,2.0,2,991,31.5215,-110.2634,housing/rent/apartment,Thumbnail,AZ
6653,1695,1.0,3,992,41.8625,-87.6825,housing/rent/apartment,Thumbnail,IL
6654,1489,1.0,2,992,38.9414,-76.9292,housing/rent/apartment,Thumbnail,MD
6655,1352,2.0,2,992,32.9631,-96.7212,housing/rent/apartment,Thumbnail,TX
6656,1275,1.0,2,992,29.7714,-95.4343,housing/rent/apartment,Thumbnail,TX
6657,1465,1.0,1,993,33.7416,-84.2614,housing/rent/apartment,Thumbnail,GA
6658,1453,2.0,2,993,34.1222,-84.2975,housing/rent/apartment,Thumbnail,GA
6659,1290,1.5,2,993,32.6924,-97.1324,housing/rent/apartment,No,TX
6660,1240,2.0,2,993,27.0533,-82.1205,housing/rent/apartment,Thumbnail,FL
6661,1149,2.0,2,994,30.3054,-97.7497,housing/rent/apartment,Thumbnail,TX
6662,945,1.0,2,994,40.2755,-85.8385,housing/rent/apartment,Thumbnail,IN
6663,935,1.0,2,994,41.3495,-86.3272,housing/rent/apartment,Thumbnail,IN
6665,2665,2.0,2,995,40.8876,-74.0499,housing/rent/apartment,Thumbnail,NJ
6666,1350,1.0,1,995,34.8583,-82.3915,housing/rent/apartment,Thumbnail,SC
6667,1225,1.0,2,995,45.2764,-92.9901,housing/rent/apartment,Thumbnail,MN
6668,1225,1.0,2,995,32.8281,-97.145,housing/rent/apartment,Yes,TX
6669,2999,2.0,2,996,38.9118,-77.0132,housing/rent/apartment,Thumbnail,DC
6670,1930,2.0,2,996,47.3949,-122.0287,housing/rent/apartment,Yes,WA
6671,1765,1.0,2,996,39.0521,-77.119,housing/rent/apartment,Thumbnail,MD
6672,1042,2.0,2,996,35.7863,-78.4845,housing/rent/apartment,Thumbnail,NC
6673,945,2.0,2,996,32.7057,-96.8747,housing/rent/apartment,Thumbnail,TX
6675,705,1.0,2,996,40.4738,-86.1409,housing/rent/apartment,Thumbnail,IN
6676,1480,1.5,3,997,38.8871,-76.892,housing/rent/apartment,Thumbnail,MD
6677,890,1.0,1,997,32.8255,-97.1039,housing/rent/apartment,Thumbnail,TX
6678,2530,1.0,1,998,39.736,-104.9819,housing/rent/apartment,Thumbnail,CO
6679,1654,2.0,2,998,47.8616,-122.2729,housing/rent/apartment,Yes,WA
6680,1500,1.0,1,998,35.5884,-82.56,housing/rent/apartment,Thumbnail,NC
6684,4500,1.0,2,1000,40.6547,-74.0057,housing/rent/apartment,Thumbnail,NY
6685,4200,1.0,2,1000,37.7599,-122.4379,housing/rent/apartment,Thumbnail,CA
6686,3995,1.0,1,1000,34.0806,-118.4029,housing/rent/apartment,Thumbnail,CA
6687,3495,1.5,1,1000,34.0372,-118.2972,housing/rent/apartment,Thumbnail,CA
6688,3400,1.0,2,1000,42.328,-71.071,housing/rent/apartment,Thumbnail,MA
6690,2995,1.0,2,1000,34.0939,-118.3801,housing/rent/apartment,Thumbnail,CA
6691,2970,1.0,3,1000,42.328,-71.071,housing/rent/apartment,Thumbnail,MA
6693,2950,1.0,1,1000,38.9118,-77.0132,housing/rent/apartment,Thumbnail,DC
6695,2800,2.0,2,1000,37.774,-122.4104,housing/rent/apartment,Thumbnail,CA
6696,2733,2.0,2,1000,34.1474,-118.1391,housing/rent/apartment,Thumbnail,CA
6697,2700,1.5,3,1000,42.3508,-71.1184,housing/rent/apartment,Thumbnail,MA
6698,2695,2.0,2,1000,34.0372,-118.2972,housing/rent/apartment,Thumbnail,CA
6699,2650,2.0,2,1000,34.0372,-118.2972,housing/rent/apartment,Thumbnail,CA
6702,2380,1.0,1,1000,32.7211,-117.1643,housing/rent/apartment,Thumbnail,CA
6703,2336,2.0,2,1000,47.6146,-122.1684,housing/rent/apartment,No,WA
6705,2275,2.0,2,1000,33.7718,-118.151,housing/rent/apartment,Thumbnail,CA
6708,2200,1.0,3,1000,44.9855,-93.3023,housing/rent/apartment,Thumbnail,MN
6709,2200,1.0,2,1000,34.1114,-118.1556,housing/rent/apartment,Yes,CA
6710,2198,2.0,2,1000,34.2417,-118.5257,housing/rent/apartment,Thumbnail,CA
6711,2092,1.0,2,1000,33.9604,-118.0289,housing/rent/apartment,Thumbnail,CA
6715,2010,2.0,3,1000,40.4969,-86.9659,housing/rent/apartment,Thumbnail,IN
6717,1995,1.0,0,1000,32.7876,-117.1265,housing/rent/apartment,Thumbnail,CA
6722,1810,1.0,2,1000,40.7936,-74.1644,housing/rent/apartment,Yes,NJ
6723,1795,2.0,2,1000,41.8625,-87.6825,housing/rent/apartment,Thumbnail,IL
6724,1780,2.0,4,1000,40.4969,-86.9659,housing/rent/apartment,Thumbnail,IN
6725,1750,1.0,2,1000,41.8625,-87.6825,housing/rent/apartment,Thumbnail,IL
6726,1750,2.0,3,1000,40.7394,-74.1845,housing/rent/apartment,Thumbnail,NJ
6728,1680,2.0,4,1000,40.4969,-86.9659,housing/rent/apartment,Thumbnail,IN
6729,1659,2.0,2,1000,32.3252,-95.2948,housing/rent/apartment,No,TX
6730,1600,1.5,2,1000,32.8113,-79.9947,housing/rent/apartment,Thumbnail,SC
6731,1600,1.0,2,1000,38.6274,-90.304,housing/rent/apartment,Thumbnail,MO
6732,1590,2.0,2,1000,39.0744,-94.5521,housing/rent/apartment,Thumbnail,MO
6733,1560,2.0,2,1000,38.9414,-76.9292,housing/rent/apartment,Thumbnail,MD
6734,1555,1.5,2,1000,41.7066,-72.5646,housing/rent/apartment,Yes,CT
6735,1520,1.0,2,1000,37.3253,-113.4056,housing/rent/apartment,Thumbnail,UT
6737,1500,1.0,2,1000,39.1679,-84.4933,housing/rent/apartment,Thumbnail,OH
6738,1499,1.5,2,1000,45.3672,-122.6496,housing/rent/apartment,Thumbnail,OR
6739,1499,2.0,2,1000,39.0744,-94.5521,housing/rent/apartment,Thumbnail,MO
6742,1457,2.0,2,1000,34.0299,-84.2425,housing/rent/apartment,Yes,GA
6743,1450,1.5,1,1000,35.471,-97.5299,housing/rent/apartment,Thumbnail,OK
6745,1395,1.0,2,1000,40.0054,-75.1415,housing/rent/apartment,Thumbnail,PA
6746,1350,1.0,2,1000,26.1343,-80.233,housing/rent/apartment,Thumbnail,FL
6748,1300,1.0,2,1000,43.0724,-89.4003,housing/rent/apartment,Thumbnail,WI
6749,1300,1.0,2,1000,43.0724,-89.4003,housing/rent/apartment,Thumbnail,WI
6753,1247,1.0,2,1000,45.2764,-92.9901,housing/rent/apartment,Thumbnail,MN
6754,1210,2.0,2,1000,34.0341,-84.5061,housing/rent/apartment,Thumbnail,GA
6756,1200,1.0,2,1000,45.5221,-123.1071,housing/rent/apartment,Thumbnail,OR
6757,1200,1.0,3,1000,40.1145,-88.2723,housing/rent/apartment,Thumbnail,IL
6758,1200,1.0,2,1000,35.1038,-106.611,housing/rent/apartment,Thumbnail,NM
6759,1200,2.0,2,1000,35.8079,-78.6466,housing/rent/apartment,Thumbnail,NC
6760,1150,1.0,2,1000,42.584,-82.9273,housing/rent/apartment,Thumbnail,MI
6762,1105,2.0,2,1000,39.205,-84.3987,housing/rent/apartment,Thumbnail,OH
6763,1100,1.0,2,1000,41.8625,-87.6825,housing/rent/apartment,Thumbnail,IL
6764,1100,1.0,1,1000,44.5024,-73.0892,housing/rent/apartment,Thumbnail,VT
6765,1099,1.5,2,1000,39.8057,-74.9979,housing/rent/apartment,Thumbnail,NJ
6767,1092,2.0,2,1000,44.0346,-92.468,housing/rent/apartment,Thumbnail,MN
6768,1070,2.0,2,1000,30.3054,-97.7497,housing/rent/apartment,Thumbnail,TX
6769,1049,2.0,2,1000,39.3344,-84.5623,housing/rent/apartment,Thumbnail,OH
6770,1000,1.0,2,1000,39.9974,-82.9829,housing/rent/apartment,Thumbnail,OH
6771,1000,1.0,2,1000,43.0531,-87.9659,housing/rent/apartment,Thumbnail,WI
6772,1000,1.5,2,1000,38.5128,-121.4962,housing/rent/apartment,No,CA
6773,999,2.0,2,1000,35.2314,-97.5069,housing/rent/apartment,Yes,OK
6777,975,2.0,2,1000,38.9259,-94.6916,housing/rent/apartment,Thumbnail,KS
6778,975,1.0,2,1000,39.0744,-94.5521,housing/rent/apartment,Thumbnail,MO
6779,930,2.0,2,1000,39.6379,-84.1686,housing/rent/apartment,Yes,OH
6780,930,2.0,2,1000,39.6379,-84.1686,housing/rent/apartment,Yes,OH
6781,919,2.0,2,1000,44.7658,-85.6549,housing/rent/apartment,Thumbnail,MI
6782,909,1.5,2,1000,34.8583,-82.3915,housing/rent/apartment,Thumbnail,SC
6783,902,1.5,2,1000,29.2238,-98.7863,housing/rent/apartment,Thumbnail,TX
6784,900,1.0,2,1000,40.4448,-79.9725,housing/rent/apartment,Thumbnail,PA
6785,900,1.0,2,1000,41.5575,-73.0329,housing/rent/apartment,Thumbnail,CT
6788,895,2.0,2,1000,36.0346,-78.869,housing/rent/apartment,Yes,NC
6789,875,2.0,3,1000,42.0259,-93.6516,housing/rent/apartment,Thumbnail,IA
6790,850,1.0,2,1000,39.0744,-94.5521,housing/rent/apartment,Thumbnail,MO
6792,835,1.0,2,1000,40.3613,-86.9005,housing/rent/apartment,Thumbnail,IN
6793,825,1.0,2,1000,36.0249,-78.4646,housing/rent/apartment,Thumbnail,NC
6794,800,1.0,2,1000,30.4415,-91.1012,housing/rent/apartment,Thumbnail,LA
6797,780,1.0,2,1000,41.4399,-96.4932,housing/rent/apartment,Thumbnail,NE
6798,750,2.0,2,1000,48.2604,-101.4389,housing/rent/apartment,Thumbnail,ND
6799,745,1.0,1,1000,46.8901,-96.7447,housing/rent/apartment,Thumbnail,MN
6800,740,1.0,2,1000,41.0086,-95.8905,housing/rent/apartment,Thumbnail,NE
6801,725,1.0,2,1000,43.5329,-96.7265,housing/rent/apartment,Thumbnail,SD
6802,699,1.0,2,1000,42.4869,-92.3426,housing/rent/apartment,Thumbnail,IA
6804,625,1.0,2,1000,39.0744,-94.5521,housing/rent/apartment,Thumbnail,MO
6805,600,1.0,2,1000,39.7618,-84.1524,housing/rent/apartment,Yes,OH
6806,2693,1.0,1,1001,40.8201,-74.3024,housing/rent/apartment,Thumbnail,NJ
6807,2875,2.0,2,1002,40.722,-74.0644,housing/rent/apartment,Thumbnail,NJ
6808,1660,1.5,2,1002,39.1627,-76.6354,housing/rent/apartment,Yes,MD
6809,1386,2.0,2,1002,40.3783,-80.1221,housing/rent/apartment,Yes,PA
6810,1361,2.0,2,1002,40.3783,-80.1221,housing/rent/apartment,Yes,PA
6811,1300,1.0,3,1002,35.1149,-80.7015,housing/rent/apartment,Thumbnail,NC
6812,1180,2.0,2,1002,35.6696,-78.6648,housing/rent/apartment,Yes,NC
6813,1175,1.0,1,1002,39.2735,-76.8674,housing/rent/apartment,Yes,MD
6814,1095,2.0,2,1002,32.7057,-96.8747,housing/rent/apartment,Thumbnail,TX
6816,791,1.0,2,1002,43.7815,-88.4411,housing/rent/apartment,Thumbnail,WI
6817,1060,1.0,1,1003,29.7714,-95.4343,housing/rent/apartment,Thumbnail,TX
6818,877,1.0,1,1003,29.7714,-95.4343,housing/rent/apartment,Thumbnail,TX
6820,1809,2.0,2,1004,40.1521,-105.1692,housing/rent/apartment,Thumbnail,CO
6821,1600,1.0,2,1004,39.065,-76.9815,housing/rent/apartment,Yes,MD
6822,1460,1.0,2,1004,38.9993,-76.975,housing/rent/apartment,Thumbnail,MD
6823,1445,2.0,2,1004,40.0844,-74.2071,housing/rent/apartment,Yes,NJ
6824,1110,2.0,2,1004,35.9907,-78.9074,housing/rent/apartment,Yes,NC
6825,2150,2.0,2,1005,34.2551,-118.5976,housing/rent/apartment,Thumbnail,CA
6826,1075,1.0,2,1005,33.9295,-84.4662,housing/rent/apartment,Yes,GA
6827,1030,1.0,2,1005,33.9295,-84.4662,housing/rent/apartment,Thumbnail,GA
6828,1315,1.0,2,1006,45.6558,-122.5888,housing/rent/apartment,Thumbnail,WA
6829,1170,2.0,2,1006,35.6714,-79.1694,housing/rent/apartment,Yes,NC
6830,915,2.0,2,1006,47.9179,-97.0658,housing/rent/apartment,Thumbnail,ND
6831,800,1.5,3,1006,41.6545,-83.6757,housing/rent/apartment,Thumbnail,OH
6832,2095,2.0,3,1007,32.5601,-116.9744,housing/rent/apartment,Thumbnail,CA
6833,910,2.0,2,1007,36.0652,-80.3179,housing/rent/apartment,Thumbnail,NC
6834,2640,3.0,3,1008,35.9695,-83.981,housing/rent/apartment,Thumbnail,TN
6835,2300,2.0,4,1008,40.1145,-88.2723,housing/rent/apartment,Thumbnail,IL
6836,2195,2.0,2,1008,38.4498,-122.7129,housing/rent/apartment,Thumbnail,CA
6837,2152,1.0,1,1008,32.7809,-96.8035,housing/rent/apartment,Thumbnail,TX
6838,1939,2.0,2,1008,34.1428,-117.9996,housing/rent/apartment,Thumbnail,CA
6839,1750,2.0,4,1008,42.2368,-83.6103,housing/rent/apartment,Thumbnail,MI
6840,1475,2.0,2,1008,38.7418,-77.4684,housing/rent/apartment,Thumbnail,VA
6841,1370,1.0,1,1008,41.6505,-70.9367,housing/rent/apartment,Thumbnail,MA
6842,1255,2.0,2,1008,32.8281,-97.145,housing/rent/apartment,Yes,TX
6844,1084,1.0,1,1008,32.8255,-97.1039,housing/rent/apartment,Yes,TX
6845,1069,1.0,3,1008,35.1825,-111.6031,housing/rent/apartment,No,AZ
6846,915,1.0,3,1008,43.8096,-91.2281,housing/rent/apartment,Thumbnail,WI
6847,875,1.5,2,1008,44.9056,-89.5715,housing/rent/apartment,Thumbnail,WI
6852,1448,1.5,1,1009,39.9478,-74.9117,housing/rent/apartment,Thumbnail,NJ
6853,1230,1.0,1,1009,39.141,-84.5529,housing/rent/apartment,Thumbnail,OH
6854,1199,2.0,2,1009,27.4982,-82.5662,housing/rent/apartment,Thumbnail,FL
6855,2850,2.0,2,1010,45.5091,-122.6449,housing/rent/apartment,Thumbnail,OR
6856,1900,1.0,1,1010,42.3968,-71.0342,housing/rent/apartment,Thumbnail,MA
6858,1450,2.0,2,1010,47.8559,-121.9359,housing/rent/apartment,Thumbnail,WA
6861,1250,1.0,2,1011,33.0023,-96.8406,housing/rent/apartment,Thumbnail,TX
6862,1185,2.0,2,1011,32.8524,-97.0886,housing/rent/apartment,Thumbnail,TX
6863,1150,2.0,2,1011,32.8524,-97.0886,housing/rent/apartment,Thumbnail,TX
6864,2120,2.0,4,1012,40.1145,-88.2723,housing/rent/apartment,Thumbnail,IL
6865,1170,2.0,1,1012,35.7585,-78.7783,housing/rent/apartment,Thumbnail,NC
6867,1276,2.0,2,1013,32.8566,-97.2167,housing/rent/apartment,Thumbnail,TX
6869,3940,2.0,2,1014,40.722,-74.0644,housing/rent/apartment,Thumbnail,NJ
6870,2446,2.0,2,1014,33.941,-117.9544,housing/rent/apartment,Thumbnail,CA
6872,1768,2.0,2,1014,47.3078,-122.263,housing/rent/apartment,Thumbnail,WA
6873,1595,2.0,2,1014,40.5853,-105.0839,housing/rent/apartment,Yes,CO
6874,1595,2.0,2,1014,40.5853,-105.0839,housing/rent/apartment,Yes,CO
6876,1399,1.0,2,1015,44.937,-93.4394,housing/rent/apartment,Thumbnail,MN
6877,1263,1.5,2,1015,38.8168,-76.9368,housing/rent/apartment,Thumbnail,MD
6879,945,2.0,2,1015,35.8455,-78.3386,housing/rent/apartment,Thumbnail,NC
6881,725,2.0,2,1015,48.2469,-101.3017,housing/rent/apartment,Thumbnail,ND
6882,650,1.0,2,1015,37.2724,-79.9513,housing/rent/apartment,Thumbnail,VA
6883,2270,2.0,2,1016,32.8123,-96.8146,housing/rent/apartment,Thumbnail,TX
6885,1120,2.0,2,1016,40.4969,-86.9659,housing/rent/apartment,Thumbnail,IN
6887,2900,2.0,2,1017,21.4199,-157.8117,housing/rent/apartment,Thumbnail,HI
6889,2085,2.0,2,1017,39.1088,-77.2384,housing/rent/apartment,Yes,MD
6890,1850,2.0,2,1017,38.835,-77.4652,housing/rent/apartment,Thumbnail,VA
6892,949,2.0,2,1017,29.5364,-81.2274,housing/rent/apartment,Thumbnail,FL
6893,641,2.0,2,1018,43.4108,-84.5978,housing/rent/apartment,Thumbnail,MI
6894,2900,1.0,1,1019,42.3426,-71.1985,housing/rent/apartment,Thumbnail,MA
6895,1575,2.0,3,1019,48.7871,-122.4437,housing/rent/apartment,Thumbnail,WA
6896,1375,1.0,1,1019,39.7475,-75.0223,housing/rent/apartment,Yes,NJ
6897,1320,1.0,2,1019,43.0724,-89.4003,housing/rent/apartment,Thumbnail,WI
6898,5495,2.0,2,1020,37.7599,-122.4379,housing/rent/apartment,Thumbnail,CA
6899,2568,2.0,2,1020,33.7606,-118.0806,housing/rent/apartment,Yes,CA
6900,1870,1.0,2,1020,39.0521,-77.119,housing/rent/apartment,Thumbnail,MD
6901,1440,2.0,2,1020,39.1088,-77.2384,housing/rent/apartment,Thumbnail,MD
6903,1376,1.0,2,1020,41.3534,-72.0368,housing/rent/apartment,Yes,CT
6905,1317,1.0,3,1020,45.2764,-92.9901,housing/rent/apartment,Thumbnail,MN
6906,1271,2.0,2,1020,32.9954,-96.7849,housing/rent/apartment,Thumbnail,TX
6908,1075,2.0,2,1020,32.8255,-97.1039,housing/rent/apartment,Thumbnail,TX
6911,825,1.0,2,1020,43.5329,-96.7265,housing/rent/apartment,Thumbnail,SD
6913,799,2.0,2,1020,40.4969,-86.9659,housing/rent/apartment,Thumbnail,IN
6914,795,1.0,1,1020,32.2264,-110.9438,housing/rent/apartment,Thumbnail,AZ
6917,2542,2.0,2,1022,33.7606,-118.0806,housing/rent/apartment,Yes,CA
6918,1599,2.0,2,1022,39.6767,-104.8854,housing/rent/apartment,Thumbnail,CO
6919,1450,2.0,2,1022,32.9314,-97.0956,housing/rent/apartment,No,TX
6920,1338,1.0,3,1022,45.2764,-92.9901,housing/rent/apartment,Thumbnail,MN
6921,1115,2.0,2,1022,42.0259,-93.6516,housing/rent/apartment,Thumbnail,IA
6922,700,2.0,1,1022,43.7815,-88.4411,housing/rent/apartment,Thumbnail,WI
6923,3063,1.0,2,1023,38.9348,-77.059,housing/rent/apartment,Thumbnail,DC
6924,2595,2.5,2,1023,34.1594,-118.2498,housing/rent/apartment,Thumbnail,CA
6925,1825,2.0,2,1023,47.3907,-122.2626,housing/rent/apartment,Yes,WA
6926,1750,2.0,2,1023,42.9442,-71.5194,housing/rent/apartment,Yes,NH
6927,1448,2.0,2,1023,38.0172,-84.4931,housing/rent/apartment,Thumbnail,KY
6928,1435,2.0,2,1023,41.7773,-72.5249,housing/rent/apartment,Yes,CT
6929,1360,2.0,2,1023,41.7773,-72.5249,housing/rent/apartment,Thumbnail,CT
6930,1216,1.0,2,1023,43.0834,-87.8861,housing/rent/apartment,Thumbnail,WI
6931,1599,2.0,2,1024,35.4751,-97.5035,housing/rent/apartment,No,OK
6933,1325,1.5,2,1024,45.4248,-122.6129,housing/rent/apartment,Thumbnail,OR
6934,1150,1.5,3,1024,29.1696,-95.4243,housing/rent/apartment,Thumbnail,TX
6936,1050,2.0,2,1024,39.0804,-108.5423,housing/rent/apartment,Yes,CO
6937,690,1.5,2,1024,35.38,-78.0979,housing/rent/apartment,Thumbnail,NC
6938,4195,1.0,1,1025,34.0948,-118.3699,housing/rent/apartment,Thumbnail,CA
6939,2898,1.5,2,1025,34.0372,-118.2972,housing/rent/apartment,Thumbnail,CA
6941,2595,2.0,3,1025,33.7696,-118.1926,housing/rent/apartment,Yes,CA
6942,1735,1.5,2,1025,41.78,-88.0222,housing/rent/apartment,Thumbnail,IL
6943,1600,2.0,2,1025,33.1932,-87.5349,housing/rent/apartment,Thumbnail,AL
6944,1475,1.0,2,1025,40.1493,-75.3675,housing/rent/apartment,Thumbnail,PA
6945,1250,2.0,2,1025,61.1723,-149.8414,housing/rent/apartment,Thumbnail,AK
6946,1175,2.0,2,1025,39.1912,-84.4615,housing/rent/apartment,Thumbnail,OH
6948,800,1.5,2,1025,33.6791,-83.8742,housing/rent/apartment,Thumbnail,GA
6950,2069,2.0,2,1026,40.6623,-74.2087,housing/rent/apartment,Thumbnail,NJ
6951,1149,1.0,2,1026,29.7714,-95.4343,housing/rent/apartment,Thumbnail,TX
6952,1672,2.0,2,1027,41.4729,-81.7374,housing/rent/apartment,Thumbnail,OH
6957,2990,2.0,2,1028,34.1881,-118.3905,housing/rent/apartment,Thumbnail,CA
6958,1495,1.0,2,1028,45.3119,-122.9743,housing/rent/apartment,Thumbnail,OR
6959,1390,1.0,1,1028,39.2057,-76.8318,housing/rent/apartment,Thumbnail,MD
6960,1054,2.0,2,1028,35.823,-78.6438,housing/rent/apartment,Yes,NC
6961,979,2.0,2,1028,35.823,-78.6438,housing/rent/apartment,Thumbnail,NC
6962,1975,2.0,2,1029,47.8441,-122.1991,housing/rent/apartment,Thumbnail,WA
6963,1695,1.0,3,1029,43.0724,-89.4003,housing/rent/apartment,Thumbnail,WI
6964,4505,2.0,2,1030,42.328,-71.071,housing/rent/apartment,Thumbnail,MA
6966,1724,2.0,2,1030,47.8616,-122.2729,housing/rent/apartment,Yes,WA
6967,1699,2.0,2,1030,47.8616,-122.2729,housing/rent/apartment,Thumbnail,WA
6968,1690,2.0,2,1030,35.4751,-97.5035,housing/rent/apartment,Yes,OK
6969,1625,2.0,2,1030,35.4751,-97.5035,housing/rent/apartment,Yes,OK
6970,1600,1.0,3,1030,38.6274,-90.304,housing/rent/apartment,Thumbnail,MO
6971,1505,1.0,1,1030,39.043,-76.9077,housing/rent/apartment,Thumbnail,MD
6972,1238,2.0,2,1030,32.9314,-97.0956,housing/rent/apartment,Yes,TX
6973,1225,1.0,1,1030,41.9323,-88.0048,housing/rent/apartment,Thumbnail,IL
6974,1150,2.0,2,1030,47.6485,-117.2657,housing/rent/apartment,Thumbnail,WA
6975,933,1.5,2,1030,35.6217,-97.4702,housing/rent/apartment,Thumbnail,OK
6977,2977,2.0,2,1031,34.0372,-118.2972,housing/rent/apartment,Thumbnail,CA
6978,2665,2.0,2,1031,41.8625,-87.6825,housing/rent/apartment,Thumbnail,IL
6979,1175,2.0,2,1031,32.9314,-97.0956,housing/rent/apartment,Yes,TX
6980,3739,2.0,2,1032,33.9908,-118.4592,housing/rent/apartment,Thumbnail,CA
6981,2415,2.0,3,1032,33.8415,-118.0789,housing/rent/apartment,Thumbnail,CA
6982,1999,2.0,2,1033,36.137,-86.783,housing/rent/apartment,Thumbnail,TN
6984,2433,2.0,2,1034,40.8234,-74.4534,housing/rent/apartment,Yes,NJ
6985,1870,1.0,2,1034,47.5582,-122.0044,housing/rent/apartment,Thumbnail,WA
6986,1550,2.0,2,1034,39.9041,-105.007,housing/rent/apartment,Thumbnail,CO
6987,1490,2.0,2,1034,39.9041,-105.007,housing/rent/apartment,Thumbnail,CO
6988,1341,2.0,2,1034,30.5573,-97.6763,housing/rent/apartment,Thumbnail,TX
6989,1326,2.0,2,1034,30.5573,-97.6763,housing/rent/apartment,Thumbnail,TX
6990,1275,2.0,2,1034,36.1554,-115.1733,housing/rent/apartment,Thumbnail,NV
6991,1163,1.5,2,1034,41.9144,-72.445,housing/rent/apartment,Yes,CT
6992,910,1.0,1,1034,35.9998,-79.9305,housing/rent/apartment,Thumbnail,NC
6994,1229,2.0,2,1035,36.0113,-86.5659,housing/rent/apartment,Thumbnail,TN
6996,674,1.0,1,1035,30.1213,-93.7711,housing/rent/apartment,Thumbnail,TX
6997,2305,2.0,2,1036,40.9472,-74.2427,housing/rent/apartment,No,NJ
7001,1330,2.0,2,1036,28.0788,-82.7277,housing/rent/apartment,Thumbnail,FL
7002,1320,2.0,2,1036,28.4544,-81.7641,housing/rent/apartment,Thumbnail,FL
7003,1195,1.0,2,1036,45.6558,-122.5888,housing/rent/apartment,Thumbnail,WA
7004,1095,1.0,2,1036,46.8587,-114.041,housing/rent/apartment,Thumbnail,MT
7005,1070,2.0,2,1036,30.3054,-97.7497,housing/rent/apartment,Thumbnail,TX
7006,1060,2.0,2,1036,36.0746,-79.0777,housing/rent/apartment,Thumbnail,NC
7007,1470,2.0,3,1037,30.4601,-84.2714,housing/rent/apartment,Thumbnail,FL
7009,1750,1.0,2,1038,44.5716,-123.282,housing/rent/apartment,Thumbnail,OR
7010,1079,2.0,2,1038,35.6775,-78.7763,housing/rent/apartment,Thumbnail,NC
7011,1069,2.0,2,1038,35.6775,-78.7763,housing/rent/apartment,Thumbnail,NC
7012,1029,2.0,2,1038,35.6775,-78.7763,housing/rent/apartment,Thumbnail,NC
7013,949,2.0,2,1038,35.6775,-78.7763,housing/rent/apartment,Thumbnail,NC
7014,2925,1.0,1,1039,40.722,-74.0644,housing/rent/apartment,Thumbnail,NJ
7015,1589,2.0,2,1039,39.0459,-104.8179,housing/rent/apartment,Thumbnail,CO
7016,1315,1.0,1,1039,39.9735,-86.1243,housing/rent/apartment,Thumbnail,IN
7020,1735,2.5,2,1040,47.8495,-122.2825,housing/rent/apartment,Yes,WA
7023,1118,2.0,2,1040,32.9954,-96.7849,housing/rent/apartment,Thumbnail,TX
7024,1010,2.0,2,1040,31.2859,-94.808,housing/rent/apartment,Yes,TX
7025,930,1.5,2,1040,32.8255,-97.1039,housing/rent/apartment,Yes,TX
7027,855,2.0,2,1040,43.5329,-96.7265,housing/rent/apartment,Thumbnail,SD
7028,795,2.0,2,1040,33.1932,-87.5349,housing/rent/apartment,Thumbnail,AL
7029,785,2.0,2,1040,41.705,-83.6059,housing/rent/apartment,Thumbnail,OH
7030,5450,2.0,2,1041,34.0948,-118.3699,housing/rent/apartment,Thumbnail,CA
7031,1609,2.0,3,1041,32.7907,-96.7501,housing/rent/apartment,Thumbnail,TX
7032,2401,2.0,2,1042,42.3968,-71.0342,housing/rent/apartment,Thumbnail,MA
7034,1317,2.0,2,1042,36.8623,-76.0114,housing/rent/apartment,Thumbnail,VA
7036,1039,2.0,2,1042,41.4983,-81.6437,housing/rent/apartment,Thumbnail,OH
7039,1575,2.0,2,1043,33.5955,-117.2572,housing/rent/apartment,Thumbnail,CA
7040,1410,2.0,2,1043,36.0174,-115.2519,housing/rent/apartment,Thumbnail,NV
7041,1745,1.0,1,1044,39.1561,-76.8099,housing/rent/apartment,Thumbnail,MD
7042,1375,2.0,2,1044,36.0703,-79.7719,housing/rent/apartment,Thumbnail,NC
7043,1047,1.0,1,1044,32.4645,-93.7879,housing/rent/apartment,Thumbnail,LA
7044,946,1.0,2,1044,41.6545,-83.6757,housing/rent/apartment,Thumbnail,OH
7045,883,2.0,2,1044,35.9165,-78.9177,housing/rent/apartment,No,NC
7046,6500,1.0,0,1045,37.7599,-122.4379,housing/rent/apartment,Thumbnail,CA
7047,1479,2.0,2,1045,47.9338,-122.2052,housing/rent/apartment,Thumbnail,WA
7050,1195,2.0,2,1047,43.0724,-89.4003,housing/rent/apartment,Thumbnail,WI
7052,2445,2.0,2,1048,33.8726,-117.8546,housing/rent/apartment,Thumbnail,CA
7053,3874,2.0,2,1049,33.955,-118.3967,housing/rent/apartment,Thumbnail,CA
7054,1650,2.0,2,1049,40.534,-105.0444,housing/rent/apartment,Thumbnail,CO
7055,3300,1.0,4,1050,42.2711,-83.745,housing/rent/apartment,Thumbnail,MI
7056,3200,1.0,2,1050,40.722,-74.0644,housing/rent/apartment,Yes,NJ
7057,3199,1.0,2,1050,37.8726,-122.2707,housing/rent/apartment,Thumbnail,CA
7058,3145,1.0,2,1050,34.0372,-118.2972,housing/rent/apartment,Thumbnail,CA
7060,2795,2.0,2,1050,34.0372,-118.2972,housing/rent/apartment,Thumbnail,CA
7061,2760,2.0,2,1050,34.0372,-118.2972,housing/rent/apartment,Thumbnail,CA
7062,2740,2.0,2,1050,37.2169,-121.956,housing/rent/apartment,Thumbnail,CA
7063,2310,1.0,2,1050,33.8,-117.8367,housing/rent/apartment,Thumbnail,CA
7064,2195,2.0,2,1050,47.616,-122.3275,housing/rent/apartment,Thumbnail,WA
7069,1585,1.5,2,1050,39.2144,-76.8797,housing/rent/apartment,Thumbnail,MD
7070,1550,1.0,3,1050,41.7773,-72.5249,housing/rent/apartment,Thumbnail,CT
7071,1519,2.0,2,1050,34.0341,-84.5061,housing/rent/apartment,Yes,GA
7072,1465,1.0,1,1050,39.2735,-76.8674,housing/rent/apartment,Thumbnail,MD
7074,1415,2.0,2,1050,44.9032,-92.9227,housing/rent/apartment,Thumbnail,MN
7079,1270,2.0,2,1050,42.5286,-92.4509,housing/rent/apartment,Thumbnail,IA
7080,1255,1.0,2,1050,38.6274,-90.304,housing/rent/apartment,Thumbnail,MO
7081,1250,2.0,2,1050,30.8655,-83.2658,housing/rent/apartment,Thumbnail,GA
7082,1225,2.0,2,1050,36.2548,-115.5263,housing/rent/apartment,Thumbnail,NV
7084,1150,2.0,2,1050,42.5286,-92.4509,housing/rent/apartment,Thumbnail,IA
7085,1134,2.0,2,1050,35.823,-78.6438,housing/rent/apartment,Thumbnail,NC
7086,1125,1.0,2,1050,39.0744,-94.5521,housing/rent/apartment,Thumbnail,MO
7087,1100,1.0,1,1050,41.4794,-81.5609,housing/rent/apartment,Thumbnail,OH
7088,1100,2.0,2,1050,32.8281,-97.145,housing/rent/apartment,No,TX
7089,1099,1.0,3,1050,34.119,-81.1962,housing/rent/apartment,Thumbnail,SC
7090,1095,1.0,1,1050,41.2562,-96.0404,housing/rent/apartment,Thumbnail,NE
7091,1050,1.0,1,1050,38.6326,-90.2023,housing/rent/apartment,Thumbnail,MO
7092,1045,2.0,2,1050,44.924,-123.3283,housing/rent/apartment,Thumbnail,OR
7094,1025,1.0,2,1050,34.0007,-84.4665,housing/rent/apartment,No,GA
7095,960,1.0,3,1050,40.1145,-88.2723,housing/rent/apartment,Thumbnail,IL
7096,939,2.0,2,1050,35.6217,-97.4702,housing/rent/apartment,Thumbnail,OK
7097,920,1.0,3,1050,37.0575,-76.4614,housing/rent/apartment,Thumbnail,VA
7098,919,1.0,1,1050,43.1689,-77.6289,housing/rent/apartment,Thumbnail,NY
7099,900,1.0,2,1050,42.6427,-84.5281,housing/rent/apartment,Thumbnail,MI
7100,895,1.0,2,1050,39.0744,-94.5521,housing/rent/apartment,Thumbnail,MO
7101,885,2.0,2,1050,41.0186,-81.6218,housing/rent/apartment,Thumbnail,OH
7102,885,1.5,2,1050,40.4261,-79.7631,housing/rent/apartment,Thumbnail,PA
7103,840,1.0,1,1050,41.2562,-96.0404,housing/rent/apartment,Thumbnail,NE
7104,750,1.0,3,1050,42.5286,-92.4509,housing/rent/apartment,Thumbnail,IA
7105,750,1.0,3,1050,41.2076,-75.9239,housing/rent/apartment,Thumbnail,PA
7106,699,1.5,2,1050,30.7084,-96.347,housing/rent/apartment,Thumbnail,TX
7107,684,2.0,2,1050,43.4251,-83.9731,housing/rent/apartment,Thumbnail,MI
7109,1450,2.0,2,1051,33.0476,-96.7467,housing/rent/apartment,Thumbnail,TX
7111,1650,1.0,1,1052,29.4624,-98.5253,housing/rent/apartment,Thumbnail,TX
7112,1570,1.0,1,1052,47.9338,-122.2052,housing/rent/apartment,Thumbnail,WA
7113,1265,2.0,2,1052,32.6924,-97.1324,housing/rent/apartment,Thumbnail,TX
7114,1130,2.0,2,1052,30.0066,-97.8071,housing/rent/apartment,Thumbnail,TX
7115,1079,2.0,2,1052,35.9003,-78.7061,housing/rent/apartment,Thumbnail,NC
7116,2550,2.0,2,1053,33.7834,-118.1506,housing/rent/apartment,Yes,CA
7117,2500,1.0,1,1053,32.8212,-96.7853,housing/rent/apartment,Thumbnail,TX
7118,1965,2.0,2,1053,39.0403,-77.0461,housing/rent/apartment,Yes,MD
7119,2675,2.0,2,1054,47.6124,-122.1427,housing/rent/apartment,Yes,WA
7120,1125,2.0,2,1054,39.1183,-84.3377,housing/rent/apartment,No,OH
7121,1095,2.0,2,1054,42.3823,-92.4606,housing/rent/apartment,Thumbnail,IA
7122,1095,2.0,2,1054,42.7162,-92.4256,housing/rent/apartment,Thumbnail,IA
7123,900,2.0,2,1054,42.47,-91.8961,housing/rent/apartment,Thumbnail,IA
7124,1950,1.0,1,1055,32.8212,-96.7853,housing/rent/apartment,Thumbnail,TX
7125,1398,1.0,1,1055,39.065,-76.9815,housing/rent/apartment,Thumbnail,MD
7126,1359,1.0,1,1055,39.065,-76.9815,housing/rent/apartment,Thumbnail,MD
7127,1225,2.0,2,1055,36.9141,-76.2882,housing/rent/apartment,Thumbnail,VA
7128,1680,2.0,4,1056,40.4969,-86.9659,housing/rent/apartment,Thumbnail,IN
7129,1100,1.5,2,1056,41.5835,-93.7597,housing/rent/apartment,Thumbnail,IA
7130,995,2.5,2,1056,36.116,-95.9281,housing/rent/apartment,Thumbnail,OK
7132,1435,2.0,2,1057,47.7974,-122.2037,housing/rent/apartment,Thumbnail,WA
7134,2098,2.0,2,1058,34.1873,-119.1738,housing/rent/apartment,Thumbnail,CA
7135,1845,2.0,2,1058,39.0747,-76.7017,housing/rent/apartment,Yes,MD
7136,1490,1.0,2,1058,39.0128,-76.9812,housing/rent/apartment,Thumbnail,MD
7137,1425,2.0,2,1058,40.4067,-105.0984,housing/rent/apartment,Thumbnail,CO
7138,1425,2.0,2,1058,40.3888,-105.1046,housing/rent/apartment,Thumbnail,CO
7139,1005,2.0,2,1058,40.0351,-84.2067,housing/rent/apartment,Yes,OH
7140,2446,2.0,2,1059,47.5632,-122.2265,housing/rent/apartment,Yes,WA
7141,1495,2.0,2,1059,32.8261,-96.7472,housing/rent/apartment,Thumbnail,TX
7142,1350,2.5,2,1059,30.3054,-97.7497,housing/rent/apartment,Thumbnail,TX
7143,1135,2.0,2,1059,35.7876,-78.781,housing/rent/apartment,Thumbnail,NC
7145,2966,2.0,2,1060,42.2517,-71.0162,housing/rent/apartment,Thumbnail,MA
7146,2900,2.0,2,1060,32.7876,-117.1265,housing/rent/apartment,Thumbnail,CA
7148,2250,1.0,2,1060,40.8206,-74.2133,housing/rent/apartment,Thumbnail,NJ
7149,2095,2.0,2,1060,40.6623,-74.2087,housing/rent/apartment,Yes,NJ
7151,1435,1.5,2,1060,39.0614,-76.8511,housing/rent/apartment,Thumbnail,MD
7152,1435,1.5,2,1060,39.0614,-76.8511,housing/rent/apartment,Thumbnail,MD
7153,1335,1.0,2,1060,43.0724,-89.4003,housing/rent/apartment,Thumbnail,WI
7155,1142,2.0,2,1060,32.8255,-97.1039,housing/rent/apartment,Yes,TX
7159,915,2.0,2,1060,42.3334,-89.0299,housing/rent/apartment,Thumbnail,IL
7160,775,1.0,2,1060,43.5329,-96.7265,housing/rent/apartment,Thumbnail,SD
7161,3397,2.0,2,1061,47.6156,-122.2109,housing/rent/apartment,Thumbnail,WA
7162,2065,2.0,2,1061,40.58,-74.4155,housing/rent/apartment,Thumbnail,NJ
7164,1195,2.0,2,1061,47.5126,-122.1934,housing/rent/apartment,Yes,WA
7165,4550,2.0,2,1062,42.3739,-71.1155,housing/rent/apartment,Thumbnail,MA
7166,1815,2.0,2,1062,39.266,-76.8455,housing/rent/apartment,Yes,MD
7167,1638,2.0,2,1062,32.8524,-97.0886,housing/rent/apartment,Yes,TX
7169,1992,2.0,2,1063,47.8616,-122.2729,housing/rent/apartment,Yes,WA
7171,1198,2.0,2,1063,38.9401,-92.3167,housing/rent/apartment,Thumbnail,MO
7173,925,2.0,2,1063,48.2469,-101.3017,housing/rent/apartment,Thumbnail,ND
7175,1550,2.0,2,1064,47.8016,-103.2801,housing/rent/apartment,Thumbnail,ND
7176,1518,2.0,2,1064,47.3045,-122.3726,housing/rent/apartment,Yes,WA
7177,1499,2.0,3,1064,29.5035,-95.0922,housing/rent/apartment,Thumbnail,TX
7178,1400,2.0,2,1064,36.7434,-76.2257,housing/rent/apartment,Thumbnail,VA
7179,575,2.0,2,1064,35.9728,-77.8304,housing/rent/apartment,Yes,NC
7180,2500,2.0,2,1065,44.9855,-93.3023,housing/rent/apartment,Thumbnail,MN
7182,1275,2.0,2,1065,38.8862,-104.7389,housing/rent/apartment,Yes,CO
7183,1275,2.0,2,1065,38.8862,-104.7389,housing/rent/apartment,No,CO
7184,877,2.0,2,1065,36.0646,-79.8238,housing/rent/apartment,Thumbnail,NC
7185,867,2.0,2,1065,36.0703,-79.7719,housing/rent/apartment,Thumbnail,NC
7187,1315,2.0,3,1066,44.7594,-93.2817,housing/rent/apartment,Thumbnail,MN
7188,1285,2.0,2,1066,39.3776,-76.706,housing/rent/apartment,Thumbnail,MD
7190,976,1.0,2,1067,43.7545,-87.7404,housing/rent/apartment,Thumbnail,WI
7191,850,2.0,2,1067,44.7897,-89.6859,housing/rent/apartment,Thumbnail,WI
7192,845,2.0,2,1067,43.8449,-88.8405,housing/rent/apartment,Thumbnail,WI
7193,1460,2.0,2,1068,36.1519,-79.8168,housing/rent/apartment,Thumbnail,NC
7194,1350,2.0,2,1068,39.9478,-74.9117,housing/rent/apartment,No,NJ
7195,1215,2.0,2,1068,36.0249,-78.4646,housing/rent/apartment,Thumbnail,NC
7197,1540,2.0,2,1069,39.0128,-76.9812,housing/rent/apartment,Thumbnail,MD
7199,1249,2.0,2,1069,32.8525,-97.1399,housing/rent/apartment,Yes,TX
7200,1079,2.0,2,1069,35.79,-78.9465,housing/rent/apartment,Thumbnail,NC
7202,2605,2.0,2,1070,40.2945,-73.9952,housing/rent/apartment,Thumbnail,NJ
7203,2550,2.0,3,1070,34.1378,-118.0247,housing/rent/apartment,Thumbnail,CA
7204,2430,2.0,2,1070,40.8234,-74.4534,housing/rent/apartment,No,NJ
7205,2200,1.0,2,1070,33.9136,-118.3527,housing/rent/apartment,Thumbnail,CA
7207,1705,1.0,2,1070,39.0947,-76.8189,housing/rent/apartment,Thumbnail,MD
7209,1240,2.0,2,1071,35.7488,-78.6369,housing/rent/apartment,Thumbnail,NC
7210,1100,2.0,3,1071,32.7636,-97.8034,housing/rent/apartment,Thumbnail,TX
7211,1765,2.0,2,1072,39.1088,-77.2384,housing/rent/apartment,Yes,MD
7212,1080,1.5,3,1072,29.8798,-90.068,housing/rent/apartment,Thumbnail,LA
7213,1039,2.0,2,1072,42.5859,-87.8552,housing/rent/apartment,Thumbnail,WI
7215,4124,2.0,2,1073,40.722,-74.0644,housing/rent/apartment,Yes,NJ
7216,2255,1.0,1,1073,32.8212,-96.7853,housing/rent/apartment,Thumbnail,TX
7217,1000,1.0,2,1073,44.29,-88.2727,housing/rent/apartment,Thumbnail,WI
7219,3385,2.0,2,1074,33.9855,-118.4532,housing/rent/apartment,Thumbnail,CA
7220,789,2.0,2,1074,44.2745,-88.4153,housing/rent/apartment,Thumbnail,WI
7221,770,2.0,2,1074,44.4367,-88.0697,housing/rent/apartment,Thumbnail,WI
7222,3200,1.0,2,1075,38.9118,-77.0132,housing/rent/apartment,Thumbnail,DC
7226,1350,1.5,2,1075,25.4867,-80.4599,housing/rent/apartment,Thumbnail,FL
7227,1199,1.0,2,1075,33.6047,-112.2456,housing/rent/apartment,Thumbnail,AZ
7228,1199,1.0,3,1075,38.8793,-104.8171,housing/rent/apartment,No,CO
7229,1185,1.0,1,1075,34.2494,-84.1748,housing/rent/apartment,Thumbnail,GA
7231,975,2.0,2,1075,43.9478,-88.0904,housing/rent/apartment,Thumbnail,WI
7232,970,2.0,2,1075,36.0652,-80.3179,housing/rent/apartment,Thumbnail,NC
7233,919,2.0,2,1075,35.9907,-78.9074,housing/rent/apartment,Yes,NC
7234,870,1.0,2,1075,47.9179,-97.0658,housing/rent/apartment,Thumbnail,ND
7237,1800,2.0,2,1076,34.0648,-84.0849,housing/rent/apartment,Thumbnail,GA
7238,1800,2.0,2,1076,34.0648,-84.0849,housing/rent/apartment,Thumbnail,GA
7239,1300,1.0,1,1076,42.7509,-73.6189,housing/rent/apartment,Thumbnail,NY
7240,600,2.0,2,1076,31.2654,-92.4142,housing/rent/apartment,Thumbnail,LA
7241,1910,2.0,2,1077,39.0747,-76.7017,housing/rent/apartment,Yes,MD
7242,1835,2.0,2,1077,39.0747,-76.7017,housing/rent/apartment,Yes,MD
7245,1100,2.0,2,1077,40.8717,-111.8905,housing/rent/apartment,Thumbnail,UT
7246,1050,1.0,2,1077,35.8269,-78.8335,housing/rent/apartment,Thumbnail,NC
7247,745,1.0,1,1078,44.5099,-88.0178,housing/rent/apartment,Thumbnail,WI
7248,2470,1.0,2,1079,47.8616,-122.2729,housing/rent/apartment,Yes,WA
7249,2625,1.5,3,1080,34.0372,-118.2972,housing/rent/apartment,Thumbnail,CA
7252,1235,1.0,2,1080,35.0462,-85.2352,housing/rent/apartment,Thumbnail,TN
7254,1139,2.0,2,1080,35.823,-78.6438,housing/rent/apartment,Thumbnail,NC
7257,995,2.0,2,1080,35.823,-78.6438,housing/rent/apartment,Thumbnail,NC
7259,925,2.0,3,1080,48.2469,-101.3017,housing/rent/apartment,Thumbnail,ND
7260,2120,2.0,2,1081,39.9288,-104.9456,housing/rent/apartment,Thumbnail,CO
7261,2200,2.5,2,1082,32.7331,-117.0332,housing/rent/apartment,Thumbnail,CA
7262,1764,2.0,2,1082,39.9478,-74.9117,housing/rent/apartment,Yes,NJ
7263,1395,2.0,2,1082,32.6924,-97.1324,housing/rent/apartment,Yes,TX
7266,3855,1.0,1,1084,32.8212,-96.7853,housing/rent/apartment,Thumbnail,TX
7267,1813,2.0,2,1084,39.2031,-76.7531,housing/rent/apartment,No,MD
7269,1672,2.0,2,1084,32.9314,-97.0956,housing/rent/apartment,Yes,TX
7271,1500,2.0,2,1084,32.5807,-97.138,housing/rent/apartment,Yes,TX
7272,1495,2.0,2,1084,48.7871,-122.4437,housing/rent/apartment,Thumbnail,WA
7274,1893,2.0,2,1085,32.8123,-96.8146,housing/rent/apartment,Thumbnail,TX
7275,1814,2.0,2,1085,38.9645,-76.9637,housing/rent/apartment,Thumbnail,MD
7276,1655,2.0,2,1085,39.0829,-77.0612,housing/rent/apartment,Yes,MD
7280,963,2.0,2,1085,36.0913,-79.2861,housing/rent/apartment,Thumbnail,NC
7281,695,1.0,2,1085,40.4969,-86.9659,housing/rent/apartment,Thumbnail,IN
7282,2045,2.0,2,1086,44.9855,-93.3023,housing/rent/apartment,Thumbnail,MN
7283,1501,2.0,2,1086,43.1318,-76.2098,housing/rent/apartment,Thumbnail,NY
7284,1356,2.0,2,1086,41.3138,-81.7454,housing/rent/apartment,Thumbnail,OH
7285,1658,2.0,2,1087,40.0083,-75.0101,housing/rent/apartment,Yes,NJ
7286,1638,2.0,2,1087,40.0083,-75.0101,housing/rent/apartment,Yes,NJ
7287,1575,2.0,2,1087,39.5255,-76.4321,housing/rent/apartment,Yes,MD
7288,1550,2.0,2,1087,36.0785,-94.1531,housing/rent/apartment,Thumbnail,AR
7289,1206,1.0,2,1087,45.0073,-92.9641,housing/rent/apartment,Thumbnail,MN
7290,838,2.0,2,1087,35.6982,-97.4325,housing/rent/apartment,Yes,OK
7291,3505,2.0,2,1088,40.789,-74.0122,housing/rent/apartment,Thumbnail,NJ
7292,2425,1.5,2,1088,34.1452,-118.7586,housing/rent/apartment,Thumbnail,CA
7294,1650,1.0,2,1088,41.5486,-90.5922,housing/rent/apartment,Thumbnail,IA
7295,1638,2.0,2,1088,39.0459,-104.8179,housing/rent/apartment,Yes,CO
7296,725,1.0,2,1088,36.116,-95.9281,housing/rent/apartment,Thumbnail,OK
7297,675,2.0,2,1088,33.4102,-90.8945,housing/rent/apartment,Thumbnail,MS
7298,1945,1.0,3,1089,45.5091,-122.6449,housing/rent/apartment,Thumbnail,OR
7300,2320,2.0,2,1090,39.7673,-105.0151,housing/rent/apartment,Thumbnail,CO
7301,2300,1.0,1,1090,40.918,-73.7837,housing/rent/apartment,Thumbnail,NY
7302,2119,2.0,2,1090,47.5582,-122.0044,housing/rent/apartment,Thumbnail,WA
7303,1879,2.0,2,1090,30.3054,-97.7497,housing/rent/apartment,Thumbnail,TX
7305,2219,2.0,2,1091,39.1088,-77.2384,housing/rent/apartment,Thumbnail,MD
7307,1195,2.0,2,1091,39.1912,-84.4615,housing/rent/apartment,Thumbnail,OH
7308,1650,1.0,2,1092,45.4851,-122.8349,housing/rent/apartment,Thumbnail,OR
7310,875,2.0,2,1092,48.2469,-101.3017,housing/rent/apartment,Thumbnail,ND
7312,2240,2.0,2,1093,47.7046,-122.1989,housing/rent/apartment,Thumbnail,WA
7313,2047,2.0,2,1093,40.4367,-74.2268,housing/rent/apartment,Thumbnail,NJ
7315,1694,2.0,2,1093,39.8502,-104.9699,housing/rent/apartment,Thumbnail,CO
7317,800,1.5,2,1093,33.7848,-84.3922,housing/rent/apartment,Thumbnail,GA
7318,3942,2.0,2,1094,34.0263,-118.4732,housing/rent/apartment,Yes,CA
7319,2220,2.0,2,1094,39.1649,-76.7156,housing/rent/apartment,Thumbnail,MD
7322,1025,2.0,2,1094,40.297,-79.9152,housing/rent/apartment,Thumbnail,PA
7324,1645,2.0,2,1095,39.5255,-76.4321,housing/rent/apartment,Thumbnail,MD
7326,1217,1.5,2,1095,32.7192,-97.1513,housing/rent/apartment,Yes,TX
7327,1095,2.0,2,1095,47.9179,-97.0658,housing/rent/apartment,Thumbnail,ND
7328,1040,2.0,2,1095,36.0703,-79.7719,housing/rent/apartment,Thumbnail,NC
7329,975,2.0,2,1095,43.4498,-88.6305,housing/rent/apartment,Thumbnail,WI
7330,1450,2.0,2,1096,26.1634,-80.1467,housing/rent/apartment,Thumbnail,FL
7331,1225,2.0,2,1096,47.4608,-122.2095,housing/rent/apartment,Thumbnail,WA
7332,1225,2.0,2,1096,47.3866,-122.2109,housing/rent/apartment,Thumbnail,WA
7333,1135,2.0,2,1096,39.05,-84.3439,housing/rent/apartment,Yes,OH
7335,2183,2.0,2,1097,42.9442,-71.5194,housing/rent/apartment,Thumbnail,NH
7336,2150,2.0,3,1097,47.5892,-122.0343,housing/rent/apartment,Thumbnail,WA
7338,1619,2.0,2,1097,38.8862,-104.7389,housing/rent/apartment,Yes,CO
7339,1480,2.0,2,1097,35.7695,-78.7966,housing/rent/apartment,Thumbnail,NC
7340,1061,1.5,1,1097,34.2027,-84.0733,housing/rent/apartment,Yes,GA
7341,1850,2.0,2,1098,39.0747,-76.7017,housing/rent/apartment,Yes,MD
7344,1600,1.0,1,1098,39.7789,-104.7545,housing/rent/apartment,Thumbnail,CO
7346,1194,2.5,2,1098,35.7585,-78.7783,housing/rent/apartment,Thumbnail,NC
7347,1184,2.5,2,1098,35.7585,-78.7783,housing/rent/apartment,Thumbnail,NC
7349,3179,2.0,2,1099,42.3362,-71.1037,housing/rent/apartment,Thumbnail,MA
7351,6200,1.0,1,1100,34.0806,-118.4029,housing/rent/apartment,Thumbnail,CA
7352,3800,2.0,2,1100,42.7234,-83.1474,housing/rent/apartment,Thumbnail,MI
7354,3500,2.0,3,1100,42.328,-71.071,housing/rent/apartment,Thumbnail,MA
7356,3200,1.0,2,1100,36.9873,-122.016,housing/rent/apartment,Thumbnail,CA
7357,3000,1.5,2,1100,42.2711,-83.745,housing/rent/apartment,Thumbnail,MI
7358,3000,2.0,2,1100,40.918,-73.7837,housing/rent/apartment,Thumbnail,NY
7359,2925,2.0,2,1100,40.7462,-74.0349,housing/rent/apartment,Thumbnail,NJ
7360,2905,2.0,2,1100,34.0308,-118.3974,housing/rent/apartment,Thumbnail,CA
7361,2900,1.0,2,1100,34.0075,-118.3941,housing/rent/apartment,Thumbnail,CA
7363,2895,1.0,2,1100,34.0314,-118.4885,housing/rent/apartment,Yes,CA
7364,2799,2.0,2,1100,47.5988,-122.1507,housing/rent/apartment,Thumbnail,WA
7365,2700,1.0,1,1100,34.0948,-118.3699,housing/rent/apartment,Thumbnail,CA
7366,2630,2.0,2,1100,40.2206,-74.7174,housing/rent/apartment,No,NJ
7367,2450,2.0,2,1100,33.8,-117.8367,housing/rent/apartment,Thumbnail,CA
7368,2350,2.0,3,1100,32.7876,-117.1265,housing/rent/apartment,Thumbnail,CA
7369,2200,1.0,2,1100,42.418,-71.1669,housing/rent/apartment,Yes,MA
7370,2155,1.5,2,1100,34.1913,-118.4575,housing/rent/apartment,Thumbnail,CA
7371,1995,2.0,2,1100,47.6794,-117.4018,housing/rent/apartment,Thumbnail,WA
7373,1895,1.0,3,1100,45.5091,-122.6449,housing/rent/apartment,Thumbnail,OR
7374,1850,1.0,3,1100,42.0876,-71.025,housing/rent/apartment,Thumbnail,MA
7375,1810,2.0,2,1100,34.2106,-118.6151,housing/rent/apartment,Thumbnail,CA
7377,1800,1.0,1,1100,33.9239,-117.6129,housing/rent/apartment,Thumbnail,CA
7379,1750,1.0,2,1100,38.6121,-90.2914,housing/rent/apartment,Thumbnail,MO
7381,1699,1.5,3,1100,37.53,-77.477,housing/rent/apartment,Thumbnail,VA
7386,1550,1.0,2,1100,40.58,-74.4155,housing/rent/apartment,Thumbnail,NJ
7387,1550,1.0,2,1100,44.4872,-73.2278,housing/rent/apartment,Thumbnail,VT
7388,1525,1.0,2,1100,41.6977,-71.1501,housing/rent/apartment,Thumbnail,MA
7390,1525,1.0,3,1100,43.0724,-89.4003,housing/rent/apartment,Thumbnail,WI
7391,1495,1.0,2,1100,33.5178,-112.0848,housing/rent/apartment,Thumbnail,AZ
7392,1490,1.0,3,1100,43.0724,-89.4003,housing/rent/apartment,Thumbnail,WI
7393,1465,2.0,2,1100,61.1723,-149.8414,housing/rent/apartment,Thumbnail,AK
7394,1450,2.0,2,1100,27.7873,-82.6772,housing/rent/apartment,Thumbnail,FL
7395,1400,2.0,3,1100,30.5118,-97.6873,housing/rent/apartment,Thumbnail,TX
7396,1399,2.0,2,1100,42.7449,-83.0073,housing/rent/apartment,Thumbnail,MI
7398,1350,2.5,3,1100,44.8424,-123.1863,housing/rent/apartment,Thumbnail,OR
7399,1349,1.0,2,1100,39.1471,-86.5136,housing/rent/apartment,Thumbnail,IN
7401,1300,1.0,2,1100,38.6274,-90.304,housing/rent/apartment,Thumbnail,MO
7402,1300,1.0,2,1100,40.7061,-111.9048,housing/rent/apartment,Thumbnail,UT
7403,1275,2.0,2,1100,41.5506,-72.0272,housing/rent/apartment,Thumbnail,CT
7404,1265,2.0,2,1100,42.7509,-73.6189,housing/rent/apartment,Thumbnail,NY
7405,1250,2.0,2,1100,40.7061,-111.9048,housing/rent/apartment,Thumbnail,UT
7406,1250,1.0,2,1100,39.8296,-75.0152,housing/rent/apartment,Yes,NJ
7407,1249,1.0,3,1100,35.2384,-80.7484,housing/rent/apartment,Thumbnail,NC
7409,1200,2.0,4,1100,40.5338,-75.7895,housing/rent/apartment,Thumbnail,PA
7410,1199,2.0,2,1100,33.8737,-84.5097,housing/rent/apartment,Yes,GA
7411,1135,2.0,2,1100,33.9295,-84.4662,housing/rent/apartment,Thumbnail,GA
7412,1132,2.0,2,1100,43.0531,-87.9659,housing/rent/apartment,Thumbnail,WI
7414,1100,2.0,3,1100,36.3267,-94.0643,housing/rent/apartment,Thumbnail,AR
7416,1099,2.0,2,1100,36.1147,-80.0915,housing/rent/apartment,Thumbnail,NC
7417,1099,2.0,2,1100,36.1147,-80.0915,housing/rent/apartment,Thumbnail,NC
7418,1050,1.0,2,1100,41.2562,-96.0404,housing/rent/apartment,Thumbnail,NE
7419,1050,2.0,2,1100,40.6498,-111.9625,housing/rent/apartment,Thumbnail,UT
7420,1050,2.0,2,1100,30.4415,-91.1012,housing/rent/apartment,Thumbnail,LA
7422,1010,2.0,2,1100,35.2016,-80.8124,housing/rent/apartment,Thumbnail,NC
7423,1000,2.0,2,1100,30.4415,-91.1012,housing/rent/apartment,Thumbnail,LA
7424,1000,2.0,2,1100,26.612,-81.9728,housing/rent/apartment,Thumbnail,FL
7425,999,1.0,2,1100,43.0531,-87.9659,housing/rent/apartment,Thumbnail,WI
7426,990,1.5,2,1100,35.8036,-78.6974,housing/rent/apartment,Thumbnail,NC
7427,950,2.0,3,1100,33.8037,-85.7689,housing/rent/apartment,Thumbnail,AL
7428,925,2.0,2,1100,33.9295,-84.4662,housing/rent/apartment,Yes,GA
7431,895,1.0,2,1100,35.6757,-97.4949,housing/rent/apartment,Thumbnail,OK
7432,895,2.0,2,1100,36.2548,-115.5263,housing/rent/apartment,Thumbnail,NV
7433,895,2.0,2,1100,36.2548,-115.5263,housing/rent/apartment,Thumbnail,NV
7434,895,2.0,2,1100,36.2548,-115.5263,housing/rent/apartment,Thumbnail,NV
7435,895,2.0,2,1100,36.2548,-115.5263,housing/rent/apartment,Thumbnail,NV
7436,888,1.5,2,1100,39.6915,-84.1533,housing/rent/apartment,Thumbnail,OH
7437,855,2.0,2,1100,36.0909,-79.9272,housing/rent/apartment,Thumbnail,NC
7438,850,2.0,2,1100,41.2562,-96.0404,housing/rent/apartment,Thumbnail,NE
7440,825,2.0,3,1100,34.8226,-82.5798,housing/rent/apartment,Thumbnail,SC
7441,800,1.0,3,1100,42.7199,-84.5731,housing/rent/apartment,Thumbnail,MI
7442,795,1.5,2,1100,40.8806,-81.5897,housing/rent/apartment,Thumbnail,OH
7447,750,1.0,3,1100,32.4637,-95.2804,housing/rent/apartment,Thumbnail,TX
7450,1149,1.0,3,1101,33.7848,-84.3922,housing/rent/apartment,Thumbnail,GA
7451,985,2.0,2,1101,35.3718,-77.9282,housing/rent/apartment,Thumbnail,NC
7452,1090,2.0,2,1102,39.05,-84.3439,housing/rent/apartment,Yes,OH
7453,2992,2.0,2,1103,34.1474,-118.1391,housing/rent/apartment,Thumbnail,CA
7454,2992,2.0,2,1103,34.1474,-118.1391,housing/rent/apartment,Yes,CA
7455,2944,2.0,2,1103,42.3157,-71.2073,housing/rent/apartment,Thumbnail,MA
7456,1789,2.0,2,1103,39.9478,-74.9117,housing/rent/apartment,Thumbnail,NJ
7457,1595,2.0,2,1103,38.8862,-104.7389,housing/rent/apartment,Yes,CO
7459,2791,2.0,2,1104,47.5311,-122.0679,housing/rent/apartment,Yes,WA
7460,2791,2.0,2,1104,47.5311,-122.0679,housing/rent/apartment,No,WA
7462,2462,2.0,2,1104,39.0521,-77.119,housing/rent/apartment,Thumbnail,MD
7465,1695,2.0,2,1104,40.5853,-105.0839,housing/rent/apartment,Yes,CO
7466,1210,2.0,2,1104,33.9295,-84.4662,housing/rent/apartment,Thumbnail,GA
7467,1202,2.0,2,1104,41.645,-83.5484,housing/rent/apartment,Thumbnail,OH
7468,1175,2.0,4,1104,35.4047,-80.6098,housing/rent/apartment,Thumbnail,NC
7469,895,1.5,2,1104,38.9451,-95.219,housing/rent/apartment,Thumbnail,KS
7470,2690,2.0,2,1105,40.8342,-73.9735,housing/rent/apartment,Thumbnail,NJ
7471,2165,2.0,3,1105,47.3949,-122.0287,housing/rent/apartment,Yes,WA
7472,2165,2.0,3,1105,47.3949,-122.0287,housing/rent/apartment,Yes,WA
7474,2050,2.0,2,1105,39.1649,-76.7156,housing/rent/apartment,Thumbnail,MD
7476,599,1.5,3,1105,45.8801,-87.0476,housing/rent/apartment,Thumbnail,MI
7477,1895,2.0,2,1106,44.9368,-93.3605,housing/rent/apartment,Thumbnail,MN
7478,1332,2.0,3,1106,37.3382,-77.4495,housing/rent/apartment,Thumbnail,VA
7480,725,1.0,2,1106,44.3024,-75.4157,housing/rent/apartment,Thumbnail,NY
7481,1650,2.0,3,1107,29.4624,-98.5253,housing/rent/apartment,Thumbnail,TX
7484,1100,2.0,2,1109,35.6217,-97.4702,housing/rent/apartment,Yes,OK
7485,1100,2.0,2,1109,35.6217,-97.4702,housing/rent/apartment,Yes,OK
7486,1050,2.0,2,1109,35.6217,-97.4702,housing/rent/apartment,Yes,OK
7487,1050,2.0,2,1109,35.6217,-97.4702,housing/rent/apartment,Yes,OK
7488,2296,1.0,4,1110,40.1145,-88.2723,housing/rent/apartment,Thumbnail,IL
7490,1643,2.0,2,1110,39.065,-76.9815,housing/rent/apartment,Thumbnail,MD
7491,1499,2.0,3,1110,27.3181,-82.4987,housing/rent/apartment,Thumbnail,FL
7492,1428,2.0,2,1110,28.0763,-82.7582,housing/rent/apartment,Thumbnail,FL
7493,1399,2.0,2,1110,27.3181,-82.4987,housing/rent/apartment,Thumbnail,FL
7494,1315,2.0,2,1110,30.3054,-97.7497,housing/rent/apartment,Thumbnail,TX
7495,1029,2.0,2,1110,40.11,-83.1087,housing/rent/apartment,Thumbnail,OH
7496,910,2.0,2,1110,46.8608,-96.8096,housing/rent/apartment,Thumbnail,ND
7498,1350,2.0,2,1111,28.4544,-81.7641,housing/rent/apartment,Thumbnail,FL
7499,2725,2.0,3,1112,41.8625,-87.6825,housing/rent/apartment,Thumbnail,IL
7500,1395,1.0,1,1112,43.1153,-89.5249,housing/rent/apartment,Thumbnail,WI
7502,1200,1.0,2,1112,41.8821,-87.8767,housing/rent/apartment,Thumbnail,IL
7503,2899,1.5,1,1113,45.5091,-122.6449,housing/rent/apartment,Thumbnail,OR
7504,2875,2.0,2,1113,40.7766,-74.3914,housing/rent/apartment,Thumbnail,NJ
7505,2850,2.0,2,1113,40.7766,-74.3914,housing/rent/apartment,Thumbnail,NJ
7506,2651,2.0,2,1113,40.7766,-74.3914,housing/rent/apartment,Thumbnail,NJ
7507,1322,2.0,2,1113,33.7289,-84.1257,housing/rent/apartment,Yes,GA
7508,1315,2.0,2,1113,36.7434,-76.2257,housing/rent/apartment,Thumbnail,VA
7509,1204,2.0,2,1113,35.7863,-78.4845,housing/rent/apartment,Thumbnail,NC
7510,3300,1.0,3,1114,42.328,-71.071,housing/rent/apartment,Thumbnail,MA
7511,1400,2.0,2,1114,39.1679,-84.4933,housing/rent/apartment,Thumbnail,OH
7512,1218,2.0,2,1114,35.4569,-79.0546,housing/rent/apartment,Thumbnail,NC
7513,2082,2.0,2,1115,39.2144,-76.8797,housing/rent/apartment,Yes,MD
7514,1699,2.0,2,1115,39.2031,-76.7531,housing/rent/apartment,Thumbnail,MD
7515,1630,2.0,2,1115,39.905,-74.9965,housing/rent/apartment,Thumbnail,NJ
7516,1630,2.0,2,1115,39.905,-74.9965,housing/rent/apartment,Thumbnail,NJ
7518,1225,2.0,3,1115,36.193,-115.2946,housing/rent/apartment,Thumbnail,NV
7519,963,2.0,2,1115,36.0714,-79.7947,housing/rent/apartment,Thumbnail,NC
7520,2077,1.5,2,1116,33.9059,-118.0073,housing/rent/apartment,Yes,CA
7524,2340,2.0,2,1117,39.1649,-76.7156,housing/rent/apartment,Yes,MD
7525,1995,1.5,1,1117,47.616,-122.3275,housing/rent/apartment,Thumbnail,WA
7526,1299,2.0,3,1117,35.4851,-80.6145,housing/rent/apartment,Thumbnail,NC
7527,2100,2.0,2,1118,38.7999,-77.1072,housing/rent/apartment,Thumbnail,VA
7528,1100,2.0,3,1118,38.8873,-94.7691,housing/rent/apartment,Yes,KS
7529,2620,2.0,2,1119,40.7647,-74.2119,housing/rent/apartment,Thumbnail,NJ
7530,2355,1.0,1,1119,42.2094,-70.999,housing/rent/apartment,Thumbnail,MA
7531,2355,1.0,1,1119,42.2094,-70.999,housing/rent/apartment,Thumbnail,MA
7532,1895,2.0,2,1119,35.823,-78.6438,housing/rent/apartment,Thumbnail,NC
7533,1299,2.0,3,1119,35.4047,-80.6098,housing/rent/apartment,Thumbnail,NC
7535,1185,2.0,2,1119,34.0072,-84.0034,housing/rent/apartment,Thumbnail,GA
7536,2850,2.0,3,1120,33.6613,-117.9116,housing/rent/apartment,Thumbnail,CA
7537,2286,2.0,2,1120,41.0133,-74.3321,housing/rent/apartment,Thumbnail,NJ
7538,2265,2.0,2,1120,41.0133,-74.3321,housing/rent/apartment,Thumbnail,NJ
7539,1775,2.0,2,1120,39.6951,-75.124,housing/rent/apartment,Thumbnail,NJ
7540,1715,2.0,2,1120,39.0761,-77.1247,housing/rent/apartment,Thumbnail,MD
7542,1600,2.0,2,1120,37.0451,-76.3664,housing/rent/apartment,Thumbnail,VA
7544,1499,1.5,3,1120,44.7466,-93.2018,housing/rent/apartment,Thumbnail,MN
7546,1225,2.0,2,1120,32.7767,-97.0816,housing/rent/apartment,Thumbnail,TX
7547,1125,2.0,3,1120,34.0505,-81.0098,housing/rent/apartment,Thumbnail,SC
7548,995,2.0,3,1120,47.9179,-97.0658,housing/rent/apartment,Thumbnail,ND
7549,2850,2.0,2,1121,40.862,-74.4061,housing/rent/apartment,Thumbnail,NJ
7550,2100,2.0,2,1121,38.1623,-122.2494,housing/rent/apartment,Thumbnail,CA
7551,1705,2.0,2,1121,39.6462,-119.6975,housing/rent/apartment,Thumbnail,NV
7552,1649,2.0,3,1121,47.8318,-122.2834,housing/rent/apartment,Thumbnail,WA
7553,1599,1.0,2,1121,34.0791,-84.2039,housing/rent/apartment,Thumbnail,GA
7554,1494,2.0,2,1121,35.823,-78.6438,housing/rent/apartment,Yes,NC
7555,802,2.0,3,1121,35.5173,-97.3474,housing/rent/apartment,Yes,OK
7556,2025,2.0,2,1122,40.6949,-74.2704,housing/rent/apartment,Thumbnail,NJ
7559,1275,2.0,3,1122,30.0871,-95.4685,housing/rent/apartment,Thumbnail,TX
7560,1200,2.0,2,1122,44.9056,-89.5715,housing/rent/apartment,Thumbnail,WI
7561,3776,2.0,2,1123,38.9799,-77.0798,housing/rent/apartment,Thumbnail,MD
7562,2395,2.0,2,1123,39.1527,-76.9306,housing/rent/apartment,Thumbnail,MD
7563,2345,2.0,2,1123,39.1527,-76.9306,housing/rent/apartment,Thumbnail,MD
7564,2093,1.0,1,1123,47.5481,-122.0471,housing/rent/apartment,Thumbnail,WA
7565,2093,1.0,1,1123,47.5582,-122.0044,housing/rent/apartment,Thumbnail,WA
7566,1700,2.0,2,1123,30.6554,-91.1346,housing/rent/apartment,Thumbnail,LA
7567,1549,2.0,2,1123,36.1132,-115.2754,housing/rent/apartment,Thumbnail,NV
7568,1470,2.0,2,1123,32.5807,-97.138,housing/rent/apartment,Thumbnail,TX
7569,1449,2.0,2,1123,36.1132,-115.2754,housing/rent/apartment,Thumbnail,NV
7570,1449,2.0,2,1123,36.1536,-115.1965,housing/rent/apartment,Thumbnail,NV
7571,1088,2.0,2,1123,41.3675,-82.1146,housing/rent/apartment,Thumbnail,OH
7572,1516,2.0,2,1124,32.8524,-97.0886,housing/rent/apartment,Thumbnail,TX
7573,1373,2.0,2,1124,43.2244,-88.1451,housing/rent/apartment,Thumbnail,WI
7574,1295,1.0,1,1124,33.5178,-112.0848,housing/rent/apartment,Thumbnail,AZ
7575,1274,1.0,2,1124,39.4915,-76.6609,housing/rent/apartment,No,MD
7576,825,1.0,3,1124,48.2469,-101.3017,housing/rent/apartment,Thumbnail,ND
7577,598,2.0,2,1124,38.9583,-95.2769,housing/rent/apartment,Thumbnail,KS
7578,2995,2.0,2,1125,40.7925,-74.0215,housing/rent/apartment,Yes,NJ
7579,2950,2.0,2,1125,40.8206,-74.2133,housing/rent/apartment,Thumbnail,NJ
7580,1950,2.0,2,1125,34.1751,-79.7643,housing/rent/apartment,Thumbnail,SC
7582,1540,1.0,2,1125,43.0724,-89.4003,housing/rent/apartment,Thumbnail,WI
7583,1405,2.0,2,1125,34.0791,-84.2039,housing/rent/apartment,Thumbnail,GA
7584,1250,2.0,2,1125,36.2336,-115.2906,housing/rent/apartment,Thumbnail,NV
7585,944,1.0,2,1125,39.7953,-86.1387,housing/rent/apartment,Thumbnail,IN
7586,694,2.0,3,1125,39.76,-94.8272,housing/rent/apartment,Thumbnail,MO
7587,4797,2.0,2,1126,40.722,-74.0644,housing/rent/apartment,Yes,NJ
7588,4654,2.0,2,1126,40.722,-74.0644,housing/rent/apartment,Yes,NJ
7589,2899,2.0,2,1126,34.1656,-118.3916,housing/rent/apartment,Thumbnail,CA
7590,2295,2.0,3,1126,43.0724,-89.4003,housing/rent/apartment,Thumbnail,WI
7592,2295,2.0,3,1126,43.0724,-89.4003,housing/rent/apartment,Thumbnail,WI
7593,1905,2.0,2,1126,39.266,-76.8455,housing/rent/apartment,Yes,MD
7594,1100,2.0,2,1126,42.0259,-93.6516,housing/rent/apartment,Thumbnail,IA
7595,1795,2.0,2,1127,43.0531,-87.9659,housing/rent/apartment,Thumbnail,WI
7596,3796,2.0,2,1128,42.3362,-71.1037,housing/rent/apartment,Thumbnail,MA
7597,1515,2.0,2,1128,45.5223,-122.9416,housing/rent/apartment,Thumbnail,OR
7598,1199,2.0,3,1128,33.7218,-84.744,housing/rent/apartment,Thumbnail,GA
7599,920,1.0,1,1128,42.746,-90.4961,housing/rent/apartment,Thumbnail,WI
7600,3281,2.0,2,1129,34.07,-118.3501,housing/rent/apartment,Thumbnail,CA
7601,3145,2.0,2,1129,40.789,-74.0122,housing/rent/apartment,Yes,NJ
7602,2285,2.0,2,1129,39.1396,-77.1914,housing/rent/apartment,Thumbnail,MD
7603,1700,2.0,2,1129,30.6554,-91.1346,housing/rent/apartment,Thumbnail,LA
7604,1580,2.0,2,1129,38.6968,-104.6969,housing/rent/apartment,Yes,CO
7605,1560,1.0,3,1129,43.0724,-89.4003,housing/rent/apartment,Thumbnail,WI
7606,1199,2.0,3,1129,30.0871,-95.4685,housing/rent/apartment,Thumbnail,TX
7607,1050,2.0,3,1129,41.247,-81.3442,housing/rent/apartment,Thumbnail,OH
7608,1962,2.0,2,1130,39.0275,-77.3955,housing/rent/apartment,Thumbnail,VA
7609,1743,2.0,1,1130,39.1634,-76.6165,housing/rent/apartment,Thumbnail,MD
7610,1600,2.0,2,1130,44.8653,-93.4749,housing/rent/apartment,Thumbnail,MN
7611,1544,2.0,2,1130,36.0402,-86.6385,housing/rent/apartment,Thumbnail,TN
7613,1371,2.0,2,1130,35.7887,-78.6531,housing/rent/apartment,Yes,NC
7614,1350,1.5,3,1130,36.0284,-78.9059,housing/rent/apartment,Thumbnail,NC
7615,1200,2.0,2,1130,35.6101,-78.4715,housing/rent/apartment,Thumbnail,NC
7617,900,2.0,2,1130,46.8608,-96.8096,housing/rent/apartment,Thumbnail,ND
7618,890,2.0,2,1130,43.5329,-96.7265,housing/rent/apartment,Thumbnail,SD
7621,1514,2.0,2,1131,27.3216,-82.4763,housing/rent/apartment,Thumbnail,FL
7622,1328,2.0,2,1131,36.7434,-76.2257,housing/rent/apartment,Thumbnail,VA
7623,645,1.5,3,1131,39.0379,-83.1012,housing/rent/apartment,Yes,OH
7626,1765,2.0,2,1132,47.4608,-122.2095,housing/rent/apartment,Thumbnail,WA
7628,1365,1.0,3,1132,43.0724,-89.4003,housing/rent/apartment,Thumbnail,WI
7629,895,2.0,2,1132,35.2441,-97.4144,housing/rent/apartment,Yes,OK
7630,2900,2.0,2,1133,47.616,-122.3275,housing/rent/apartment,Thumbnail,WA
7631,1610,2.0,2,1133,41.7773,-72.5249,housing/rent/apartment,Thumbnail,CT
7632,1130,2.0,2,1133,40.4261,-79.7631,housing/rent/apartment,Thumbnail,PA
7633,979,2.0,2,1133,29.4624,-98.5253,housing/rent/apartment,Thumbnail,TX
7634,3090,2.0,2,1134,40.789,-74.0122,housing/rent/apartment,Yes,NJ
7635,2450,1.0,2,1134,40.0054,-75.1415,housing/rent/apartment,Thumbnail,PA
7636,1931,2.0,2,1134,39.0747,-76.7017,housing/rent/apartment,Yes,MD
7637,1800,2.0,2,1134,39.736,-104.9819,housing/rent/apartment,Thumbnail,CO
7638,1699,1.0,3,1134,38.5587,-121.432,housing/rent/apartment,Thumbnail,CA
7639,1500,1.5,2,1134,42.422,-83.4721,housing/rent/apartment,Thumbnail,MI
7640,1375,2.0,3,1134,35.6101,-78.4715,housing/rent/apartment,Thumbnail,NC
7642,1325,2.0,3,1134,32.7636,-97.8034,housing/rent/apartment,Thumbnail,TX
7643,930,1.5,2,1134,41.6371,-81.417,housing/rent/apartment,Thumbnail,OH
7644,3565,2.0,2,1135,40.789,-74.0122,housing/rent/apartment,Yes,NJ
7645,2650,2.0,2,1135,40.8367,-74.1027,housing/rent/apartment,Thumbnail,NJ
7646,1745,2.0,2,1135,32.4797,-96.9807,housing/rent/apartment,No,TX
7647,1685,2.0,2,1135,32.4797,-96.9807,housing/rent/apartment,No,TX
7649,3167,2.0,2,1136,47.6869,-122.1896,housing/rent/apartment,Thumbnail,WA
7650,2345,2.5,2,1136,45.5091,-122.6449,housing/rent/apartment,Thumbnail,OR
7651,1460,2.0,2,1136,36.4688,-78.2924,housing/rent/apartment,Thumbnail,NC
7652,1270,2.0,2,1136,32.8281,-97.145,housing/rent/apartment,Yes,TX
7653,1220,2.0,2,1136,36.2336,-115.2906,housing/rent/apartment,Thumbnail,NV
7655,1145,1.0,2,1136,39.3754,-76.8054,housing/rent/apartment,Yes,MD
7657,1065,1.0,2,1136,39.3754,-76.8054,housing/rent/apartment,Yes,MD
7658,1119,2.0,3,1137,29.5364,-81.2274,housing/rent/apartment,Thumbnail,FL
7659,1890,2.0,3,1138,39.0984,-76.9349,housing/rent/apartment,Thumbnail,MD
7660,1650,1.0,3,1138,43.0724,-89.4003,housing/rent/apartment,Thumbnail,WI
7663,1400,2.0,2,1138,40.6057,-80.2842,housing/rent/apartment,Yes,PA
7665,1009,1.5,2,1138,28.9283,-81.9227,housing/rent/apartment,Thumbnail,FL
7667,2040,2.0,2,1139,41.7566,-72.689,housing/rent/apartment,Thumbnail,CT
7668,1900,2.0,2,1139,41.8407,-72.7423,housing/rent/apartment,Yes,CT
7669,1595,2.0,2,1139,34.0467,-84.3786,housing/rent/apartment,Yes,GA
7670,995,2.0,3,1139,42.0259,-93.6516,housing/rent/apartment,Thumbnail,IA
7671,5000,2.0,3,1140,37.3905,-122.0796,housing/rent/apartment,Thumbnail,CA
7673,3650,2.0,2,1140,40.722,-74.0644,housing/rent/apartment,Thumbnail,NJ
7674,1400,2.0,2,1140,42.4869,-92.3426,housing/rent/apartment,Thumbnail,IA
7675,1395,2.0,2,1140,40.5059,-80.1869,housing/rent/apartment,Yes,PA
7676,1280,2.0,2,1140,36.1198,-115.0497,housing/rent/apartment,Thumbnail,NV
7677,1245,1.5,2,1140,39.7475,-75.0223,housing/rent/apartment,Thumbnail,NJ
7678,1092,2.0,2,1140,40.4256,-79.7634,housing/rent/apartment,Thumbnail,PA
7680,1050,2.0,2,1140,43.4614,-88.8407,housing/rent/apartment,Thumbnail,WI
7681,1049,2.0,3,1140,33.7218,-84.744,housing/rent/apartment,Thumbnail,GA
7682,775,2.0,2,1140,46.8608,-96.8096,housing/rent/apartment,Thumbnail,ND
7684,3489,2.0,2,1141,34.0998,-118.3265,housing/rent/apartment,Thumbnail,CA
7685,1584,2.0,2,1141,40.0083,-75.0101,housing/rent/apartment,Yes,NJ
7686,1483,2.0,2,1141,36.1036,-80.2159,housing/rent/apartment,Thumbnail,NC
7687,1419,2.0,2,1141,34.1222,-84.2975,housing/rent/apartment,Thumbnail,GA
7688,1295,2.0,2,1141,43.0724,-89.4003,housing/rent/apartment,Thumbnail,WI
7690,2400,2.0,2,1143,25.7681,-80.2033,housing/rent/apartment,Thumbnail,FL
7691,2000,2.0,2,1143,32.8212,-96.7853,housing/rent/apartment,Thumbnail,TX
7693,990,2.0,2,1143,36.1147,-80.0915,housing/rent/apartment,Thumbnail,NC
7694,4272,2.0,2,1144,40.722,-74.0644,housing/rent/apartment,Yes,NJ
7695,2195,2.0,2,1144,47.4831,-122.1298,housing/rent/apartment,Yes,WA
7696,2191,2.0,2,1144,40.3663,-74.6688,housing/rent/apartment,Yes,NJ
7697,1500,2.0,2,1144,32.8212,-96.7853,housing/rent/apartment,Thumbnail,TX
7698,1123,2.0,2,1144,35.7589,-78.778,housing/rent/apartment,Thumbnail,NC
7700,1118,2.0,2,1144,35.7589,-78.778,housing/rent/apartment,Thumbnail,NC
7701,825,2.0,2,1144,43.7815,-88.4411,housing/rent/apartment,Thumbnail,WI
7703,1450,2.0,2,1145,35.9999,-78.9413,housing/rent/apartment,Yes,NC
7705,1065,1.5,1,1145,43.5329,-96.7265,housing/rent/apartment,Thumbnail,SD
7706,2689,2.0,2,1147,39.2144,-76.8797,housing/rent/apartment,Thumbnail,MD
7708,2835,3.0,3,1148,39.9974,-82.9829,housing/rent/apartment,Thumbnail,OH
7709,2400,2.0,2,1148,30.3054,-97.7497,housing/rent/apartment,Thumbnail,TX
7710,2195,2.0,2,1148,39.1649,-76.7156,housing/rent/apartment,Thumbnail,MD
7711,1850,2.0,2,1148,39.1535,-84.4264,housing/rent/apartment,Thumbnail,OH
7713,1025,1.5,2,1148,36.5351,-87.3442,housing/rent/apartment,Thumbnail,TN
7714,5900,1.0,1,1149,37.7599,-122.4379,housing/rent/apartment,Thumbnail,CA
7715,1270,2.0,2,1149,30.3054,-97.7497,housing/rent/apartment,Thumbnail,TX
7716,5790,2.0,2,1150,34.063,-118.4363,housing/rent/apartment,Thumbnail,CA
7717,3750,2.0,2,1150,34.0231,-118.4811,housing/rent/apartment,Thumbnail,CA
7718,2695,1.5,2,1150,34.0372,-118.2972,housing/rent/apartment,Thumbnail,CA
7721,2171,2.0,2,1150,47.6829,-122.1209,housing/rent/apartment,Thumbnail,WA
7722,2101,2.0,2,1150,47.6829,-122.1209,housing/rent/apartment,Thumbnail,WA
7723,1995,2.0,2,1150,41.4682,-73.3892,housing/rent/apartment,Thumbnail,CT
7724,1900,2.0,4,1150,40.1171,-88.1889,housing/rent/apartment,Thumbnail,IL
7726,1800,1.5,2,1150,40.855,-74.2778,housing/rent/apartment,Thumbnail,NJ
7727,1488,1.5,3,1150,39.4276,-76.7727,housing/rent/apartment,Yes,MD
7729,1429,2.0,2,1150,30.3054,-97.7497,housing/rent/apartment,Thumbnail,TX
7730,1350,2.0,3,1150,36.2643,-86.712,housing/rent/apartment,Thumbnail,TN
7731,1150,1.0,2,1150,40.5734,-111.8511,housing/rent/apartment,Thumbnail,UT
7732,1150,1.0,2,1150,40.6149,-111.8816,housing/rent/apartment,Thumbnail,UT
7733,1130,2.0,2,1150,33.9295,-84.4662,housing/rent/apartment,Thumbnail,GA
7734,1050,1.0,3,1150,42.0259,-93.6516,housing/rent/apartment,Thumbnail,IA
7735,1050,1.5,3,1150,42.0259,-93.6516,housing/rent/apartment,Thumbnail,IA
7737,895,1.5,2,1150,34.7754,-84.9497,housing/rent/apartment,Thumbnail,GA
7738,875,1.5,2,1150,33.8091,-84.238,housing/rent/apartment,Yes,GA
7739,850,1.0,3,1150,43.047,-76.156,housing/rent/apartment,Thumbnail,NY
7740,775,1.5,2,1150,33.8091,-84.238,housing/rent/apartment,Thumbnail,GA
7741,775,1.5,2,1150,33.8091,-84.238,housing/rent/apartment,Thumbnail,GA
7742,775,1.5,2,1150,33.8091,-84.238,housing/rent/apartment,Thumbnail,GA
7744,2710,2.0,2,1151,40.7647,-74.2119,housing/rent/apartment,Thumbnail,NJ
7745,2375,1.0,1,1151,41.5073,-81.6046,housing/rent/apartment,Thumbnail,OH
7746,1875,1.5,3,1152,40.5649,-105.0824,housing/rent/apartment,Thumbnail,CO
7747,1825,2.0,2,1152,27.2467,-82.4882,housing/rent/apartment,Thumbnail,FL
7748,1795,2.0,3,1152,39.0747,-76.7017,housing/rent/apartment,No,MD
7749,1554,2.0,2,1152,40.1612,-104.9655,housing/rent/apartment,Thumbnail,CO
7750,1475,2.0,3,1152,33.6047,-112.2456,housing/rent/apartment,Thumbnail,AZ
7751,1249,2.0,2,1152,40.1991,-88.393,housing/rent/apartment,Thumbnail,IL
7752,1244,2.0,3,1152,32.9158,-96.8961,housing/rent/apartment,Thumbnail,TX
7754,1000,2.5,2,1152,37.3961,-79.1892,housing/rent/apartment,Thumbnail,VA
7755,797,2.0,2,1152,36.1147,-80.0915,housing/rent/apartment,Thumbnail,NC
7757,780,1.5,2,1152,35.471,-97.5299,housing/rent/apartment,Thumbnail,OK
7758,1277,2.0,2,1153,30.3054,-97.7497,housing/rent/apartment,Thumbnail,TX
7760,2347,2.0,2,1154,33.9566,-118.117,housing/rent/apartment,Thumbnail,CA
7761,1700,2.0,2,1154,38.9577,-104.7566,housing/rent/apartment,Yes,CO
7762,1179,2.0,2,1154,35.6101,-78.4715,housing/rent/apartment,Thumbnail,NC
7763,1179,2.0,2,1154,35.6101,-78.4715,housing/rent/apartment,Thumbnail,NC
7764,1095,2.0,2,1154,33.6795,-84.1596,housing/rent/apartment,Thumbnail,GA
7765,1095,2.0,2,1154,33.6795,-84.1596,housing/rent/apartment,Thumbnail,GA
7766,1095,2.0,2,1154,33.6795,-84.1596,housing/rent/apartment,Yes,GA
7767,1095,2.0,2,1154,33.6795,-84.1596,housing/rent/apartment,Yes,GA
7770,2950,1.5,1,1155,34.1474,-118.1391,housing/rent/apartment,Yes,CA
7772,2000,2.0,4,1155,39.9974,-82.9829,housing/rent/apartment,Thumbnail,OH
7773,1420,2.0,3,1155,36.193,-115.2946,housing/rent/apartment,Thumbnail,NV
7777,2203,2.0,2,1158,39.0359,-76.6726,housing/rent/apartment,Thumbnail,MD
7778,1945,2.0,2,1158,38.8826,-76.7646,housing/rent/apartment,Thumbnail,MD
7779,1454,2.0,2,1158,32.6548,-97.1587,housing/rent/apartment,Thumbnail,TX
7780,1515,2.0,2,1159,39.1088,-77.2384,housing/rent/apartment,Thumbnail,MD
7781,1349,2.0,2,1159,35.524,-81.5988,housing/rent/apartment,Yes,NC
7782,962,2.0,3,1159,39.8054,-84.0178,housing/rent/apartment,Thumbnail,OH
7783,2205,2.0,2,1160,37.1892,-93.2908,housing/rent/apartment,Thumbnail,MO
7784,1525,2.0,2,1160,43.1984,-73.6783,housing/rent/apartment,Thumbnail,NY
7785,1191,2.5,2,1160,39.3374,-84.4058,housing/rent/apartment,Thumbnail,OH
7787,2140,2.0,2,1161,47.7179,-122.2059,housing/rent/apartment,Thumbnail,WA
7789,1185,2.0,2,1161,39.267,-84.2921,housing/rent/apartment,Thumbnail,OH
7790,1776,2.0,2,1162,32.9661,-96.7988,housing/rent/apartment,Thumbnail,TX
7791,1690,2.0,2,1162,32.8123,-96.8146,housing/rent/apartment,Thumbnail,TX
7792,1650,2.0,3,1162,25.4867,-80.4599,housing/rent/apartment,Thumbnail,FL
7794,1240,2.5,2,1162,35.9907,-78.9074,housing/rent/apartment,No,NC
7795,1140,2.5,2,1162,35.9751,-78.8392,housing/rent/apartment,No,NC
7796,2385,2.0,2,1163,40.7925,-74.0215,housing/rent/apartment,Yes,NJ
7797,1550,1.5,2,1163,32.8212,-96.7853,housing/rent/apartment,Thumbnail,TX
7799,4360,2.0,2,1164,34.0263,-118.4732,housing/rent/apartment,Yes,CA
7800,4207,2.0,2,1164,40.722,-74.0644,housing/rent/apartment,Yes,NJ
7801,2200,1.5,2,1164,33.8154,-118.037,housing/rent/apartment,Thumbnail,CA
7802,1625,2.0,2,1164,40.1068,-74.341,housing/rent/apartment,Thumbnail,NJ
7803,1150,1.5,2,1164,32.8239,-96.681,housing/rent/apartment,Thumbnail,TX
7804,1299,2.0,3,1165,35.4796,-80.8231,housing/rent/apartment,Thumbnail,NC
7805,1210,1.0,1,1166,30.5797,-98.2721,housing/rent/apartment,Thumbnail,TX
7806,1025,1.5,3,1166,34.7264,-92.348,housing/rent/apartment,Thumbnail,AR
7807,4120,2.0,2,1167,34.0394,-118.2656,housing/rent/apartment,Thumbnail,CA
7808,1510,2.0,2,1167,39.4276,-76.7727,housing/rent/apartment,Yes,MD
7809,1250,1.5,2,1167,43.5329,-96.7265,housing/rent/apartment,Thumbnail,SD
7811,2020,2.0,2,1168,39.1008,-76.8827,housing/rent/apartment,Thumbnail,MD
7812,1400,2.0,3,1168,38.8098,-89.9522,housing/rent/apartment,Thumbnail,IL
7813,1205,2.0,2,1169,32.8255,-97.1039,housing/rent/apartment,Thumbnail,TX
7814,7900,2.0,2,1170,34.079,-118.379,housing/rent/apartment,Thumbnail,CA
7815,7400,2.0,5,1170,37.7599,-122.4379,housing/rent/apartment,Thumbnail,CA
7816,2042,2.0,2,1170,47.6124,-122.1427,housing/rent/apartment,Yes,WA
7819,1534,1.0,1,1170,32.829,-96.8458,housing/rent/apartment,Thumbnail,TX
7821,1309,2.0,2,1170,34.0007,-84.4665,housing/rent/apartment,Yes,GA
7823,2350,2.0,2,1171,34.1275,-118.0494,housing/rent/apartment,Yes,CA
7824,1885,2.0,2,1171,40.2091,-74.0584,housing/rent/apartment,Yes,NJ
7825,1599,2.0,4,1171,39.0527,-121.6393,housing/rent/apartment,Thumbnail,CA
7826,1465,2.0,2,1171,38.7394,-104.6352,housing/rent/apartment,Yes,CO
7828,1370,2.0,2,1171,27.0533,-82.1205,housing/rent/apartment,Thumbnail,FL
7830,960,1.5,2,1171,41.4712,-81.5155,housing/rent/apartment,Thumbnail,OH
7831,1299,2.0,3,1172,35.4047,-80.6098,housing/rent/apartment,Thumbnail,NC
7832,1505,2.0,2,1173,35.2314,-97.5069,housing/rent/apartment,Thumbnail,OK
7833,1175,2.0,2,1173,39.3754,-76.8054,housing/rent/apartment,No,MD
7834,1125,2.0,2,1173,35.6217,-97.4702,housing/rent/apartment,Yes,OK
7836,1075,2.0,2,1173,35.6217,-97.4702,housing/rent/apartment,Yes,OK
7838,845,2.0,2,1174,33.6915,-84.2523,housing/rent/apartment,No,GA
7840,1699,2.0,2,1175,28.0076,-82.4792,housing/rent/apartment,Thumbnail,FL
7843,1400,2.0,2,1175,39.8587,-74.8101,housing/rent/apartment,Yes,NJ
7844,1285,2.0,2,1175,39.4432,-74.5117,housing/rent/apartment,Yes,NJ
7846,1260,2.0,2,1175,39.4432,-74.5117,housing/rent/apartment,No,NJ
7847,3000,2.0,2,1176,33.8318,-116.5437,housing/rent/apartment,Thumbnail,CA
7848,2766,2.0,2,1176,34.152,-118.0876,housing/rent/apartment,No,CA
7849,2350,1.0,4,1176,43.0724,-89.4003,housing/rent/apartment,Thumbnail,WI
7850,1499,2.0,3,1176,28.0076,-82.4792,housing/rent/apartment,Thumbnail,FL
7852,1300,2.0,3,1176,37.6249,-77.4948,housing/rent/apartment,Thumbnail,VA
7853,1275,2.0,3,1176,35.4047,-80.6098,housing/rent/apartment,Thumbnail,NC
7854,1199,1.0,3,1176,33.5944,-112.1837,housing/rent/apartment,Thumbnail,AZ
7856,1500,2.0,2,1177,41.2473,-81.8259,housing/rent/apartment,Thumbnail,OH
7857,1250,2.0,3,1177,35.3537,-96.8923,housing/rent/apartment,Thumbnail,OK
7858,1219,2.0,2,1177,33.9222,-84.0725,housing/rent/apartment,Thumbnail,GA
7859,2699,2.0,4,1178,32.7876,-117.1265,housing/rent/apartment,Thumbnail,CA
7860,2000,1.0,2,1178,33.7848,-84.3922,housing/rent/apartment,Thumbnail,GA
7861,1589,2.0,2,1178,39.0984,-76.9349,housing/rent/apartment,Thumbnail,MD
7862,1589,2.0,2,1178,39.0984,-76.9349,housing/rent/apartment,Thumbnail,MD
7863,1174,2.0,2,1178,35.9998,-79.9305,housing/rent/apartment,Thumbnail,NC
7864,1450,2.0,2,1179,36.2113,-115.2938,housing/rent/apartment,Thumbnail,NV
7865,1445,2.0,2,1179,41.6977,-71.1501,housing/rent/apartment,Yes,MA
7866,999,2.0,2,1179,40.8062,-96.6778,housing/rent/apartment,Thumbnail,NE
7868,1825,2.0,2,1180,40.0711,-74.1117,housing/rent/apartment,Yes,NJ
7870,1220,1.0,2,1180,39.0744,-94.5521,housing/rent/apartment,Thumbnail,MO
7871,1159,1.5,2,1180,33.9351,-84.5289,housing/rent/apartment,Yes,GA
7872,945,1.5,2,1180,31.7872,-93.1282,housing/rent/apartment,Thumbnail,LA
7873,1488,2.0,2,1181,34.0072,-84.0034,housing/rent/apartment,Thumbnail,GA
7874,1027,2.0,3,1181,39.5475,-119.7975,housing/rent/apartment,Thumbnail,NV
7875,2200,2.0,2,1182,41.8729,-70.6414,housing/rent/apartment,Thumbnail,MA
7878,1399,2.0,3,1182,35.2016,-80.8124,housing/rent/apartment,Thumbnail,NC
7879,1300,2.0,3,1182,36.1554,-115.1733,housing/rent/apartment,Thumbnail,NV
7880,1225,2.0,3,1182,42.9173,-83.6285,housing/rent/apartment,Thumbnail,MI
7881,1210,2.0,2,1182,33.8737,-84.5097,housing/rent/apartment,Yes,GA
7883,1650,2.0,2,1183,36.8532,-76.2902,housing/rent/apartment,Thumbnail,VA
7884,1635,2.0,2,1183,36.8532,-76.2902,housing/rent/apartment,Thumbnail,VA
7885,1497,2.0,2,1183,34.2088,-84.1351,housing/rent/apartment,Thumbnail,GA
7886,1195,1.0,2,1183,36.2084,-119.3406,housing/rent/apartment,Thumbnail,CA
7887,969,2.0,3,1183,35.823,-78.6438,housing/rent/apartment,Thumbnail,NC
7888,1795,2.0,2,1184,41.8407,-72.7423,housing/rent/apartment,Thumbnail,CT
7889,1292,2.0,2,1184,39.4853,-84.382,housing/rent/apartment,Thumbnail,OH
7890,1880,2.0,2,1185,27.2829,-82.475,housing/rent/apartment,Thumbnail,FL
7891,1850,2.0,2,1185,36.8623,-76.0114,housing/rent/apartment,Thumbnail,VA
7892,1742,2.0,2,1185,39.0459,-104.8179,housing/rent/apartment,Thumbnail,CO
7893,1730,1.0,1,1185,39.1535,-84.4264,housing/rent/apartment,Thumbnail,OH
7894,1700,2.0,2,1185,47.4081,-122.3162,housing/rent/apartment,Thumbnail,WA
7896,1490,2.0,2,1185,39.0459,-104.8179,housing/rent/apartment,Thumbnail,CO
7897,1635,2.0,2,1186,34.0791,-84.2039,housing/rent/apartment,Yes,GA
7898,1495,1.0,3,1186,43.0724,-89.4003,housing/rent/apartment,Thumbnail,WI
7899,1450,2.0,3,1186,41.6475,-93.4713,housing/rent/apartment,Thumbnail,IA
7900,1310,2.0,2,1186,35.823,-78.6438,housing/rent/apartment,Thumbnail,NC
7902,1165,2.0,2,1186,35.5626,-78.2042,housing/rent/apartment,Yes,NC
7903,825,1.5,2,1186,35.7585,-78.7783,housing/rent/apartment,Thumbnail,NC
7904,1675,2.0,2,1187,38.7418,-77.4684,housing/rent/apartment,Thumbnail,VA
7905,1524,2.0,2,1187,35.2314,-97.5069,housing/rent/apartment,Yes,OK
7906,1509,2.0,2,1187,28.2966,-81.6162,housing/rent/apartment,Thumbnail,FL
7907,1445,2.0,3,1187,35.3753,-119.0319,housing/rent/apartment,Thumbnail,CA
7908,1090,1.0,2,1187,42.0259,-93.6516,housing/rent/apartment,Thumbnail,IA
7909,2300,2.0,3,1188,45.5091,-122.6449,housing/rent/apartment,Thumbnail,OR
7911,1695,1.0,2,1189,43.0724,-89.4003,housing/rent/apartment,Thumbnail,WI
7913,1159,2.0,2,1189,35.7798,-78.6231,housing/rent/apartment,Yes,NC
7914,850,1.0,3,1189,32.4645,-93.7879,housing/rent/apartment,Thumbnail,LA
7915,2195,3.0,2,1190,41.2562,-96.0404,housing/rent/apartment,Thumbnail,NE
7917,1800,2.0,2,1190,43.0724,-89.4003,housing/rent/apartment,Thumbnail,WI
7918,1663,2.0,2,1190,33.8737,-84.5097,housing/rent/apartment,Yes,GA
7919,1503,2.0,2,1190,37.6202,-77.6128,housing/rent/apartment,Thumbnail,VA
7920,1470,1.0,1,1190,32.0057,-102.1036,housing/rent/apartment,Thumbnail,TX
7921,3776,2.0,2,1191,34.0998,-118.3265,housing/rent/apartment,Thumbnail,CA
7922,2049,2.0,2,1191,40.6623,-74.2087,housing/rent/apartment,Thumbnail,NJ
7924,1495,1.0,2,1191,45.6558,-122.5888,housing/rent/apartment,Thumbnail,WA
7925,1360,2.0,2,1191,36.1536,-115.1965,housing/rent/apartment,Thumbnail,NV
7926,2395,2.0,4,1192,43.0724,-89.4003,housing/rent/apartment,Thumbnail,WI
7927,2100,2.0,3,1192,39.1471,-86.5136,housing/rent/apartment,Thumbnail,IN
7928,1820,2.0,2,1192,39.1649,-76.7156,housing/rent/apartment,No,MD
7930,1349,2.0,3,1192,29.7714,-95.4343,housing/rent/apartment,Thumbnail,TX
7931,1482,1.0,3,1193,45.0684,-93.3317,housing/rent/apartment,Thumbnail,MN
7933,642,1.0,2,1193,40.2057,-85.4,housing/rent/apartment,Thumbnail,IN
7934,1210,2.0,2,1194,35.6714,-79.1694,housing/rent/apartment,Thumbnail,NC
7936,1850,2.0,2,1195,32.8004,-96.7887,housing/rent/apartment,Thumbnail,TX
7937,1845,2.0,2,1195,39.0459,-104.8179,housing/rent/apartment,Thumbnail,CO
7940,1177,2.0,2,1195,33.873,-84.112,housing/rent/apartment,Thumbnail,GA
7941,1170,2.0,2,1195,36.1698,-115.2788,housing/rent/apartment,Thumbnail,NV
7942,1092,2.0,2,1195,33.873,-84.112,housing/rent/apartment,Yes,GA
7943,2250,2.0,2,1196,41.0905,-73.4311,housing/rent/apartment,Thumbnail,CT
7944,1320,2.0,3,1196,39.0744,-94.5521,housing/rent/apartment,Thumbnail,MO
7946,2875,2.0,2,1197,40.855,-74.2778,housing/rent/apartment,Thumbnail,NJ
7947,2250,2.0,2,1197,32.7994,-116.9256,housing/rent/apartment,Thumbnail,CA
7948,1804,2.0,3,1197,39.043,-76.9077,housing/rent/apartment,Thumbnail,MD
7951,1215,2.0,2,1198,33.5178,-112.0848,housing/rent/apartment,Thumbnail,AZ
7952,1145,2.0,2,1198,39.0744,-94.5521,housing/rent/apartment,Thumbnail,MO
7953,2016,2.0,3,1199,47.8616,-122.2729,housing/rent/apartment,No,WA
7954,1295,2.0,2,1199,41.743,-91.6014,housing/rent/apartment,Thumbnail,IA
7955,5995,1.5,3,1200,37.7599,-122.4379,housing/rent/apartment,Thumbnail,CA
7956,4950,1.5,2,1200,37.8726,-122.2707,housing/rent/apartment,Thumbnail,CA
7957,3495,2.0,2,1200,34.0372,-118.2972,housing/rent/apartment,Thumbnail,CA
7958,3490,2.0,2,1200,34.0372,-118.2972,housing/rent/apartment,Thumbnail,CA
7959,3395,2.0,2,1200,33.8056,-118.1696,housing/rent/apartment,Thumbnail,CA
7960,3120,2.0,3,1200,40.0054,-75.1415,housing/rent/apartment,Thumbnail,PA
7961,2900,2.0,2,1200,40.7462,-74.0349,housing/rent/apartment,Thumbnail,NJ
7962,2805,2.0,3,1200,33.8,-117.8367,housing/rent/apartment,Thumbnail,CA
7964,2800,1.5,2,1200,42.4585,-71.0609,housing/rent/apartment,Thumbnail,MA
7966,2550,2.0,2,1200,41.8625,-87.6825,housing/rent/apartment,Thumbnail,IL
7967,2550,2.0,4,1200,42.4299,-71.0581,housing/rent/apartment,Thumbnail,MA
7969,2399,2.0,2,1200,33.7848,-84.3922,housing/rent/apartment,Thumbnail,GA
7971,2025,2.0,2,1200,40.0054,-75.1415,housing/rent/apartment,Thumbnail,PA
7972,2022,2.0,2,1200,38.9974,-76.8818,housing/rent/apartment,Thumbnail,MD
7973,2000,1.0,2,1200,41.111,-73.4219,housing/rent/apartment,Thumbnail,CT
7974,1950,2.0,2,1200,39.1679,-84.4933,housing/rent/apartment,Thumbnail,OH
7975,1925,1.0,3,1200,41.8625,-87.6825,housing/rent/apartment,Thumbnail,IL
7977,1900,1.0,2,1200,42.4299,-71.0581,housing/rent/apartment,Thumbnail,MA
7978,1810,2.0,2,1200,39.0761,-77.1247,housing/rent/apartment,Thumbnail,MD
7980,1799,2.0,2,1200,32.8261,-96.7472,housing/rent/apartment,Thumbnail,TX
7981,1770,2.0,2,1200,39.4276,-76.7727,housing/rent/apartment,Yes,MD
7982,1755,2.0,2,1200,32.829,-96.8458,housing/rent/apartment,Thumbnail,TX
7983,1750,1.0,1,1200,32.7251,-117.2365,housing/rent/apartment,Thumbnail,CA
7984,1695,1.0,4,1200,38.041,-78.4898,housing/rent/apartment,Thumbnail,VA
7985,1695,1.0,3,1200,40.4545,-79.9011,housing/rent/apartment,Yes,PA
7987,1650,2.0,2,1200,45.5091,-122.6449,housing/rent/apartment,Thumbnail,OR
7988,1650,1.0,2,1200,43.0724,-89.4003,housing/rent/apartment,Thumbnail,WI
7990,1599,1.0,3,1200,43.0531,-87.9659,housing/rent/apartment,Thumbnail,WI
7991,1560,1.5,2,1200,41.8407,-72.7423,housing/rent/apartment,Yes,CT
7993,1550,1.5,2,1200,42.2711,-83.745,housing/rent/apartment,Thumbnail,MI
7994,1540,2.0,2,1200,28.4991,-81.5295,housing/rent/apartment,Thumbnail,FL
7995,1500,2.0,3,1200,39.9974,-82.9829,housing/rent/apartment,Thumbnail,OH
7996,1499,1.0,2,1200,39.5358,-119.8373,housing/rent/apartment,Thumbnail,NV
7997,1495,1.5,3,1200,45.0201,-93.4623,housing/rent/apartment,Thumbnail,MN
7998,1495,2.5,3,1200,39.0146,-94.2843,housing/rent/apartment,Thumbnail,MO
7999,1431,2.0,2,1200,28.4991,-81.5295,housing/rent/apartment,Thumbnail,FL
8000,1400,2.0,2,1200,47.5968,-122.7026,housing/rent/apartment,Thumbnail,WA
8001,1400,1.0,2,1200,41.9392,-71.3028,housing/rent/apartment,Yes,MA
8002,1395,2.0,2,1200,41.6977,-71.1501,housing/rent/apartment,Thumbnail,MA
8003,1395,2.0,2,1200,41.6977,-71.1501,housing/rent/apartment,Thumbnail,MA
8004,1375,1.0,0,1200,41.8625,-87.6825,housing/rent/apartment,Thumbnail,IL
8005,1350,2.0,3,1200,29.8055,-98.1548,housing/rent/apartment,Thumbnail,TX
8007,1335,1.0,2,1200,39.9539,-74.9955,housing/rent/apartment,Thumbnail,NJ
8008,1325,1.0,2,1200,41.7609,-72.7477,housing/rent/apartment,Yes,CT
8009,1300,1.0,2,1200,38.6274,-90.304,housing/rent/apartment,Thumbnail,MO
8010,1260,2.0,2,1200,41.4983,-81.6437,housing/rent/apartment,Thumbnail,OH
8011,1255,1.0,2,1200,43.5329,-96.7265,housing/rent/apartment,Thumbnail,SD
8012,1250,1.0,3,1200,47.6794,-117.4018,housing/rent/apartment,Thumbnail,WA
8013,1250,1.0,3,1200,41.2562,-96.0404,housing/rent/apartment,Thumbnail,NE
8015,1200,1.0,3,1200,38.8098,-89.9522,housing/rent/apartment,Thumbnail,IL
8016,1200,1.5,2,1200,41.3846,-81.7912,housing/rent/apartment,Thumbnail,OH
8017,1199,2.0,3,1200,34.0505,-81.0098,housing/rent/apartment,Thumbnail,SC
8018,1185,2.0,2,1200,35.081,-85.2968,housing/rent/apartment,Thumbnail,TN
8019,1140,1.5,2,1200,41.3846,-81.7912,housing/rent/apartment,Thumbnail,OH
8020,1118,2.0,2,1200,33.9295,-84.4662,housing/rent/apartment,Thumbnail,GA
8021,1115,2.0,2,1200,41.4983,-81.6437,housing/rent/apartment,Thumbnail,OH
8022,1105,2.0,3,1200,35.8199,-90.7016,housing/rent/apartment,Thumbnail,AR
8026,1000,2.0,3,1200,26.19,-97.7023,housing/rent/apartment,Thumbnail,TX
8027,999,2.5,2,1200,34.8583,-82.3915,housing/rent/apartment,Thumbnail,SC
8029,945,1.0,2,1200,35.471,-97.5299,housing/rent/apartment,Thumbnail,OK
8030,935,2.0,3,1200,36.3741,-94.2105,housing/rent/apartment,Thumbnail,AR
8031,925,1.5,2,1200,33.9217,-84.8634,housing/rent/apartment,Thumbnail,GA
8032,925,1.0,2,1200,44.8956,-122.5661,housing/rent/apartment,Thumbnail,OR
8033,921,1.0,2,1200,41.5846,-87.1747,housing/rent/apartment,Thumbnail,IN
8034,915,2.0,2,1200,31.2769,-89.3049,housing/rent/apartment,Thumbnail,MS
8035,900,2.0,3,1200,40.4969,-86.9659,housing/rent/apartment,Thumbnail,IN
8038,875,2.0,3,1200,36.421,-94.4498,housing/rent/apartment,Thumbnail,AR
8039,875,2.0,2,1200,31.0692,-89.2902,housing/rent/apartment,Thumbnail,MS
8040,875,1.0,3,1200,39.1538,-84.486,housing/rent/apartment,Yes,OH
8042,850,1.0,1,1200,38.8562,-104.9083,housing/rent/apartment,Thumbnail,CO
8044,831,2.0,2,1200,36.0211,-79.3683,housing/rent/apartment,Thumbnail,NC
8045,820,2.5,2,1200,34.678,-92.7603,housing/rent/apartment,Thumbnail,AR
8046,820,2.5,2,1200,36.0785,-94.1531,housing/rent/apartment,Thumbnail,AR
8047,795,2.0,2,1200,30.4415,-91.1012,housing/rent/apartment,Thumbnail,LA
8048,785,2.0,2,1200,31.2769,-89.3049,housing/rent/apartment,Thumbnail,MS
8050,675,1.5,2,1200,36.7944,-89.9608,housing/rent/apartment,Thumbnail,MO
8051,675,1.0,2,1200,30.1647,-94.351,housing/rent/apartment,Thumbnail,TX
8054,1702,2.0,2,1202,27.3071,-80.4554,housing/rent/apartment,Thumbnail,FL
8055,1249,2.0,3,1202,30.0021,-95.2555,housing/rent/apartment,Thumbnail,TX
8056,865,2.0,2,1202,36.0909,-79.9272,housing/rent/apartment,Thumbnail,NC
8057,1663,2.0,3,1203,35.7238,-78.8695,housing/rent/apartment,Thumbnail,NC
8059,1631,2.0,2,1203,36.0993,-115.2838,housing/rent/apartment,Thumbnail,NV
8062,1399,2.0,2,1204,30.0021,-95.2555,housing/rent/apartment,Thumbnail,TX
8063,1359,2.0,2,1204,36.0402,-86.6385,housing/rent/apartment,Thumbnail,TN
8064,949,2.5,2,1204,35.9499,-95.889,housing/rent/apartment,Thumbnail,OK
8066,899,1.5,2,1205,36.0114,-95.9779,housing/rent/apartment,Thumbnail,OK
8068,1350,1.0,2,1207,44.9032,-92.9227,housing/rent/apartment,Thumbnail,MN
8069,1315,2.0,2,1207,35.7238,-78.8695,housing/rent/apartment,Thumbnail,NC
8070,1260,2.0,2,1207,35.7238,-78.8695,housing/rent/apartment,Thumbnail,NC
8071,2750,2.5,2,1208,37.7147,-121.93,housing/rent/apartment,Thumbnail,CA
8072,2450,2.0,2,1208,40.7434,-74.1521,housing/rent/apartment,Thumbnail,NJ
8073,2025,2.0,3,1208,47.7921,-122.3045,housing/rent/apartment,Yes,WA
8074,1525,2.0,2,1208,32.91,-97.5572,housing/rent/apartment,Yes,TX
8075,1525,2.0,2,1208,32.91,-97.5572,housing/rent/apartment,Yes,TX
8078,1289,2.0,2,1209,32.8525,-97.1399,housing/rent/apartment,Thumbnail,TX
8079,1280,2.0,2,1209,30.4601,-84.2714,housing/rent/apartment,Thumbnail,FL
8080,5000,2.0,2,1210,27.2738,-82.5485,housing/rent/apartment,Thumbnail,FL
8081,1940,2.0,2,1210,40.4249,-79.981,housing/rent/apartment,No,PA
8083,1542,2.0,2,1210,33.8144,-84.2804,housing/rent/apartment,No,GA
8084,1521,2.0,2,1210,33.8144,-84.2804,housing/rent/apartment,Thumbnail,GA
8086,1350,2.0,2,1210,43.0724,-89.4003,housing/rent/apartment,Thumbnail,WI
8089,1862,2.0,3,1212,34.025,-84.3128,housing/rent/apartment,No,GA
8090,1599,1.0,2,1212,45.0201,-93.4623,housing/rent/apartment,Thumbnail,MN
8096,1349,2.0,3,1214,30.1049,-95.2583,housing/rent/apartment,Thumbnail,TX
8097,985,1.0,3,1214,36.0984,-94.1524,housing/rent/apartment,No,AR
8098,4528,2.0,2,1215,34.0372,-118.2972,housing/rent/apartment,Thumbnail,CA
8100,1815,2.0,2,1215,30.2159,-97.8103,housing/rent/apartment,Thumbnail,TX
8101,1450,1.0,2,1215,38.6274,-90.304,housing/rent/apartment,Thumbnail,MO
8103,1349,2.0,3,1216,33.7218,-84.744,housing/rent/apartment,Thumbnail,GA
8104,1245,2.0,3,1216,35.6757,-97.4949,housing/rent/apartment,Thumbnail,OK
8105,1770,2.0,3,1217,47.4819,-122.1966,housing/rent/apartment,Yes,WA
8106,1115,2.0,3,1217,33.7289,-84.1257,housing/rent/apartment,No,GA
8107,4103,2.5,2,1218,40.8488,-73.9736,housing/rent/apartment,No,NJ
8108,1755,2.0,2,1218,30.3054,-97.7497,housing/rent/apartment,Thumbnail,TX
8109,1449,2.0,3,1218,30.0796,-95.617,housing/rent/apartment,Thumbnail,TX
8111,1295,2.5,2,1218,30.0066,-97.8071,housing/rent/apartment,Thumbnail,TX
8112,1255,2.0,2,1218,34.025,-84.3128,housing/rent/apartment,Thumbnail,GA
8113,1800,4.0,4,1219,35.823,-78.6438,housing/rent/apartment,Thumbnail,NC
8114,1499,2.0,2,1219,36.1536,-115.1965,housing/rent/apartment,Thumbnail,NV
8115,1499,2.0,2,1219,36.1536,-115.1965,housing/rent/apartment,Thumbnail,NV
8117,1309,2.0,2,1219,36.1132,-115.2754,housing/rent/apartment,Thumbnail,NV
8119,1690,2.0,2,1220,39.905,-74.9965,housing/rent/apartment,Thumbnail,NJ
8120,1549,2.0,2,1220,28.4991,-81.5295,housing/rent/apartment,Thumbnail,FL
8121,1099,2.0,3,1220,40.0533,-85.9252,housing/rent/apartment,Thumbnail,IN
8122,2196,3.0,3,1221,35.9473,-79.0615,housing/rent/apartment,Thumbnail,NC
8123,1910,2.0,3,1221,47.4457,-122.1407,housing/rent/apartment,Yes,WA
8124,1099,2.0,3,1221,34.0505,-81.0098,housing/rent/apartment,Thumbnail,SC
8125,800,2.0,2,1222,44.6537,-88.2118,housing/rent/apartment,Thumbnail,WI
8126,2399,2.0,3,1223,47.4831,-122.1298,housing/rent/apartment,Yes,WA
8127,1600,4.0,4,1224,35.823,-78.6438,housing/rent/apartment,Thumbnail,NC
8128,1299,2.0,3,1224,34.1216,-84.515,housing/rent/apartment,Thumbnail,GA
8129,1255,2.0,2,1224,33.8737,-84.5097,housing/rent/apartment,Yes,GA
8130,1208,2.0,3,1224,35.7863,-78.4845,housing/rent/apartment,Thumbnail,NC
8131,1179,2.0,3,1224,33.8614,-84.5382,housing/rent/apartment,Thumbnail,GA
8133,1170,2.0,2,1224,33.967,-80.9358,housing/rent/apartment,Thumbnail,SC
8134,900,2.0,2,1224,36.0723,-79.8196,housing/rent/apartment,Thumbnail,NC
8135,390,2.0,3,1224,31.9501,-95.2575,housing/rent/apartment,Thumbnail,TX
8136,1660,1.0,3,1225,43.0724,-89.4003,housing/rent/apartment,Thumbnail,WI
8137,1295,2.0,2,1225,41.2562,-96.0404,housing/rent/apartment,Thumbnail,NE
8138,3094,2.0,3,1226,47.5311,-122.0679,housing/rent/apartment,Yes,WA
8140,2989,2.0,3,1226,47.5311,-122.0679,housing/rent/apartment,No,WA
8141,1595,2.0,2,1226,27.3181,-82.4987,housing/rent/apartment,Thumbnail,FL
8145,1300,2.0,3,1228,35.3067,-81.0325,housing/rent/apartment,Thumbnail,NC
8147,1390,1.0,1,1229,36.1519,-79.8168,housing/rent/apartment,Thumbnail,NC
8150,3495,2.0,3,1232,33.2181,-117.3166,housing/rent/apartment,Thumbnail,CA
8151,875,1.0,2,1232,36.1007,-80.2652,housing/rent/apartment,Thumbnail,NC
8153,1775,2.0,3,1233,33.5407,-86.6852,housing/rent/apartment,Thumbnail,AL
8155,1575,2.0,3,1233,40.3931,-111.8459,housing/rent/apartment,Thumbnail,UT
8156,1330,2.0,2,1233,34.2027,-84.0733,housing/rent/apartment,Yes,GA
8159,1529,2.0,3,1234,32.6548,-97.1587,housing/rent/apartment,Thumbnail,TX
8160,730,1.5,3,1234,39.8456,-84.1117,housing/rent/apartment,Yes,OH
8161,4570,2.0,2,1236,34.0314,-118.4885,housing/rent/apartment,Thumbnail,CA
8163,1654,2.0,2,1236,39.2735,-76.8674,housing/rent/apartment,Yes,MD
8164,1639,2.0,2,1236,39.2735,-76.8674,housing/rent/apartment,Thumbnail,MD
8165,1589,2.0,2,1236,39.2735,-76.8674,housing/rent/apartment,Thumbnail,MD
8166,1585,2.0,2,1236,43.0724,-89.4003,housing/rent/apartment,Thumbnail,WI
8167,1570,2.0,2,1236,39.2735,-76.8674,housing/rent/apartment,Thumbnail,MD
8168,1564,2.0,2,1236,39.2735,-76.8674,housing/rent/apartment,Thumbnail,MD
8169,1475,2.0,3,1236,32.7407,-97.3394,housing/rent/apartment,Thumbnail,TX
8170,1400,2.0,3,1236,32.4842,-92.6682,housing/rent/apartment,Thumbnail,LA
8171,1500,2.0,2,1237,30.5057,-86.456,housing/rent/apartment,Thumbnail,FL
8173,1010,2.0,2,1237,41.4712,-81.5155,housing/rent/apartment,Thumbnail,OH
8174,1905,2.0,3,1238,39.1088,-77.2384,housing/rent/apartment,Thumbnail,MD
8175,1600,1.5,2,1238,39.1471,-86.5136,housing/rent/apartment,Thumbnail,IN
8176,999,2.0,3,1238,40.1145,-88.2723,housing/rent/apartment,Thumbnail,IL
8178,1645,2.0,2,1239,39.6309,-84.2621,housing/rent/apartment,No,OH
8179,1795,1.5,2,1240,39.5201,-119.8424,housing/rent/apartment,Thumbnail,NV
8180,1350,3.0,2,1240,39.1471,-86.5136,housing/rent/apartment,Thumbnail,IN
8181,885,1.0,3,1240,43.8449,-88.8405,housing/rent/apartment,Thumbnail,WI
8184,1175,2.0,3,1241,33.9531,-81.2381,housing/rent/apartment,Thumbnail,SC
8185,4500,2.0,4,1242,37.3108,-121.8645,housing/rent/apartment,Thumbnail,CA
8186,1625,2.0,3,1242,33.9295,-84.4662,housing/rent/apartment,Thumbnail,GA
8187,1249,2.0,3,1242,34.119,-81.1962,housing/rent/apartment,Thumbnail,SC
8188,1200,2.0,2,1242,43.4468,-96.8378,housing/rent/apartment,Thumbnail,SD
8190,1322,2.0,2,1244,34.1222,-84.2975,housing/rent/apartment,Thumbnail,GA
8191,1275,2.0,3,1244,35.6101,-78.4715,housing/rent/apartment,Thumbnail,NC
8192,1995,2.0,2,1245,40.0711,-74.1117,housing/rent/apartment,Thumbnail,NJ
8193,1800,2.0,2,1245,43.0133,-88.2374,housing/rent/apartment,Thumbnail,WI
8194,1485,2.0,2,1245,41.5299,-88.1012,housing/rent/apartment,Thumbnail,IL
8195,1090,2.0,2,1245,41.3846,-81.7912,housing/rent/apartment,Thumbnail,OH
8196,930,2.0,2,1245,39.0146,-94.2843,housing/rent/apartment,Thumbnail,MO
8197,2895,2.0,3,1246,37.7147,-121.93,housing/rent/apartment,Thumbnail,CA
8198,2750,2.0,3,1246,37.7147,-121.93,housing/rent/apartment,Thumbnail,CA
8199,1745,2.0,2,1246,33.1308,-117.0809,housing/rent/apartment,Thumbnail,CA
8201,1350,2.0,2,1246,41.6595,-91.535,housing/rent/apartment,Thumbnail,IA
8203,2250,2.0,2,1247,42.2094,-70.999,housing/rent/apartment,Thumbnail,MA
8204,1430,2.0,3,1247,34.0007,-84.4665,housing/rent/apartment,No,GA
8207,1275,2.0,3,1248,33.9612,-81.1134,housing/rent/apartment,Thumbnail,SC
8208,4450,2.0,2,1250,34.0452,-118.7551,housing/rent/apartment,Thumbnail,CA
8209,3500,2.0,2,1250,37.552,-122.306,housing/rent/apartment,Thumbnail,CA
8210,3150,2.0,2,1250,37.4374,-121.8902,housing/rent/apartment,Thumbnail,CA
8211,2825,2.0,2,1250,33.7667,-118.3667,housing/rent/apartment,Thumbnail,CA
8212,2495,2.0,3,1250,32.9669,-117.1218,housing/rent/apartment,Thumbnail,CA
8213,2375,2.0,3,1250,40.2091,-74.0584,housing/rent/apartment,Thumbnail,NJ
8214,1905,2.0,2,1250,39.2608,-77.278,housing/rent/apartment,Thumbnail,MD
8215,1740,2.0,2,1250,42.5957,-73.7885,housing/rent/apartment,Thumbnail,NY
8217,1595,1.0,1,1250,33.7848,-84.3922,housing/rent/apartment,Thumbnail,GA
8218,1350,2.0,3,1250,38.9401,-92.3167,housing/rent/apartment,Thumbnail,MO
8220,1100,1.0,3,1250,43.1689,-77.6289,housing/rent/apartment,Thumbnail,NY
8221,1095,1.5,2,1250,39.0108,-94.7517,housing/rent/apartment,Thumbnail,KS
8222,2995,1.5,3,1251,37.9003,-122.0495,housing/rent/apartment,Thumbnail,CA
8224,1425,2.0,3,1251,30.0871,-95.4685,housing/rent/apartment,Thumbnail,TX
8225,875,1.0,2,1251,44.2146,-88.4323,housing/rent/apartment,Thumbnail,WI
8226,2400,2.0,3,1252,38.9645,-76.9637,housing/rent/apartment,Thumbnail,MD
8227,1695,1.0,3,1253,39.1679,-84.4933,housing/rent/apartment,Thumbnail,OH
8228,1874,2.0,2,1254,39.1054,-84.5022,housing/rent/apartment,Thumbnail,OH
8229,1835,2.0,2,1254,40.2659,-74.6959,housing/rent/apartment,Thumbnail,NJ
8230,1605,2.0,2,1254,34.2088,-84.1351,housing/rent/apartment,Thumbnail,GA
8231,1605,2.0,2,1254,34.2088,-84.1351,housing/rent/apartment,Thumbnail,GA
8232,1450,1.0,2,1254,43.0724,-89.4003,housing/rent/apartment,Thumbnail,WI
8233,1249,2.0,3,1254,29.7714,-95.4343,housing/rent/apartment,Thumbnail,TX
8234,1222,2.0,2,1254,35.9999,-78.9413,housing/rent/apartment,Yes,NC
8235,1055,2.0,2,1254,35.9907,-78.9074,housing/rent/apartment,Yes,NC
8236,1030,1.0,2,1254,40.297,-79.9152,housing/rent/apartment,Thumbnail,PA
8237,1401,2.0,3,1255,32.6541,-97.095,housing/rent/apartment,Thumbnail,TX
8238,1150,2.0,2,1255,31.7951,-106.3886,housing/rent/apartment,Thumbnail,TX
8239,890,1.0,2,1255,41.4803,-82.098,housing/rent/apartment,Thumbnail,OH
8240,1700,3.0,2,1256,39.0747,-76.7017,housing/rent/apartment,Yes,MD
8241,916,2.0,3,1256,36.1496,-80.3226,housing/rent/apartment,Thumbnail,NC
8242,1400,2.0,2,1257,40.2206,-74.7174,housing/rent/apartment,Yes,NJ
8243,1315,2.0,2,1257,34.0072,-84.0034,housing/rent/apartment,Thumbnail,GA
8246,1100,1.0,2,1258,41.6572,-83.5295,housing/rent/apartment,Thumbnail,OH
8248,3595,2.5,2,1260,34.0372,-118.2972,housing/rent/apartment,Thumbnail,CA
8250,1375,2.0,2,1260,34.2291,-84.1306,housing/rent/apartment,Thumbnail,GA
8253,880,2.0,3,1260,42.0259,-93.6516,housing/rent/apartment,Thumbnail,IA
8254,1988,2.0,2,1261,42.1173,-70.9547,housing/rent/apartment,Thumbnail,MA
8255,1199,2.0,3,1262,33.9258,-83.7495,housing/rent/apartment,Thumbnail,GA
8256,1449,2.0,3,1264,35.753,-86.8832,housing/rent/apartment,Thumbnail,TN
8257,1260,2.0,2,1264,34.0467,-84.3786,housing/rent/apartment,Yes,GA
8259,3300,2.0,2,1265,42.3882,-83.1122,housing/rent/apartment,Thumbnail,MI
8260,2300,2.0,3,1265,39.2081,-76.661,housing/rent/apartment,Yes,MD
8263,2000,2.0,2,1265,33.7848,-84.3922,housing/rent/apartment,Thumbnail,GA
8264,1495,2.0,3,1265,30.1158,-97.2746,housing/rent/apartment,Thumbnail,TX
8265,1472,2.0,3,1265,33.9683,-84.4394,housing/rent/apartment,Yes,GA
8267,1150,2.0,3,1265,34.119,-81.1962,housing/rent/apartment,Thumbnail,SC
8268,1780,2.0,3,1266,30.6505,-97.6809,housing/rent/apartment,Thumbnail,TX
8270,2278,2.0,2,1267,38.9245,-77.4019,housing/rent/apartment,Thumbnail,VA
8273,1850,2.0,2,1268,39.5255,-76.4321,housing/rent/apartment,Yes,MD
8274,1349,2.0,3,1268,27.9275,-82.2984,housing/rent/apartment,Thumbnail,FL
8275,2810,2.0,3,1269,33.941,-117.9544,housing/rent/apartment,Yes,CA
8277,1351,2.5,2,1269,39.3374,-84.4058,housing/rent/apartment,Thumbnail,OH
8278,6000,2.5,2,1270,37.4356,-122.134,housing/rent/apartment,Thumbnail,CA
8279,2054,2.0,2,1270,40.2659,-74.6959,housing/rent/apartment,Yes,NJ
8280,1950,1.0,2,1270,32.8113,-79.9947,housing/rent/apartment,Thumbnail,SC
8281,1875,2.0,2,1270,39.6951,-75.124,housing/rent/apartment,Thumbnail,NJ
8282,1493,2.0,2,1270,34.025,-84.3128,housing/rent/apartment,Yes,GA
8283,1450,2.0,3,1270,35.823,-78.6438,housing/rent/apartment,Thumbnail,NC
8284,1424,2.5,2,1270,36.3302,-115.3257,housing/rent/apartment,Thumbnail,NV
8285,2795,2.0,3,1271,32.7876,-117.1265,housing/rent/apartment,Thumbnail,CA
8286,1895,2.0,2,1271,37.0488,-93.2933,housing/rent/apartment,Thumbnail,MO
8287,905,1.0,2,1271,43.0531,-87.9659,housing/rent/apartment,Thumbnail,WI
8288,1430,2.0,2,1272,35.6217,-97.4702,housing/rent/apartment,Yes,OK
8289,1259,2.0,3,1272,35.6775,-78.7763,housing/rent/apartment,Thumbnail,NC
8290,2565,2.0,2,1273,41.0133,-74.3321,housing/rent/apartment,Thumbnail,NJ
8292,1199,2.0,3,1273,33.9217,-84.8634,housing/rent/apartment,Thumbnail,GA
8293,2411,2.0,2,1274,42.1246,-71.1089,housing/rent/apartment,Thumbnail,MA
8294,2274,2.0,2,1274,42.1246,-71.1089,housing/rent/apartment,Thumbnail,MA
8295,1895,2.0,3,1274,39.2144,-76.8797,housing/rent/apartment,Yes,MD
8296,1450,2.0,2,1274,35.9517,-79.071,housing/rent/apartment,Thumbnail,NC
8298,1350,2.0,2,1274,29.7714,-95.4343,housing/rent/apartment,Thumbnail,TX
8299,2800,2.0,3,1275,21.3155,-157.8379,housing/rent/apartment,Thumbnail,HI
8300,2550,2.0,2,1275,44.9368,-93.3605,housing/rent/apartment,Thumbnail,MN
8301,2495,2.0,2,1275,34.0372,-118.2972,housing/rent/apartment,Thumbnail,CA
8302,2138,2.0,3,1275,32.5807,-97.138,housing/rent/apartment,Yes,TX
8303,1950,1.5,2,1275,40.0054,-75.1415,housing/rent/apartment,Thumbnail,PA
8304,1645,2.0,3,1275,33.5407,-86.6852,housing/rent/apartment,Thumbnail,AL
8305,1559,2.0,2,1275,39.4276,-76.7727,housing/rent/apartment,No,MD
8306,1410,2.0,2,1275,36.3644,-78.5328,housing/rent/apartment,Thumbnail,NC
8307,1350,2.0,3,1275,33.9295,-84.4662,housing/rent/apartment,Thumbnail,GA
8308,1295,2.0,2,1275,32.9661,-96.7988,housing/rent/apartment,Thumbnail,TX
8309,1245,1.0,3,1275,29.4624,-98.5253,housing/rent/apartment,Thumbnail,TX
8310,1175,1.0,1,1275,41.2562,-96.0404,housing/rent/apartment,Thumbnail,NE
8312,1025,2.0,2,1275,35.3752,-97.4945,housing/rent/apartment,Thumbnail,OK
8313,3000,1.5,3,1276,37.7547,-121.9529,housing/rent/apartment,Thumbnail,CA
8314,899,2.0,3,1276,33.6912,-84.2465,housing/rent/apartment,Thumbnail,GA
8315,1200,2.5,3,1277,29.4624,-98.5253,housing/rent/apartment,Thumbnail,TX
8316,995,2.0,2,1277,40.8062,-96.6778,housing/rent/apartment,Thumbnail,NE
8317,1425,2.0,3,1278,32.5285,-97.3119,housing/rent/apartment,Thumbnail,TX
8318,1100,2.0,3,1278,35.3365,-82.4711,housing/rent/apartment,Thumbnail,NC
8320,2276,2.0,2,1279,39.1008,-76.8827,housing/rent/apartment,Thumbnail,MD
8321,2048,2.0,3,1279,32.5807,-97.138,housing/rent/apartment,Thumbnail,TX
8322,2710,2.0,2,1280,40.8876,-74.0499,housing/rent/apartment,Yes,NJ
8323,2055,2.0,2,1280,35.774,-78.6328,housing/rent/apartment,Thumbnail,NC
8325,1650,2.0,2,1280,43.0637,-88.1403,housing/rent/apartment,Thumbnail,WI
8328,1085,2.0,2,1280,36.0861,-86.9362,housing/rent/apartment,Thumbnail,TN
8329,901,2.0,3,1280,43.0531,-87.9659,housing/rent/apartment,Thumbnail,WI
8330,825,1.0,2,1280,33.56,-101.8904,housing/rent/apartment,Thumbnail,TX
8331,822,2.0,3,1280,36.0175,-79.7704,housing/rent/apartment,Thumbnail,NC
8332,1375,2.0,3,1282,33.9217,-84.8634,housing/rent/apartment,Thumbnail,GA
8334,1675,2.5,2,1284,41.0405,-83.6441,housing/rent/apartment,Thumbnail,OH
8335,1675,2.5,2,1284,41.0405,-83.6441,housing/rent/apartment,Thumbnail,OH
8336,1325,2.0,3,1284,33.9531,-81.2381,housing/rent/apartment,Thumbnail,SC
8337,1625,2.0,3,1285,30.4348,-86.6208,housing/rent/apartment,Thumbnail,FL
8338,1400,2.0,3,1285,35.6101,-78.4715,housing/rent/apartment,Thumbnail,NC
8339,1351,2.0,2,1285,36.8892,-76.2382,housing/rent/apartment,Thumbnail,VA
8340,1625,2.0,3,1286,32.91,-97.5572,housing/rent/apartment,Yes,TX
8341,1625,2.0,3,1286,32.91,-97.5572,housing/rent/apartment,Yes,TX
8342,1495,2.0,3,1286,30.1158,-97.2746,housing/rent/apartment,Thumbnail,TX
8343,1300,2.0,2,1286,35.823,-78.6438,housing/rent/apartment,Thumbnail,NC
8344,1219,2.0,3,1286,32.8255,-97.1039,housing/rent/apartment,Yes,TX
8346,2200,2.0,2,1287,25.8275,-80.1842,housing/rent/apartment,Thumbnail,FL
8347,1150,2.0,3,1287,39.1679,-84.4933,housing/rent/apartment,Thumbnail,OH
8349,1495,2.0,2,1288,46.8587,-114.041,housing/rent/apartment,Thumbnail,MT
8351,1399,2.0,3,1289,35.4047,-80.6098,housing/rent/apartment,Thumbnail,NC
8352,3349,2.0,3,1290,33.7696,-118.1926,housing/rent/apartment,Thumbnail,CA
8353,3149,2.0,3,1290,33.7696,-118.1926,housing/rent/apartment,Yes,CA
8355,1500,1.5,2,1290,39.9974,-82.9829,housing/rent/apartment,Thumbnail,OH
8356,1374,2.0,2,1290,35.823,-78.6438,housing/rent/apartment,Thumbnail,NC
8357,1152,2.0,3,1290,35.7863,-78.4845,housing/rent/apartment,Thumbnail,NC
8358,815,1.0,2,1290,39.7479,-84.1594,housing/rent/apartment,Yes,OH
8359,1995,2.5,2,1291,32.8212,-96.7853,housing/rent/apartment,Thumbnail,TX
8360,1629,2.0,3,1291,47.3002,-122.2168,housing/rent/apartment,Thumbnail,WA
8361,1332,1.5,2,1291,39.4915,-76.6609,housing/rent/apartment,Yes,MD
8362,1560,2.0,3,1292,39.4349,-76.6549,housing/rent/apartment,No,MD
8363,3050,2.0,2,1294,25.7603,-80.3005,housing/rent/apartment,Thumbnail,FL
8364,2041,2.0,2,1294,41.3137,-81.4961,housing/rent/apartment,Thumbnail,OH
8366,1449,2.0,2,1294,39.4478,-84.21,housing/rent/apartment,Thumbnail,OH
8367,1419,2.0,2,1294,34.0072,-84.0034,housing/rent/apartment,Yes,GA
8369,1059,2.0,2,1294,40.8073,-81.9566,housing/rent/apartment,Thumbnail,OH
8371,1564,2.0,2,1295,32.9158,-96.8961,housing/rent/apartment,Thumbnail,TX
8372,949,2.0,2,1295,30.2989,-81.6324,housing/rent/apartment,Thumbnail,FL
8373,845,2.0,3,1295,37.4007,-77.4627,housing/rent/apartment,Thumbnail,VA
8374,2400,1.5,3,1296,47.7921,-122.3045,housing/rent/apartment,Thumbnail,WA
8375,1888,2.5,2,1296,34.0007,-84.4665,housing/rent/apartment,Yes,GA
8376,1670,2.0,2,1296,34.2088,-84.1351,housing/rent/apartment,Yes,GA
8377,3243,2.0,2,1297,42.3157,-71.2073,housing/rent/apartment,Thumbnail,MA
8378,1580,1.0,2,1297,34.0791,-84.2039,housing/rent/apartment,Thumbnail,GA
8379,1442,2.0,2,1297,34.0299,-84.2425,housing/rent/apartment,Thumbnail,GA
8380,1885,2.0,3,1298,40.2659,-74.6959,housing/rent/apartment,Thumbnail,NJ
8381,1399,2.0,3,1298,30.0871,-95.4685,housing/rent/apartment,Thumbnail,TX
8382,1415,2.0,2,1299,32.5548,-94.7807,housing/rent/apartment,Thumbnail,TX
8383,5995,2.0,2,1300,34.0948,-118.3699,housing/rent/apartment,Thumbnail,CA
8384,4955,2.0,3,1300,34.0231,-118.4811,housing/rent/apartment,Thumbnail,CA
8388,3150,2.0,2,1300,39.7566,-105.0033,housing/rent/apartment,Thumbnail,CO
8389,2750,1.0,3,1300,42.2947,-71.1305,housing/rent/apartment,Thumbnail,MA
8390,2625,2.0,5,1300,38.0172,-84.4931,housing/rent/apartment,Thumbnail,KY
8391,2575,2.0,2,1300,38.9799,-77.0798,housing/rent/apartment,Thumbnail,MD
8392,2495,2.0,3,1300,42.1865,-71.202,housing/rent/apartment,Thumbnail,MA
8393,2422,2.0,2,1300,38.9799,-77.0798,housing/rent/apartment,Thumbnail,MD
8394,2295,2.0,2,1300,33.7968,-118.0624,housing/rent/apartment,Thumbnail,CA
8395,2100,1.0,1,1300,33.7848,-84.3922,housing/rent/apartment,Thumbnail,GA
8396,2095,2.0,3,1300,34.1684,-118.0516,housing/rent/apartment,Yes,CA
8399,1950,2.0,3,1300,44.5716,-123.282,housing/rent/apartment,Thumbnail,OR
8402,1595,2.5,2,1300,29.7714,-95.4343,housing/rent/apartment,Thumbnail,TX
8403,1499,1.0,3,1300,43.0531,-87.9659,housing/rent/apartment,Thumbnail,WI
8404,1475,2.0,2,1300,40.5522,-80.1531,housing/rent/apartment,Thumbnail,PA
8406,1350,2.0,2,1300,42.6646,-83.2739,housing/rent/apartment,Thumbnail,MI
8407,1295,1.0,2,1300,41.7566,-72.689,housing/rent/apartment,Thumbnail,CT
8408,1225,2.0,3,1300,35.1628,-85.2135,housing/rent/apartment,Thumbnail,TN
8409,1200,1.5,3,1300,30.1909,-92.0646,housing/rent/apartment,Thumbnail,LA
8411,1150,1.0,1,1300,39.1679,-84.4933,housing/rent/apartment,Thumbnail,OH
8413,1035,2.0,2,1300,33.9295,-84.4662,housing/rent/apartment,Thumbnail,GA
8415,1000,1.0,2,1300,29.4624,-98.5253,housing/rent/apartment,Thumbnail,TX
8416,975,1.5,2,1300,48.2469,-101.3017,housing/rent/apartment,Thumbnail,ND
8417,950,2.0,3,1300,39.76,-94.8272,housing/rent/apartment,Thumbnail,MO
8419,900,2.0,3,1300,47.9179,-97.0658,housing/rent/apartment,Thumbnail,ND
8420,2298,2.0,3,1301,47.3907,-122.2626,housing/rent/apartment,Thumbnail,WA
8426,3036,2.0,2,1303,40.3663,-74.6688,housing/rent/apartment,Yes,NJ
8427,3700,2.0,2,1304,40.722,-74.0644,housing/rent/apartment,Yes,NJ
8428,2514,2.0,2,1304,40.3663,-74.6688,housing/rent/apartment,Yes,NJ
8429,2427,2.0,2,1304,40.3663,-74.6688,housing/rent/apartment,Yes,NJ
8430,1294,2.5,2,1304,34.0007,-84.4665,housing/rent/apartment,Yes,GA
8431,3385,2.0,2,1305,40.3663,-74.6688,housing/rent/apartment,Thumbnail,NJ
8432,3385,2.0,2,1305,40.3663,-74.6688,housing/rent/apartment,Thumbnail,NJ
8433,2195,1.5,2,1305,45.5091,-122.6449,housing/rent/apartment,Thumbnail,OR
8434,1795,2.0,3,1305,28.5964,-81.3237,housing/rent/apartment,Thumbnail,FL
8435,1650,2.0,1,1305,29.4624,-98.5253,housing/rent/apartment,Thumbnail,TX
8437,1199,2.0,3,1305,34.119,-81.1962,housing/rent/apartment,Thumbnail,SC
8438,725,1.0,2,1306,44.3235,-88.6223,housing/rent/apartment,Thumbnail,WI
8439,1899,2.0,3,1307,30.6378,-81.4612,housing/rent/apartment,Thumbnail,FL
8440,1625,2.5,3,1307,32.4797,-96.9807,housing/rent/apartment,Thumbnail,TX
8441,3417,2.5,2,1308,34.1375,-118.1656,housing/rent/apartment,Thumbnail,CA
8442,3333,2.5,2,1308,34.1375,-118.1656,housing/rent/apartment,Thumbnail,CA
8443,1064,2.0,3,1309,35.4014,-80.5827,housing/rent/apartment,Yes,NC
8444,2900,2.0,3,1310,34.2417,-118.5257,housing/rent/apartment,Thumbnail,CA
8446,1395,2.5,2,1310,42.7449,-83.0073,housing/rent/apartment,Thumbnail,MI
8447,3661,2.0,2,1311,34.1375,-118.1656,housing/rent/apartment,Yes,CA
8448,1210,2.0,3,1311,36.0851,-79.8311,housing/rent/apartment,Thumbnail,NC
8449,1170,2.0,3,1311,36.0723,-79.8196,housing/rent/apartment,Thumbnail,NC
8450,2000,2.0,3,1312,47.5582,-122.0044,housing/rent/apartment,Thumbnail,WA
8451,1611,2.0,2,1312,39.6821,-104.8846,housing/rent/apartment,Thumbnail,CO
8452,1500,2.0,3,1312,29.5931,-98.7154,housing/rent/apartment,Thumbnail,TX
8454,1175,2.0,3,1312,34.0505,-81.0098,housing/rent/apartment,Thumbnail,SC
8456,1112,2.0,3,1313,29.9414,-95.3445,housing/rent/apartment,No,TX
8457,2927,2.0,2,1314,42.3835,-71.2386,housing/rent/apartment,Thumbnail,MA
8458,1165,2.0,3,1314,35.2441,-97.4144,housing/rent/apartment,Yes,OK
8462,1350,2.0,3,1316,39.0146,-94.2843,housing/rent/apartment,Thumbnail,MO
8463,1895,2.5,2,1317,44.5716,-123.282,housing/rent/apartment,Thumbnail,OR
8464,1465,2.0,3,1317,29.1542,-82.1938,housing/rent/apartment,Thumbnail,FL
8466,1095,2.0,3,1317,35.3718,-77.9282,housing/rent/apartment,Thumbnail,NC
8469,4200,2.0,5,1320,42.2711,-83.745,housing/rent/apartment,Thumbnail,MI
8470,3415,2.0,2,1320,34.1375,-118.1656,housing/rent/apartment,Yes,CA
8471,2695,2.0,2,1320,37.7147,-121.93,housing/rent/apartment,Thumbnail,CA
8472,2060,1.5,2,1320,40.6221,-74.3767,housing/rent/apartment,Thumbnail,NJ
8473,1924,2.0,2,1320,40.7647,-74.2119,housing/rent/apartment,Thumbnail,NJ
8474,1305,2.0,2,1320,43.3199,-88.163,housing/rent/apartment,Thumbnail,WI
8475,1092,2.0,3,1320,32.7192,-97.1513,housing/rent/apartment,Yes,TX
8477,1399,2.0,3,1322,30.0021,-95.2555,housing/rent/apartment,Thumbnail,TX
8478,1825,2.0,2,1324,42.7234,-83.1474,housing/rent/apartment,Thumbnail,MI
8479,1625,2.0,2,1324,42.6646,-83.2739,housing/rent/apartment,Thumbnail,MI
8480,1620,2.0,2,1324,42.584,-82.9273,housing/rent/apartment,Thumbnail,MI
8481,1575,2.0,2,1324,42.7624,-83.2742,housing/rent/apartment,Thumbnail,MI
8482,1250,2.0,2,1324,33.0476,-96.7467,housing/rent/apartment,Thumbnail,TX
8484,2390,2.0,2,1325,39.0744,-94.5521,housing/rent/apartment,Thumbnail,MO
8485,2390,2.0,2,1325,39.0744,-94.5521,housing/rent/apartment,Thumbnail,MO
8486,1595,1.0,2,1325,35.823,-78.6438,housing/rent/apartment,Thumbnail,NC
8487,1459,2.0,2,1325,27.4849,-82.5345,housing/rent/apartment,Thumbnail,FL
8488,1599,2.0,3,1326,33.4146,-111.766,housing/rent/apartment,Thumbnail,AZ
8490,1465,2.0,2,1327,41.2205,-112.0172,housing/rent/apartment,Thumbnail,UT
8491,4909,1.5,2,1328,34.0394,-118.2656,housing/rent/apartment,Thumbnail,CA
8493,2695,1.0,1,1330,34.0372,-118.2972,housing/rent/apartment,Thumbnail,CA
8494,1941,2.0,2,1330,39.1398,-77.5718,housing/rent/apartment,Thumbnail,VA
8495,1400,2.0,2,1330,36.0397,-115.198,housing/rent/apartment,Thumbnail,NV
8497,920,1.0,2,1330,40.4969,-86.9659,housing/rent/apartment,Thumbnail,IN
8498,1300,2.0,3,1331,33.9217,-84.8634,housing/rent/apartment,Thumbnail,GA
8501,2300,2.0,2,1334,32.6197,-117.0226,housing/rent/apartment,Thumbnail,CA
8502,1369,2.0,3,1334,36.0808,-79.4527,housing/rent/apartment,Thumbnail,NC
8503,1369,2.0,3,1334,36.0334,-79.4909,housing/rent/apartment,Thumbnail,NC
8504,3750,2.5,2,1335,33.0534,-117.266,housing/rent/apartment,Thumbnail,CA
8506,1389,2.0,2,1335,33.9295,-84.4662,housing/rent/apartment,Thumbnail,GA
8507,1800,2.5,2,1336,39.9974,-82.9829,housing/rent/apartment,Thumbnail,OH
8508,1779,2.0,3,1336,37.1223,-76.4484,housing/rent/apartment,Thumbnail,VA
8509,1225,2.0,3,1336,34.0505,-81.0098,housing/rent/apartment,Thumbnail,SC
8510,995,1.0,2,1336,42.0259,-93.6516,housing/rent/apartment,Thumbnail,IA
8511,2503,2.0,3,1337,40.3663,-74.6688,housing/rent/apartment,Yes,NJ
8512,1425,2.0,2,1337,43.4468,-96.8378,housing/rent/apartment,Thumbnail,SD
8513,2150,2.0,3,1338,40.4678,-79.9134,housing/rent/apartment,Thumbnail,PA
8514,1890,2.0,3,1338,39.825,-75.1322,housing/rent/apartment,Yes,NJ
8516,1099,1.0,3,1338,29.7714,-95.4343,housing/rent/apartment,Thumbnail,TX
8517,1750,2.0,3,1339,36.1536,-115.1965,housing/rent/apartment,Thumbnail,NV
8518,1190,2.0,2,1339,36.0909,-79.9272,housing/rent/apartment,Thumbnail,NC
8519,1403,2.0,3,1340,33.9025,-84.5841,housing/rent/apartment,Yes,GA
8520,1195,2.0,3,1340,30.5969,-96.3034,housing/rent/apartment,Thumbnail,TX
8522,1898,2.0,3,1341,32.8524,-97.0886,housing/rent/apartment,Yes,TX
8523,950,1.0,2,1341,29.4624,-98.5253,housing/rent/apartment,Thumbnail,TX
8524,1625,1.0,3,1343,39.1679,-84.4933,housing/rent/apartment,Thumbnail,OH
8525,1299,2.0,4,1343,29.5677,-95.521,housing/rent/apartment,Thumbnail,TX
8527,2472,2.0,3,1344,40.3663,-74.6688,housing/rent/apartment,Yes,NJ
8528,2095,2.5,2,1344,47.8304,-122.3456,housing/rent/apartment,Thumbnail,WA
8529,1935,1.0,3,1344,36.0249,-78.4646,housing/rent/apartment,Thumbnail,NC
8530,1572,2.0,2,1344,35.7751,-78.6391,housing/rent/apartment,Yes,NC
8531,1299,2.0,3,1344,35.5795,-80.8153,housing/rent/apartment,Thumbnail,NC
8533,900,2.0,3,1344,32.4645,-93.7879,housing/rent/apartment,Thumbnail,LA
8534,2740,2.5,2,1345,39.736,-104.9819,housing/rent/apartment,Thumbnail,CO
8536,1695,1.5,2,1345,42.1165,-88.5022,housing/rent/apartment,Thumbnail,IL
8538,1390,2.0,3,1345,33.6795,-84.1596,housing/rent/apartment,Yes,GA
8539,1258,2.0,3,1346,35.7181,-78.7326,housing/rent/apartment,Thumbnail,NC
8540,1375,2.0,3,1347,30.2989,-81.6324,housing/rent/apartment,Thumbnail,FL
8541,1250,2.0,3,1348,33.155,-86.7175,housing/rent/apartment,Thumbnail,AL
8543,2805,2.0,2,1350,34.1542,-118.4447,housing/rent/apartment,Thumbnail,CA
8546,1400,2.0,3,1350,33.1932,-87.5349,housing/rent/apartment,Thumbnail,AL
8547,1390,3.5,4,1350,42.0259,-93.6516,housing/rent/apartment,Thumbnail,IA
8550,1250,1.5,3,1350,41.6545,-83.6757,housing/rent/apartment,Thumbnail,OH
8551,1200,2.0,2,1350,42.6465,-83.2861,housing/rent/apartment,Thumbnail,MI
8552,1189,2.0,3,1350,37.1783,-76.4582,housing/rent/apartment,Thumbnail,VA
8553,1175,1.5,2,1350,41.6545,-83.6757,housing/rent/apartment,Thumbnail,OH
8554,1100,2.0,2,1350,30.4415,-91.1012,housing/rent/apartment,Thumbnail,LA
8555,999,2.0,3,1350,37.1783,-76.4582,housing/rent/apartment,Thumbnail,VA
8558,1549,2.0,4,1351,27.9275,-82.2984,housing/rent/apartment,Thumbnail,FL
8559,1429,2.0,3,1353,34.0007,-84.4665,housing/rent/apartment,Yes,GA
8560,1349,2.0,3,1354,33.9217,-84.8634,housing/rent/apartment,Thumbnail,GA
8562,1450,1.0,4,1355,43.0724,-89.4003,housing/rent/apartment,Thumbnail,WI
8564,1850,2.0,3,1356,38.8647,-94.8283,housing/rent/apartment,Thumbnail,KS
8566,1300,2.0,3,1358,33.56,-101.8904,housing/rent/apartment,Thumbnail,TX
8567,1299,2.0,3,1358,33.5944,-112.1837,housing/rent/apartment,Thumbnail,AZ
8568,1599,2.0,3,1359,32.7835,-96.6121,housing/rent/apartment,Thumbnail,TX
8569,3400,2.5,3,1360,33.4452,-117.6264,housing/rent/apartment,Thumbnail,CA
8571,2400,2.0,2,1360,34.1326,-118.0373,housing/rent/apartment,Thumbnail,CA
8572,1550,2.5,2,1360,45.528,-122.3979,housing/rent/apartment,Thumbnail,OR
8573,1499,2.5,2,1360,40.7061,-111.9048,housing/rent/apartment,Thumbnail,UT
8574,1910,2.0,2,1361,39.1396,-77.1914,housing/rent/apartment,Thumbnail,MD
8575,1199,2.0,3,1361,33.9531,-81.2381,housing/rent/apartment,Thumbnail,SC
8576,1340,2.0,2,1363,35.6264,-77.4386,housing/rent/apartment,Yes,NC
8577,1250,2.0,4,1363,39.1984,-96.6052,housing/rent/apartment,Thumbnail,KS
8578,1449,2.0,3,1364,32.5285,-97.3119,housing/rent/apartment,Thumbnail,TX
8580,1220,2.5,3,1365,37.0835,-113.5823,housing/rent/apartment,Thumbnail,UT
8581,3350,2.5,3,1366,34.1594,-118.2498,housing/rent/apartment,Thumbnail,CA
8582,2475,2.0,3,1366,40.9151,-74.6004,housing/rent/apartment,Thumbnail,NJ
8583,1691,2.0,3,1366,34.0072,-84.0034,housing/rent/apartment,Yes,GA
8584,1580,2.0,3,1366,35.7238,-78.8695,housing/rent/apartment,Thumbnail,NC
8585,2019,2.0,3,1367,47.6163,-122.2365,housing/rent/apartment,No,WA
8586,1249,2.0,4,1367,35.224,-81.1809,housing/rent/apartment,Thumbnail,NC
8590,2795,2.5,2,1370,47.616,-122.3275,housing/rent/apartment,Thumbnail,WA
8591,1200,2.0,2,1370,28.7026,-81.3885,housing/rent/apartment,Thumbnail,FL
8592,1199,3.0,3,1370,34.1845,-80.804,housing/rent/apartment,Thumbnail,SC
8593,3250,2.0,3,1371,34.0372,-118.2972,housing/rent/apartment,Thumbnail,CA
8594,1995,2.0,3,1372,39.1276,-76.6876,housing/rent/apartment,Yes,MD
8595,1969,2.5,2,1372,28.2966,-81.6162,housing/rent/apartment,Thumbnail,FL
8596,1399,2.0,3,1372,33.56,-101.8904,housing/rent/apartment,Thumbnail,TX
8597,2488,1.0,3,1374,40.4448,-79.9725,housing/rent/apartment,Thumbnail,PA
8598,1300,1.5,3,1374,39.7151,-86.0957,housing/rent/apartment,Thumbnail,IN
8602,1350,2.0,3,1376,30.4415,-91.1012,housing/rent/apartment,Thumbnail,LA
8603,1092,2.0,3,1377,29.67,-95.1984,housing/rent/apartment,Thumbnail,TX
8605,1662,2.0,3,1379,35.9165,-78.9177,housing/rent/apartment,Yes,NC
8606,1249,2.0,3,1380,40.0533,-85.9252,housing/rent/apartment,Thumbnail,IN
8608,1500,2.0,3,1382,38.9163,-94.3719,housing/rent/apartment,Thumbnail,MO
8610,2208,2.0,3,1385,40.4448,-79.9725,housing/rent/apartment,Thumbnail,PA
8611,1895,2.0,3,1385,28.4991,-81.5295,housing/rent/apartment,Thumbnail,FL
8616,1050,1.5,3,1385,43.1689,-77.6289,housing/rent/apartment,Thumbnail,NY
8617,2495,1.0,5,1386,43.0724,-89.4003,housing/rent/apartment,Thumbnail,WI
8619,1599,2.0,2,1386,33.4146,-111.766,housing/rent/apartment,Thumbnail,AZ
8620,950,2.0,3,1386,43.8449,-88.8405,housing/rent/apartment,Thumbnail,WI
8621,1499,2.0,3,1388,35.7876,-78.781,housing/rent/apartment,Thumbnail,NC
8622,3995,2.0,2,1389,38.5587,-121.432,housing/rent/apartment,Thumbnail,CA
8623,4800,2.0,2,1390,37.7599,-122.4379,housing/rent/apartment,Thumbnail,CA
8624,1675,2.0,2,1390,39.6428,-74.9555,housing/rent/apartment,Yes,NJ
8625,1500,2.0,2,1390,39.2259,-84.5136,housing/rent/apartment,Thumbnail,OH
8626,2548,2.0,2,1391,34.1542,-118.4447,housing/rent/apartment,Thumbnail,CA
8627,1350,2.0,3,1391,43.4468,-96.8378,housing/rent/apartment,Thumbnail,SD
8628,1695,2.5,3,1392,40.6194,-116.9378,housing/rent/apartment,Thumbnail,NV
8629,1146,2.0,3,1392,39.267,-84.2921,housing/rent/apartment,Thumbnail,OH
8632,3810,2.5,3,1395,39.0004,-77.1051,housing/rent/apartment,Thumbnail,MD
8634,1400,2.5,4,1395,35.6101,-78.4715,housing/rent/apartment,Thumbnail,NC
8636,2155,2.5,3,1396,30.3054,-97.7497,housing/rent/apartment,Thumbnail,TX
8637,1795,2.5,2,1396,26.0066,-80.2959,housing/rent/apartment,Thumbnail,FL
8638,795,1.0,2,1397,41.4794,-81.5609,housing/rent/apartment,Thumbnail,OH
8639,1995,2.0,2,1398,40.2206,-74.7174,housing/rent/apartment,Thumbnail,NJ
8640,1499,2.0,3,1398,32.7407,-97.3394,housing/rent/apartment,Thumbnail,TX
8641,1229,2.0,2,1399,35.79,-78.9465,housing/rent/apartment,Thumbnail,NC
8642,3750,2.0,4,1400,36.9873,-122.016,housing/rent/apartment,Thumbnail,CA
8643,3495,2.0,2,1400,38.9118,-77.0132,housing/rent/apartment,Thumbnail,DC
8646,2695,1.0,3,1400,40.936,-73.7568,housing/rent/apartment,Thumbnail,NY
8647,2460,2.0,2,1400,34.164,-118.4984,housing/rent/apartment,Thumbnail,CA
8648,2450,2.0,3,1400,34.084,-118.1356,housing/rent/apartment,Thumbnail,CA
8649,2400,2.5,2,1400,37.53,-77.477,housing/rent/apartment,Thumbnail,VA
8650,2400,1.5,2,1400,43.585,-70.3706,housing/rent/apartment,Thumbnail,ME
8651,2400,2.0,2,1400,41.8989,-87.6562,housing/rent/apartment,Thumbnail,IL
8652,2190,3.5,3,1400,39.3191,-76.6126,housing/rent/apartment,Thumbnail,MD
8653,2099,3.0,3,1400,39.1471,-86.5136,housing/rent/apartment,Thumbnail,IN
8655,2012,2.0,3,1400,28.2966,-81.6162,housing/rent/apartment,Thumbnail,FL
8657,1700,2.0,3,1400,42.9497,-85.6417,housing/rent/apartment,Thumbnail,MI
8658,1695,2.5,3,1400,41.621,-88.4317,housing/rent/apartment,Thumbnail,IL
8659,1676,2.0,3,1400,30.3054,-97.7497,housing/rent/apartment,Thumbnail,TX
8660,1600,1.0,2,1400,41.8625,-87.6825,housing/rent/apartment,Thumbnail,IL
8661,1550,2.0,2,1400,30.1931,-85.7746,housing/rent/apartment,Thumbnail,FL
8663,1429,2.5,2,1400,36.9427,-76.253,housing/rent/apartment,Thumbnail,VA
8664,1400,1.0,2,1400,39.1679,-84.4933,housing/rent/apartment,Thumbnail,OH
8666,1375,2.5,3,1400,35.823,-78.6438,housing/rent/apartment,Thumbnail,NC
8667,1300,2.0,3,1400,29.7714,-95.4343,housing/rent/apartment,Thumbnail,TX
8670,1295,3.0,3,1400,37.9488,-91.7628,housing/rent/apartment,Thumbnail,MO
8671,1295,3.0,3,1400,37.9488,-91.7628,housing/rent/apartment,Thumbnail,MO
8672,1295,1.0,3,1400,29.4624,-98.5253,housing/rent/apartment,Thumbnail,TX
8673,1250,2.0,2,1400,36.6198,-93.2647,housing/rent/apartment,Thumbnail,MO
8674,1199,2.5,3,1400,61.594,-149.4124,housing/rent/apartment,Thumbnail,AK
8679,995,2.5,2,1400,36.0785,-94.1531,housing/rent/apartment,Thumbnail,AR
8680,995,1.5,2,1400,40.8464,-81.2608,housing/rent/apartment,Thumbnail,OH
8681,895,1.0,2,1400,43.5884,-96.5752,housing/rent/apartment,Thumbnail,SD
8682,895,1.0,2,1400,43.5884,-96.5752,housing/rent/apartment,Thumbnail,SD
8683,800,1.0,3,1400,42.3706,-83.1003,housing/rent/apartment,Thumbnail,MI
8684,1419,2.0,3,1402,33.8614,-84.5382,housing/rent/apartment,Thumbnail,GA
8685,1400,2.0,2,1402,27.0717,-82.3833,housing/rent/apartment,Thumbnail,FL
8686,1099,2.0,3,1402,39.7953,-86.1387,housing/rent/apartment,Thumbnail,IN
8687,2950,1.0,1,1403,42.328,-71.071,housing/rent/apartment,Thumbnail,MA
8688,2125,2.0,3,1403,39.2144,-76.8797,housing/rent/apartment,No,MD
8689,1915,1.5,2,1405,39.2906,-84.3347,housing/rent/apartment,Yes,OH
8691,1790,2.5,3,1406,33.5407,-86.6852,housing/rent/apartment,Thumbnail,AL
8692,1695,1.0,3,1406,45.6558,-122.5888,housing/rent/apartment,Thumbnail,WA
8693,950,1.5,3,1406,41.487,-90.57,housing/rent/apartment,Thumbnail,IL
8694,1785,3.0,3,1407,26.6045,-80.1102,housing/rent/apartment,Thumbnail,FL
8696,1325,2.0,3,1407,29.7714,-95.4343,housing/rent/apartment,Thumbnail,TX
8697,1105,2.0,3,1407,33.4632,-94.0736,housing/rent/apartment,Thumbnail,TX
8698,4100,2.0,2,1408,47.616,-122.3275,housing/rent/apartment,Thumbnail,WA
8699,1299,2.0,3,1408,29.4782,-98.2759,housing/rent/apartment,Thumbnail,TX
8701,1750,2.0,2,1410,39.5361,-76.2912,housing/rent/apartment,Yes,MD
8703,1599,3.0,3,1410,32.9075,-96.6339,housing/rent/apartment,Thumbnail,TX
8704,1500,2.0,3,1410,35.1872,-101.8587,housing/rent/apartment,Thumbnail,TX
8706,1780,2.0,2,1412,34.0299,-84.2425,housing/rent/apartment,Thumbnail,GA
8707,1500,3.0,3,1412,33.1932,-87.5349,housing/rent/apartment,Thumbnail,AL
8709,1325,2.0,3,1412,33.8691,-84.7686,housing/rent/apartment,Thumbnail,GA
8710,1775,2.5,2,1413,39.205,-84.3987,housing/rent/apartment,Thumbnail,OH
8712,3625,2.5,3,1414,38.9118,-77.0132,housing/rent/apartment,Thumbnail,DC
8713,2870,2.0,3,1415,39.1649,-76.7156,housing/rent/apartment,Thumbnail,MD
8715,2560,2.0,2,1416,32.7809,-96.8035,housing/rent/apartment,Thumbnail,TX
8717,1499,2.0,3,1416,35.1149,-80.7015,housing/rent/apartment,Thumbnail,NC
8718,1349,2.0,4,1416,32.9075,-96.6339,housing/rent/apartment,Thumbnail,TX
8719,1249,2.0,3,1416,33.9217,-84.8634,housing/rent/apartment,Thumbnail,GA
8720,1822,2.0,4,1417,47.4081,-122.3162,housing/rent/apartment,Thumbnail,WA
8722,2250,1.0,4,1418,43.0724,-89.4003,housing/rent/apartment,Thumbnail,WI
8723,1525,2.5,3,1419,30.0066,-97.8071,housing/rent/apartment,Thumbnail,TX
8725,2770,2.0,2,1422,40.8876,-74.0499,housing/rent/apartment,Yes,NJ
8726,1295,2.5,3,1422,47.9179,-97.0658,housing/rent/apartment,Thumbnail,ND
8731,1495,2.5,3,1425,38.9329,-94.7538,housing/rent/apartment,Thumbnail,KS
8734,3500,2.5,2,1428,42.1666,-70.9511,housing/rent/apartment,Thumbnail,MA
8735,2200,2.0,1,1428,43.6046,-116.2475,housing/rent/apartment,Thumbnail,ID
8737,1474,2.0,3,1429,34.0007,-84.4665,housing/rent/apartment,Yes,GA
8739,1150,2.0,3,1429,35.2441,-97.4144,housing/rent/apartment,No,OK
8741,1900,1.5,3,1430,43.6046,-116.2475,housing/rent/apartment,Thumbnail,ID
8742,1550,2.5,3,1430,29.7398,-98.1021,housing/rent/apartment,Thumbnail,TX
8743,1299,2.0,3,1430,29.7714,-95.4343,housing/rent/apartment,Thumbnail,TX
8744,1875,2.0,3,1432,30.4433,-97.6282,housing/rent/apartment,Thumbnail,TX
8745,1875,2.0,3,1432,30.4433,-97.6282,housing/rent/apartment,Thumbnail,TX
8746,2799,2.5,2,1433,39.1649,-76.7156,housing/rent/apartment,Thumbnail,MD
8747,2600,2.5,2,1434,37.9389,-122.3331,housing/rent/apartment,Thumbnail,CA
8748,2200,2.0,2,1434,36.137,-86.783,housing/rent/apartment,Thumbnail,TN
8749,1880,2.0,2,1436,40.2659,-74.6959,housing/rent/apartment,Thumbnail,NJ
8750,1740,2.0,2,1436,32.9661,-96.7988,housing/rent/apartment,Thumbnail,TX
8752,1739,2.5,2,1438,30.4433,-97.6282,housing/rent/apartment,Thumbnail,TX
8753,1499,2.0,3,1438,30.4973,-97.8276,housing/rent/apartment,Thumbnail,TX
8754,1525,2.0,4,1439,43.7012,-85.4657,housing/rent/apartment,Thumbnail,MI
8755,4000,2.5,2,1440,32.6596,-117.1595,housing/rent/apartment,Thumbnail,CA
8756,2550,2.0,3,1440,47.616,-122.3275,housing/rent/apartment,Thumbnail,WA
8757,2295,1.0,4,1440,43.0724,-89.4003,housing/rent/apartment,Thumbnail,WI
8758,2145,2.0,3,1440,30.4433,-97.6282,housing/rent/apartment,Thumbnail,TX
8759,1975,2.0,3,1440,30.6505,-97.6809,housing/rent/apartment,Thumbnail,TX
8760,1449,2.0,3,1440,35.414,-80.8526,housing/rent/apartment,Thumbnail,NC
8761,1367,2.5,3,1440,41.7216,-93.6074,housing/rent/apartment,Thumbnail,IA
8764,1099,2.0,3,1440,39.6093,-86.139,housing/rent/apartment,Thumbnail,IN
8767,1135,2.0,3,1443,36.0746,-79.0777,housing/rent/apartment,Thumbnail,NC
8768,1599,2.0,3,1444,36.0402,-86.6385,housing/rent/apartment,Thumbnail,TN
8769,1499,2.0,3,1444,32.7025,-97.1196,housing/rent/apartment,Thumbnail,TX
8771,1199,2.0,3,1444,30.0871,-95.4685,housing/rent/apartment,Thumbnail,TX
8772,1599,2.0,3,1445,32.5807,-97.138,housing/rent/apartment,Thumbnail,TX
8773,2450,2.0,4,1446,26.1343,-80.233,housing/rent/apartment,Thumbnail,FL
8774,1849,2.0,3,1446,34.025,-84.3128,housing/rent/apartment,Yes,GA
8777,1818,2.0,4,1449,47.8318,-122.2834,housing/rent/apartment,Thumbnail,WA
8780,3995,2.0,2,1450,37.552,-122.306,housing/rent/apartment,Thumbnail,CA
8781,1599,2.5,3,1450,42.2368,-83.6103,housing/rent/apartment,Thumbnail,MI
8782,1500,2.0,3,1450,29.4624,-98.5253,housing/rent/apartment,Thumbnail,TX
8783,1425,2.0,4,1450,35.2016,-80.8124,housing/rent/apartment,Thumbnail,NC
8784,1340,1.0,3,1450,43.0637,-88.1403,housing/rent/apartment,Thumbnail,WI
8785,1199,2.0,3,1450,34.0505,-81.0098,housing/rent/apartment,Thumbnail,SC
8787,2350,2.5,2,1451,38.5587,-121.432,housing/rent/apartment,Thumbnail,CA
8788,1755,3.0,3,1452,36.1519,-79.8168,housing/rent/apartment,Thumbnail,NC
8789,1349,2.0,3,1452,33.9217,-84.8634,housing/rent/apartment,Thumbnail,GA
8791,1525,2.0,3,1454,30.4528,-87.2644,housing/rent/apartment,Thumbnail,FL
8793,1249,2.0,3,1454,30.0021,-95.2555,housing/rent/apartment,Thumbnail,TX
8794,2665,2.5,2,1455,40.8367,-74.1027,housing/rent/apartment,Yes,NJ
8795,2229,2.0,3,1455,32.9314,-97.0956,housing/rent/apartment,Thumbnail,TX
8796,1450,2.0,2,1455,36.0516,-115.0235,housing/rent/apartment,Thumbnail,NV
8797,1800,2.0,3,1456,61.3186,-149.5355,housing/rent/apartment,Thumbnail,AK
8799,1399,2.0,3,1456,33.939,-81.3118,housing/rent/apartment,Thumbnail,SC
8801,1575,2.0,3,1457,43.6046,-116.2475,housing/rent/apartment,Thumbnail,ID
8803,1250,2.0,4,1457,33.5953,-86.1298,housing/rent/apartment,Thumbnail,AL
8804,1250,2.0,4,1457,33.5953,-86.1298,housing/rent/apartment,Thumbnail,AL
8806,1700,2.5,3,1459,30.6505,-97.6809,housing/rent/apartment,Thumbnail,TX
8807,1425,2.0,3,1459,27.7164,-82.4294,housing/rent/apartment,Thumbnail,FL
8808,3150,2.0,3,1460,40.6999,-74.3233,housing/rent/apartment,No,NJ
8809,1450,1.0,3,1460,32.7407,-97.3394,housing/rent/apartment,Thumbnail,TX
8810,1299,2.0,3,1460,35.2016,-80.8124,housing/rent/apartment,Thumbnail,NC
8811,1650,2.0,3,1461,27.8492,-82.3155,housing/rent/apartment,Thumbnail,FL
8812,1475,2.0,3,1463,35.2016,-80.8124,housing/rent/apartment,Thumbnail,NC
8815,925,2.0,3,1465,35.358,-94.3964,housing/rent/apartment,Thumbnail,AR
8816,2950,2.0,5,1467,39.1471,-86.5136,housing/rent/apartment,Thumbnail,IN
8817,1399,2.0,4,1468,32.7407,-97.3394,housing/rent/apartment,Thumbnail,TX
8818,3240,2.0,4,1470,39.1679,-84.4933,housing/rent/apartment,Thumbnail,OH
8819,2424,2.0,2,1470,32.7809,-96.8035,housing/rent/apartment,Thumbnail,TX
8821,960,3.0,3,1470,40.4969,-86.9659,housing/rent/apartment,Thumbnail,IN
8823,1495,2.0,3,1472,32.5284,-97.3119,housing/rent/apartment,No,TX
8824,1550,2.5,3,1473,29.2828,-94.8253,housing/rent/apartment,Thumbnail,TX
8825,1217,2.0,2,1473,35.7589,-78.778,housing/rent/apartment,Thumbnail,NC
8826,975,2.0,3,1473,44.1812,-88.4881,housing/rent/apartment,Thumbnail,WI
8827,817,2.0,3,1473,43.7815,-88.4411,housing/rent/apartment,Thumbnail,WI
8829,1449,2.0,3,1474,29.7398,-98.1021,housing/rent/apartment,Thumbnail,TX
8830,1449,2.0,3,1474,29.7398,-98.1021,housing/rent/apartment,Thumbnail,TX
8831,1449,2.0,3,1474,29.7398,-98.1021,housing/rent/apartment,Thumbnail,TX
8832,1550,2.0,3,1475,30.4415,-91.1012,housing/rent/apartment,Thumbnail,LA
8833,1771,2.0,4,1476,47.3851,-122.1882,housing/rent/apartment,Thumbnail,WA
8834,1449,2.0,3,1476,29.7714,-95.4343,housing/rent/apartment,Thumbnail,TX
8835,675,1.0,1,1476,42.9236,-74.1709,housing/rent/apartment,Thumbnail,NY
8836,1425,2.0,3,1477,36.1519,-79.8168,housing/rent/apartment,Thumbnail,NC
8837,4995,3.0,4,1480,40.722,-74.0644,housing/rent/apartment,Thumbnail,NJ
8838,1710,3.0,3,1480,33.1979,-87.5419,housing/rent/apartment,Thumbnail,AL
8839,1449,2.0,3,1480,30.1622,-81.7613,housing/rent/apartment,Thumbnail,FL
8840,1145,2.0,3,1480,35.471,-97.5299,housing/rent/apartment,Thumbnail,OK
8841,1125,1.0,3,1481,32.4645,-93.7879,housing/rent/apartment,Thumbnail,LA
8844,1584,2.0,3,1486,39.0744,-94.5521,housing/rent/apartment,Thumbnail,MO
8845,2895,2.0,4,1488,40.7667,-74.0295,housing/rent/apartment,Yes,NJ
8848,2067,2.5,3,1490,39.065,-76.9815,housing/rent/apartment,Thumbnail,MD
8849,2052,2.5,3,1490,39.065,-76.9815,housing/rent/apartment,Thumbnail,MD
8850,1600,2.0,3,1490,32.8255,-97.1039,housing/rent/apartment,Thumbnail,TX
8852,1300,2.0,3,1490,33.9217,-84.8634,housing/rent/apartment,Thumbnail,GA
8855,3300,2.5,2,1495,40.8488,-73.9736,housing/rent/apartment,Thumbnail,NJ
8856,3299,2.5,2,1495,32.7876,-117.1265,housing/rent/apartment,Thumbnail,CA
8857,1862,2.0,3,1495,33.9295,-84.4662,housing/rent/apartment,Yes,GA
8858,1499,2.0,3,1495,35.2016,-80.8124,housing/rent/apartment,Thumbnail,NC
8860,1750,2.0,3,1496,33.56,-101.8904,housing/rent/apartment,Thumbnail,TX
8861,950,2.0,2,1496,31.3256,-85.8446,housing/rent/apartment,Thumbnail,AL
8862,3050,2.5,3,1497,33.634,-117.6061,housing/rent/apartment,Thumbnail,CA
8863,1995,2.0,2,1498,42.9908,-89.5684,housing/rent/apartment,Thumbnail,WI
8864,1485,2.0,2,1498,36.1854,-86.6004,housing/rent/apartment,Thumbnail,TN
8865,1449,2.0,2,1498,42.5784,-83.032,housing/rent/apartment,Thumbnail,MI
8866,1425,2.0,4,1498,34.0163,-84.6233,housing/rent/apartment,Thumbnail,GA
8867,1812,2.0,3,1499,36.0346,-78.869,housing/rent/apartment,Yes,NC
8868,825,2.0,3,1499,44.3024,-75.4157,housing/rent/apartment,Thumbnail,NY
8869,5695,2.0,3,1500,37.7599,-122.4379,housing/rent/apartment,Thumbnail,CA
8871,4150,1.5,3,1500,34.0372,-118.2972,housing/rent/apartment,Thumbnail,CA
8873,3650,1.0,1,1500,34.0231,-118.4811,housing/rent/apartment,Thumbnail,CA
8874,3400,3.0,4,1500,38.0172,-84.4931,housing/rent/apartment,Thumbnail,KY
8875,3175,1.0,4,1500,42.3584,-71.1318,housing/rent/apartment,Thumbnail,MA
8876,2995,3.0,4,1500,40.1145,-88.2723,housing/rent/apartment,Thumbnail,IL
8877,2927,2.0,2,1500,38.9799,-77.0798,housing/rent/apartment,Thumbnail,MD
8878,2900,2.0,2,1500,34.1375,-118.1656,housing/rent/apartment,No,CA
8880,2600,3.0,4,1500,39.9974,-82.9829,housing/rent/apartment,Thumbnail,OH
8881,2588,2.0,2,1500,38.9799,-77.0798,housing/rent/apartment,Thumbnail,MD
8882,2540,1.0,2,1500,39.736,-104.9819,housing/rent/apartment,Thumbnail,CO
8883,2400,1.0,3,1500,47.616,-122.3275,housing/rent/apartment,Thumbnail,WA
8884,2200,2.0,4,1500,33.7815,-118.1934,housing/rent/apartment,No,CA
8886,1850,2.0,4,1500,39.9974,-82.9829,housing/rent/apartment,Thumbnail,OH
8887,1800,3.0,3,1500,34.3504,-89.519,housing/rent/apartment,Thumbnail,MS
8888,1750,2.0,3,1500,38.6274,-90.304,housing/rent/apartment,Thumbnail,MO
8889,1699,1.0,4,1500,43.0531,-87.9659,housing/rent/apartment,Thumbnail,WI
8893,1500,2.0,2,1500,42.8658,-88.3371,housing/rent/apartment,Thumbnail,WI
8894,1500,1.0,4,1500,39.9974,-82.9829,housing/rent/apartment,Thumbnail,OH
8895,1500,2.5,3,1500,33.5178,-112.0848,housing/rent/apartment,Thumbnail,AZ
8896,1490,2.5,2,1500,42.6646,-83.2739,housing/rent/apartment,Thumbnail,MI
8897,1450,1.0,2,1500,41.8625,-87.6825,housing/rent/apartment,Thumbnail,IL
8898,1450,1.0,2,1500,41.8625,-87.6825,housing/rent/apartment,Thumbnail,IL
8899,1250,1.5,3,1500,37.0867,-76.4941,housing/rent/apartment,Thumbnail,VA
8900,1195,1.0,3,1500,41.2321,-111.9813,housing/rent/apartment,Thumbnail,UT
8901,1145,2.0,2,1500,33.9295,-84.4662,housing/rent/apartment,No,GA
8902,1135,2.0,3,1500,39.1912,-84.4615,housing/rent/apartment,Thumbnail,OH
8903,1100,3.0,3,1500,33.5953,-86.1298,housing/rent/apartment,Thumbnail,AL
8904,1095,1.0,3,1500,43.5329,-96.7265,housing/rent/apartment,Thumbnail,SD
8906,1000,1.0,5,1500,42.9721,-85.9328,housing/rent/apartment,Thumbnail,MI
8908,1000,1.0,3,1500,42.5859,-87.8552,housing/rent/apartment,Thumbnail,WI
8909,950,2.0,2,1500,33.8297,-85.7759,housing/rent/apartment,Thumbnail,AL
8910,925,2.0,3,1500,48.1121,-98.8576,housing/rent/apartment,Thumbnail,ND
8911,750,2.0,3,1500,37.6836,-97.3369,housing/rent/apartment,Thumbnail,KS
8912,725,1.0,3,1500,40.4711,-80.089,housing/rent/apartment,Thumbnail,PA
8913,599,3.5,3,1500,35.2314,-97.5069,housing/rent/apartment,Yes,OK
8914,599,3.5,3,1500,35.2314,-97.5069,housing/rent/apartment,Yes,OK
8916,1727,2.0,3,1502,40.6057,-80.2842,housing/rent/apartment,Yes,PA
8917,1899,2.0,3,1503,39.9223,-76.5763,housing/rent/apartment,Thumbnail,PA
8918,1499,2.0,3,1503,27.8492,-82.3155,housing/rent/apartment,Thumbnail,FL
8919,1181,2.0,3,1503,36.0746,-79.0777,housing/rent/apartment,Thumbnail,NC
8921,1249,3.0,3,1504,36.1554,-115.1733,housing/rent/apartment,Thumbnail,NV
8924,1400,2.5,3,1508,39.7953,-86.1387,housing/rent/apartment,Thumbnail,IN
8925,1399,2.0,3,1508,35.2016,-80.8124,housing/rent/apartment,Thumbnail,NC
8927,3400,2.0,4,1512,39.1471,-86.5136,housing/rent/apartment,Thumbnail,IN
8928,2900,2.5,3,1512,38.7999,-77.1072,housing/rent/apartment,Thumbnail,VA
8932,4500,1.5,3,1515,37.7904,-122.2151,housing/rent/apartment,Thumbnail,CA
8933,1299,2.0,4,1516,30.0871,-95.4685,housing/rent/apartment,Thumbnail,TX
8935,1795,2.5,3,1518,41.6475,-93.4713,housing/rent/apartment,Thumbnail,IA
8937,2600,3.0,2,1519,39.736,-104.9819,housing/rent/apartment,Thumbnail,CO
8938,3000,2.5,2,1520,33.4452,-117.6264,housing/rent/apartment,Thumbnail,CA
8939,1540,4.0,4,1520,30.439,-84.3168,housing/rent/apartment,Thumbnail,FL
8940,1399,2.0,3,1520,29.7714,-95.4343,housing/rent/apartment,Thumbnail,TX
8941,1399,2.0,3,1520,33.9569,-84.0214,housing/rent/apartment,Thumbnail,GA
8942,1299,2.0,3,1520,29.7714,-95.4343,housing/rent/apartment,Thumbnail,TX
8943,1720,2.0,2,1521,42.2689,-88.061,housing/rent/apartment,Thumbnail,IL
8944,2150,2.0,2,1522,29.4624,-98.5253,housing/rent/apartment,Thumbnail,TX
8945,1795,2.5,3,1522,34.0718,-84.2525,housing/rent/apartment,Thumbnail,GA
8946,4145,2.0,2,1524,34.1549,-118.1275,housing/rent/apartment,Thumbnail,CA
8947,1295,2.5,3,1524,29.4624,-98.5253,housing/rent/apartment,Thumbnail,TX
8948,3250,2.5,3,1525,33.5585,-117.6695,housing/rent/apartment,Thumbnail,CA
8949,1695,2.5,3,1525,46.8296,-100.8908,housing/rent/apartment,Thumbnail,ND
8950,1691,2.0,3,1526,34.0791,-84.2039,housing/rent/apartment,Thumbnail,GA
8951,3245,2.5,3,1527,40.7766,-74.3914,housing/rent/apartment,Yes,NJ
8952,1450,2.5,3,1528,42.2686,-84.945,housing/rent/apartment,Thumbnail,MI
8953,1125,2.0,3,1528,35.2399,-97.4552,housing/rent/apartment,Thumbnail,OK
8954,1375,1.0,0,1530,41.2562,-96.0404,housing/rent/apartment,Thumbnail,NE
8955,1199,3.0,3,1530,34.119,-81.1962,housing/rent/apartment,Thumbnail,SC
8956,1199,2.0,3,1532,39.7953,-86.1387,housing/rent/apartment,Thumbnail,IN
8957,1973,2.0,3,1533,39.4915,-76.6609,housing/rent/apartment,Thumbnail,MD
8958,2595,2.0,2,1534,40.8876,-74.0499,housing/rent/apartment,Thumbnail,NJ
8959,975,1.5,3,1534,35.4622,-97.3764,housing/rent/apartment,Thumbnail,OK
8961,2200,1.0,4,1536,38.9401,-92.3167,housing/rent/apartment,Thumbnail,MO
8963,2945,2.5,2,1538,44.9855,-93.3023,housing/rent/apartment,Thumbnail,MN
8964,1574,2.0,3,1538,32.7025,-97.1196,housing/rent/apartment,Thumbnail,TX
8965,1500,3.5,3,1539,33.1932,-87.5349,housing/rent/apartment,Thumbnail,AL
8968,1250,2.0,3,1540,39.0296,-96.8345,housing/rent/apartment,Thumbnail,KS
8969,3325,2.0,2,1541,41.5073,-81.6046,housing/rent/apartment,Thumbnail,OH
8970,3325,2.0,2,1541,41.5073,-81.6046,housing/rent/apartment,Thumbnail,OH
8971,2195,2.0,2,1541,41.3806,-72.8618,housing/rent/apartment,Thumbnail,CT
8972,2000,2.0,3,1541,39.6041,-104.8594,housing/rent/apartment,Thumbnail,CO
8973,1865,2.0,3,1542,29.4624,-98.5253,housing/rent/apartment,Thumbnail,TX
8974,1695,2.5,3,1542,46.8013,-100.7562,housing/rent/apartment,Thumbnail,ND
8975,1695,2.5,3,1542,46.8013,-100.7562,housing/rent/apartment,Thumbnail,ND
8977,1695,2.5,3,1542,46.8013,-100.7562,housing/rent/apartment,Thumbnail,ND
8978,1650,2.5,3,1542,46.8296,-100.8908,housing/rent/apartment,Thumbnail,ND
8979,1650,2.5,3,1542,46.8013,-100.7562,housing/rent/apartment,Thumbnail,ND
8980,1599,2.5,3,1542,46.8296,-100.8908,housing/rent/apartment,Thumbnail,ND
8982,1499,2.0,3,1544,30.2989,-81.6324,housing/rent/apartment,Thumbnail,FL
8985,4795,2.5,3,1550,33.0534,-117.266,housing/rent/apartment,Thumbnail,CA
8986,2800,2.0,3,1550,42.3426,-71.1985,housing/rent/apartment,Thumbnail,MA
8987,2645,2.5,2,1550,39.2735,-76.8674,housing/rent/apartment,Yes,MD
8988,1795,1.0,2,1550,44.9855,-93.3023,housing/rent/apartment,Thumbnail,MN
8989,1695,2.5,3,1550,41.6251,-93.7375,housing/rent/apartment,Thumbnail,IA
8990,1570,2.0,3,1550,40.4678,-79.9134,housing/rent/apartment,Yes,PA
8991,1395,2.0,3,1550,47.9179,-97.0658,housing/rent/apartment,Thumbnail,ND
8993,1150,3.0,2,1550,38.7608,-90.4129,housing/rent/apartment,Thumbnail,MO
8995,3950,3.0,4,1552,42.2711,-83.745,housing/rent/apartment,Thumbnail,MI
8996,1450,2.0,2,1552,43.7545,-87.7404,housing/rent/apartment,Thumbnail,WI
8997,1360,2.5,2,1552,27.9275,-82.2984,housing/rent/apartment,Thumbnail,FL
8998,1199,2.0,3,1553,29.4624,-98.5253,housing/rent/apartment,Thumbnail,TX
9000,4450,1.0,5,1555,42.328,-71.071,housing/rent/apartment,Thumbnail,MA
9001,1449,2.0,3,1555,27.7164,-82.4294,housing/rent/apartment,Thumbnail,FL
9002,1700,1.0,2,1556,38.6274,-90.304,housing/rent/apartment,Thumbnail,MO
9003,2195,2.0,3,1558,33.945,-117.4074,housing/rent/apartment,Thumbnail,CA
9005,2475,2.0,3,1559,39.1008,-76.8827,housing/rent/apartment,Thumbnail,MD
9006,1750,2.0,3,1559,32.5807,-97.138,housing/rent/apartment,Thumbnail,TX
9007,2995,2.0,4,1560,43.0724,-89.4003,housing/rent/apartment,Thumbnail,WI
9008,1325,2.0,3,1560,35.5795,-80.8153,housing/rent/apartment,Thumbnail,NC
9010,1645,2.5,3,1562,46.8013,-100.7562,housing/rent/apartment,Thumbnail,ND
9011,1349,2.0,3,1564,35.6101,-78.4715,housing/rent/apartment,Thumbnail,NC
9012,1225,2.0,4,1566,34.5687,-92.5783,housing/rent/apartment,Thumbnail,AR
9014,1199,2.0,3,1566,34.0861,-81.1418,housing/rent/apartment,Thumbnail,SC
9015,1100,1.0,1,1567,42.2329,-83.2689,housing/rent/apartment,Thumbnail,MI
9016,2295,1.0,5,1568,43.0724,-89.4003,housing/rent/apartment,Thumbnail,WI
9017,1399,2.0,3,1568,33.5178,-112.0848,housing/rent/apartment,Thumbnail,AZ
9018,7500,2.0,3,1570,37.7599,-122.4379,housing/rent/apartment,Thumbnail,CA
9019,2995,2.0,3,1570,34.2802,-119.2268,housing/rent/apartment,Thumbnail,CA
9020,1495,2.0,3,1570,40.5425,-111.9637,housing/rent/apartment,Thumbnail,UT
9024,2000,2.0,3,1574,34.2009,-118.8636,housing/rent/apartment,Thumbnail,CA
9025,1549,2.0,3,1574,27.9275,-82.2984,housing/rent/apartment,Thumbnail,FL
9028,1425,2.0,3,1575,35.6101,-78.4715,housing/rent/apartment,Thumbnail,NC
9029,1349,2.0,3,1578,29.9884,-95.6728,housing/rent/apartment,Thumbnail,TX
9030,1350,2.0,3,1580,36.0785,-94.1531,housing/rent/apartment,Thumbnail,AR
9031,1950,2.0,3,1581,32.9631,-96.7212,housing/rent/apartment,Thumbnail,TX
9032,1449,2.0,3,1581,33.9217,-84.8634,housing/rent/apartment,Thumbnail,GA
9034,1299,2.0,3,1582,29.7714,-95.4343,housing/rent/apartment,Thumbnail,TX
9035,1395,2.0,2,1583,33.8785,-84.2487,housing/rent/apartment,Thumbnail,GA
9036,3500,2.5,3,1584,38.7999,-77.1072,housing/rent/apartment,Thumbnail,VA
9038,1425,2.0,3,1586,35.224,-81.1809,housing/rent/apartment,Thumbnail,NC
9040,1352,3.0,3,1588,30.3054,-97.7497,housing/rent/apartment,Thumbnail,TX
9041,2995,2.0,3,1590,41.8625,-87.6825,housing/rent/apartment,Thumbnail,IL
9042,2750,2.0,3,1590,33.3898,-111.9272,housing/rent/apartment,Thumbnail,AZ
9044,1199,3.0,3,1591,39.4846,-86.0525,housing/rent/apartment,Thumbnail,IN
9045,1795,2.5,3,1592,41.621,-88.4317,housing/rent/apartment,Thumbnail,IL
9046,1675,2.0,3,1593,42.0259,-93.6516,housing/rent/apartment,Thumbnail,IA
9047,2305,2.0,5,1594,43.0724,-89.4003,housing/rent/apartment,Thumbnail,WI
9048,1675,2.0,3,1594,28.6921,-81.5149,housing/rent/apartment,Thumbnail,FL
9050,4995,2.0,3,1595,27.3181,-82.4987,housing/rent/apartment,Thumbnail,FL
9051,2089,2.0,2,1595,40.4249,-79.981,housing/rent/apartment,Yes,PA
9052,1350,2.0,3,1595,36.0785,-94.1531,housing/rent/apartment,Thumbnail,AR
9054,1449,2.0,3,1596,33.6047,-112.2456,housing/rent/apartment,Thumbnail,AZ
9055,1425,2.5,2,1596,35.4047,-80.6098,housing/rent/apartment,Thumbnail,NC
9057,3000,3.5,3,1597,26.1343,-80.233,housing/rent/apartment,Thumbnail,FL
9060,3000,2.0,3,1600,40.6496,-73.9596,housing/rent/apartment,Thumbnail,NY
9061,2490,1.0,1,1600,41.265,-77.0338,housing/rent/apartment,Thumbnail,PA
9062,1799,2.0,4,1600,43.0531,-87.9659,housing/rent/apartment,Thumbnail,WI
9063,1799,2.0,3,1600,43.0531,-87.9659,housing/rent/apartment,Thumbnail,WI
9065,1760,2.0,3,1600,40.0054,-75.1415,housing/rent/apartment,Thumbnail,PA
9066,1740,2.0,2,1600,26.7173,-80.1164,housing/rent/apartment,Thumbnail,FL
9068,1500,2.0,3,1600,42.0259,-93.6516,housing/rent/apartment,Thumbnail,IA
9069,1495,2.0,2,1600,39.3191,-76.6126,housing/rent/apartment,Thumbnail,MD
9070,1375,2.0,3,1600,35.5795,-80.8153,housing/rent/apartment,Thumbnail,NC
9071,1260,1.0,2,1600,39.1471,-86.5136,housing/rent/apartment,Thumbnail,IN
9073,1249,2.0,4,1600,33.9531,-81.2381,housing/rent/apartment,Thumbnail,SC
9074,1145,2.0,3,1600,35.4975,-97.7329,housing/rent/apartment,Thumbnail,OK
9075,900,1.5,2,1600,39.3548,-94.7961,housing/rent/apartment,Thumbnail,MO
9076,886,2.5,3,1600,33.8091,-84.238,housing/rent/apartment,Thumbnail,GA
9077,886,2.5,3,1600,33.8091,-84.238,housing/rent/apartment,Thumbnail,GA
9078,825,2.0,2,1600,33.6679,-85.8096,housing/rent/apartment,Thumbnail,AL
9080,1995,2.0,2,1601,43.6046,-116.2475,housing/rent/apartment,Thumbnail,ID
9081,1425,2.0,4,1601,35.4047,-80.6098,housing/rent/apartment,Thumbnail,NC
9082,1399,2.0,3,1603,29.7897,-95.1191,housing/rent/apartment,Thumbnail,TX
9083,1299,2.0,3,1604,35.2016,-80.8124,housing/rent/apartment,Thumbnail,NC
9084,1399,2.0,4,1607,35.4047,-80.6098,housing/rent/apartment,Thumbnail,NC
9087,1400,2.0,2,1610,34.0007,-84.4665,housing/rent/apartment,Yes,GA
9088,1399,2.0,3,1610,30.0871,-95.4685,housing/rent/apartment,Thumbnail,TX
9089,1462,2.0,3,1611,35.7589,-78.778,housing/rent/apartment,Thumbnail,NC
9090,4000,2.0,2,1612,32.6596,-117.1595,housing/rent/apartment,Thumbnail,CA
9092,2455,3.0,4,1613,32.8524,-97.0886,housing/rent/apartment,Yes,TX
9094,2595,2.0,3,1615,33.2181,-117.3166,housing/rent/apartment,Thumbnail,CA
9095,2500,2.0,3,1615,42.5067,-83.1545,housing/rent/apartment,Thumbnail,MI
9096,1595,2.0,4,1616,30.4337,-95.4703,housing/rent/apartment,Thumbnail,TX
9097,1441,2.0,3,1617,32.8255,-97.1039,housing/rent/apartment,Yes,TX
9098,1365,2.0,4,1620,33.155,-86.7175,housing/rent/apartment,Thumbnail,AL
9099,1699,3.0,4,1621,30.0871,-95.4685,housing/rent/apartment,Thumbnail,TX
9100,771,2.0,3,1621,43.9695,-88.9496,housing/rent/apartment,Thumbnail,WI
9101,1235,1.0,3,1622,41.6899,-71.5926,housing/rent/apartment,Thumbnail,RI
9102,844,2.0,3,1623,44.9056,-89.5715,housing/rent/apartment,Thumbnail,WI
9104,1200,2.5,3,1624,33.1932,-87.5349,housing/rent/apartment,Thumbnail,AL
9105,1700,3.0,3,1625,37.2312,-80.4159,housing/rent/apartment,Thumbnail,VA
9106,1549,2.0,2,1626,39.9513,-84.1778,housing/rent/apartment,Thumbnail,OH
9107,1499,2.0,4,1627,29.4624,-98.5253,housing/rent/apartment,Thumbnail,TX
9108,1250,3.0,2,1627,35.7797,-78.7859,housing/rent/apartment,Thumbnail,NC
9109,1580,2.0,3,1630,34.2494,-84.1748,housing/rent/apartment,Yes,GA
9111,1649,2.0,3,1631,32.5942,-96.7624,housing/rent/apartment,Thumbnail,TX
9112,1450,2.0,2,1632,30.5759,-97.4167,housing/rent/apartment,Thumbnail,TX
9113,1399,2.0,4,1633,34.0656,-84.6658,housing/rent/apartment,Thumbnail,GA
9114,2172,2.5,2,1635,32.8123,-96.8146,housing/rent/apartment,Thumbnail,TX
9117,2195,2.5,2,1640,44.0559,-121.3041,housing/rent/apartment,Thumbnail,OR
9118,1199,2.0,3,1642,28.3173,-82.6935,housing/rent/apartment,Thumbnail,FL
9119,2800,2.5,3,1647,39.1471,-86.5136,housing/rent/apartment,Thumbnail,IN
9120,1449,2.0,4,1648,30.2989,-81.6324,housing/rent/apartment,Thumbnail,FL
9121,1325,2.0,3,1648,29.4624,-98.5253,housing/rent/apartment,Thumbnail,TX
9122,1550,1.5,2,1649,41.5927,-93.6276,housing/rent/apartment,Thumbnail,IA
9123,4395,2.0,3,1650,40.9842,-73.6899,housing/rent/apartment,Thumbnail,NY
9124,2200,2.5,3,1650,39.204,-76.8558,housing/rent/apartment,Thumbnail,MD
9125,1799,3.0,3,1650,41.2562,-96.0404,housing/rent/apartment,Thumbnail,NE
9127,1425,2.5,3,1650,35.8514,-86.3903,housing/rent/apartment,Thumbnail,TN
9128,1395,2.0,3,1650,35.823,-78.6438,housing/rent/apartment,Thumbnail,NC
9129,1350,1.0,2,1650,35.823,-78.6438,housing/rent/apartment,Thumbnail,NC
9133,1449,2.0,3,1652,30.0021,-95.2555,housing/rent/apartment,Thumbnail,TX
9134,1000,2.0,4,1654,44.3024,-75.4157,housing/rent/apartment,Thumbnail,NY
9135,1495,2.0,3,1655,33.56,-101.8904,housing/rent/apartment,Thumbnail,TX
9137,1795,2.5,3,1656,45.7905,-122.6885,housing/rent/apartment,Thumbnail,WA
9138,1795,2.5,3,1656,45.7905,-122.6885,housing/rent/apartment,Thumbnail,WA
9139,1349,2.0,3,1656,35.2016,-80.8124,housing/rent/apartment,Thumbnail,NC
9140,1499,2.0,3,1657,33.8427,-84.0113,housing/rent/apartment,Thumbnail,GA
9141,1800,2.5,3,1660,37.313,-89.5418,housing/rent/apartment,Thumbnail,MO
9142,1749,2.0,3,1662,33.9531,-81.2381,housing/rent/apartment,Thumbnail,SC
9143,1425,2.0,3,1662,29.4624,-98.5253,housing/rent/apartment,Thumbnail,TX
9145,1499,2.0,3,1665,35.2016,-80.8124,housing/rent/apartment,Thumbnail,NC
9146,1599,2.0,3,1666,36.0402,-86.6385,housing/rent/apartment,Thumbnail,TN
9147,1749,2.0,3,1667,32.7025,-97.1196,housing/rent/apartment,Thumbnail,TX
9149,1295,2.5,3,1668,48.2469,-101.3017,housing/rent/apartment,Thumbnail,ND
9150,1350,2.0,3,1670,35.358,-94.3964,housing/rent/apartment,Thumbnail,AR
9152,1400,2.0,3,1671,35.1872,-101.8587,housing/rent/apartment,Thumbnail,TX
9153,1399,2.0,4,1672,30.1049,-95.2583,housing/rent/apartment,Thumbnail,TX
9156,2995,3.0,3,1675,47.75,-122.24,housing/rent/apartment,Thumbnail,WA
9157,2600,1.0,2,1675,38.041,-78.4898,housing/rent/apartment,Thumbnail,VA
9158,2700,2.0,2,1676,42.4897,-83.1395,housing/rent/apartment,Thumbnail,MI
9159,2995,2.5,4,1677,37.6812,-121.7519,housing/rent/apartment,Thumbnail,CA
9160,2895,4.0,4,1679,41.8625,-87.6825,housing/rent/apartment,Thumbnail,IL
9161,5695,2.0,2,1680,34.0806,-118.4029,housing/rent/apartment,Thumbnail,CA
9162,1299,2.0,3,1680,29.7714,-95.4343,housing/rent/apartment,Thumbnail,TX
9164,1625,2.0,4,1684,36.3245,-86.7381,housing/rent/apartment,Thumbnail,TN
9165,1730,2.0,3,1685,32.7025,-97.1196,housing/rent/apartment,Thumbnail,TX
9166,1425,2.0,3,1688,35.2016,-80.8124,housing/rent/apartment,Thumbnail,NC
9168,1700,2.0,3,1690,35.6757,-97.4949,housing/rent/apartment,Thumbnail,OK
9171,1350,2.0,3,1690,35.358,-94.3964,housing/rent/apartment,Thumbnail,AR
9172,1350,2.0,3,1690,35.358,-94.3964,housing/rent/apartment,Thumbnail,AR
9173,4000,3.5,4,1691,37.7078,-122.1435,housing/rent/apartment,Thumbnail,CA
9174,1500,2.0,3,1693,33.155,-86.7175,housing/rent/apartment,Thumbnail,AL
9175,1499,2.0,3,1693,30.0871,-95.4685,housing/rent/apartment,Thumbnail,TX
9176,1675,2.0,3,1695,32.9631,-96.7212,housing/rent/apartment,Thumbnail,TX
9177,2250,2.5,3,1696,47.8318,-122.2834,housing/rent/apartment,Thumbnail,WA
9178,1525,2.0,3,1698,32.5285,-97.3119,housing/rent/apartment,Thumbnail,TX
9179,1475,2.0,3,1699,33.632,-112.3522,housing/rent/apartment,Thumbnail,AZ
9180,3400,2.0,3,1700,41.8625,-87.6825,housing/rent/apartment,Thumbnail,IL
9182,2400,2.0,3,1700,26.9335,-80.1249,housing/rent/apartment,Thumbnail,FL
9183,2395,2.5,3,1700,45.5091,-122.6449,housing/rent/apartment,Thumbnail,OR
9184,2140,2.0,2,1700,39.1679,-84.4933,housing/rent/apartment,Thumbnail,OH
9185,2050,3.5,3,1700,30.5104,-97.9027,housing/rent/apartment,Thumbnail,TX
9187,1990,2.5,2,1700,42.4751,-83.2572,housing/rent/apartment,Thumbnail,MI
9188,1900,3.0,3,1700,41.2562,-96.0404,housing/rent/apartment,Thumbnail,NE
9190,1700,2.0,3,1700,37.7107,-113.0855,housing/rent/apartment,Thumbnail,UT
9192,1370,2.5,3,1700,37.1331,-113.6454,housing/rent/apartment,Thumbnail,UT
9193,1350,2.0,3,1700,35.6217,-97.4702,housing/rent/apartment,Yes,OK
9195,2280,2.0,2,1703,39.1535,-84.4264,housing/rent/apartment,Thumbnail,OH
9196,1775,2.5,3,1704,28.5163,-81.3644,housing/rent/apartment,Thumbnail,FL
9197,1775,2.5,3,1704,28.5163,-81.3644,housing/rent/apartment,Thumbnail,FL
9198,1425,2.0,3,1704,34.9827,-80.5464,housing/rent/apartment,Thumbnail,NC
9199,1599,2.5,3,1705,40.4192,-111.5653,housing/rent/apartment,Thumbnail,UT
9200,1595,2.0,3,1705,36.2392,-75.9014,housing/rent/apartment,Thumbnail,NC
9201,1575,2.0,4,1705,33.5868,-84.3261,housing/rent/apartment,Thumbnail,GA
9202,1499,2.0,4,1706,32.5285,-97.3119,housing/rent/apartment,Thumbnail,TX
9203,1399,2.0,3,1713,33.5944,-112.1837,housing/rent/apartment,Thumbnail,AZ
9205,1495,2.0,4,1715,35.4975,-97.7329,housing/rent/apartment,Thumbnail,OK
9206,1495,2.0,3,1718,38.2009,-85.6999,housing/rent/apartment,Thumbnail,KY
9208,1650,2.0,3,1719,27.4716,-82.5697,housing/rent/apartment,Thumbnail,FL
9209,3399,2.5,3,1721,37.3108,-121.8645,housing/rent/apartment,Thumbnail,CA
9210,1425,2.0,3,1721,30.0021,-95.2555,housing/rent/apartment,Thumbnail,TX
9211,4100,2.5,5,1723,39.1471,-86.5136,housing/rent/apartment,Thumbnail,IN
9212,1599,2.0,3,1723,32.7407,-97.3394,housing/rent/apartment,Thumbnail,TX
9213,1649,2.0,3,1724,32.7835,-96.6121,housing/rent/apartment,Thumbnail,TX
9215,1249,2.0,3,1726,29.4624,-98.5253,housing/rent/apartment,Thumbnail,TX
9216,4995,3.0,3,1728,38.9145,-77.0677,housing/rent/apartment,Thumbnail,DC
9218,1299,2.0,3,1728,39.7953,-86.1387,housing/rent/apartment,Thumbnail,IN
9219,6270,2.0,2,1729,47.616,-122.3275,housing/rent/apartment,Thumbnail,WA
9221,4600,2.5,2,1730,25.7603,-80.3005,housing/rent/apartment,Thumbnail,FL
9222,1495,2.0,4,1730,35.3892,-97.7313,housing/rent/apartment,Thumbnail,OK
9224,3300,2.5,2,1734,37.3108,-121.8645,housing/rent/apartment,Thumbnail,CA
9225,1695,2.5,4,1738,39.4443,-84.3711,housing/rent/apartment,Thumbnail,OH
9226,1695,2.5,4,1738,39.4443,-84.3711,housing/rent/apartment,Thumbnail,OH
9227,1675,2.5,4,1738,39.515,-84.4008,housing/rent/apartment,Thumbnail,OH
9229,1475,2.0,4,1738,35.2016,-80.8124,housing/rent/apartment,Thumbnail,NC
9230,3990,2.5,3,1739,37.3108,-121.8645,housing/rent/apartment,Thumbnail,CA
9231,1800,2.0,3,1747,33.9094,-78.1285,housing/rent/apartment,Thumbnail,NC
9232,6800,2.0,3,1748,37.4356,-122.134,housing/rent/apartment,Thumbnail,CA
9234,3675,2.0,4,1750,41.8625,-87.6825,housing/rent/apartment,Thumbnail,IL
9236,1750,3.5,3,1750,33.56,-101.8904,housing/rent/apartment,Thumbnail,TX
9237,1700,1.0,2,1750,45.5091,-122.6449,housing/rent/apartment,Thumbnail,OR
9240,1550,2.0,3,1750,61.594,-149.4124,housing/rent/apartment,Thumbnail,AK
9241,1500,1.0,4,1750,39.9974,-82.9829,housing/rent/apartment,Thumbnail,OH
9242,1450,2.5,3,1750,38.9329,-94.7538,housing/rent/apartment,Thumbnail,KS
9243,2845,2.0,4,1758,41.8625,-87.6825,housing/rent/apartment,Thumbnail,IL
9244,1450,2.0,3,1758,29.7898,-95.7613,housing/rent/apartment,Thumbnail,TX
9245,2575,2.5,3,1760,33.5178,-112.0848,housing/rent/apartment,Thumbnail,AZ
9246,2400,2.5,3,1760,38.1623,-122.2494,housing/rent/apartment,Thumbnail,CA
9247,1695,2.0,4,1760,47.9179,-97.0658,housing/rent/apartment,Thumbnail,ND
9248,1600,2.0,3,1760,45.8162,-111.1579,housing/rent/apartment,Thumbnail,MT
9250,1350,1.5,3,1760,47.9179,-97.0658,housing/rent/apartment,Thumbnail,ND
9251,1549,2.0,3,1762,30.0021,-95.2555,housing/rent/apartment,Thumbnail,TX
9252,2900,2.0,2,1763,39.1054,-84.5022,housing/rent/apartment,Thumbnail,OH
9253,2098,2.0,5,1764,40.5649,-105.0824,housing/rent/apartment,Thumbnail,CO
9254,1425,2.0,4,1764,35.2635,-80.4266,housing/rent/apartment,Thumbnail,NC
9255,2350,2.5,3,1765,36.137,-86.783,housing/rent/apartment,Thumbnail,TN
9256,1450,2.5,3,1767,37.1663,-113.6657,housing/rent/apartment,Thumbnail,UT
9257,1449,2.0,3,1767,30.0871,-95.4685,housing/rent/apartment,Thumbnail,TX
9258,1299,3.0,3,1772,33.9531,-81.2381,housing/rent/apartment,Thumbnail,SC
9260,2000,2.0,3,1775,27.2688,-82.5169,housing/rent/apartment,Thumbnail,FL
9261,1400,2.0,3,1776,38.8098,-89.9522,housing/rent/apartment,Thumbnail,IL
9262,3695,2.0,4,1778,37.872,-121.6136,housing/rent/apartment,Thumbnail,CA
9263,1650,3.0,2,1778,40.5649,-105.0824,housing/rent/apartment,Thumbnail,CO
9264,2250,2.0,4,1783,30.398,-86.4797,housing/rent/apartment,Thumbnail,FL
9265,2000,4.5,4,1783,29.8831,-97.945,housing/rent/apartment,Thumbnail,TX
9266,1295,2.0,3,1783,35.6757,-97.4949,housing/rent/apartment,Thumbnail,OK
9267,1575,2.0,4,1787,32.8951,-97.4087,housing/rent/apartment,Thumbnail,TX
9268,1449,2.0,3,1788,35.224,-81.1809,housing/rent/apartment,Thumbnail,NC
9269,1399,2.0,3,1788,39.7953,-86.1387,housing/rent/apartment,Thumbnail,IN
9271,1599,2.0,4,1790,33.0096,-97.5351,housing/rent/apartment,Thumbnail,TX
9272,4000,2.0,2,1800,41.8625,-87.6825,housing/rent/apartment,Thumbnail,IL
9273,3400,3.0,3,1800,21.3155,-157.8379,housing/rent/apartment,Thumbnail,HI
9274,2900,2.0,3,1800,32.8113,-79.9947,housing/rent/apartment,Thumbnail,SC
9275,2500,2.0,5,1800,39.1471,-86.5136,housing/rent/apartment,Thumbnail,IN
9278,1995,2.0,3,1800,41.8625,-87.6825,housing/rent/apartment,Thumbnail,IL
9280,1900,2.0,4,1800,38.7258,-75.1742,housing/rent/apartment,Thumbnail,DE
9281,1800,2.0,2,1800,40.3613,-86.9005,housing/rent/apartment,Thumbnail,IN
9282,1795,2.0,3,1800,36.3741,-94.2105,housing/rent/apartment,Thumbnail,AR
9283,1595,2.0,4,1800,37.0835,-113.5823,housing/rent/apartment,Thumbnail,UT
9284,1595,2.0,3,1800,34.947,-81.04,housing/rent/apartment,Thumbnail,SC
9285,1500,1.5,5,1800,42.1397,-75.8993,housing/rent/apartment,Thumbnail,NY
9286,1500,2.0,3,1800,43.6265,-96.9523,housing/rent/apartment,Thumbnail,SD
9289,1375,2.0,3,1800,34.119,-81.1962,housing/rent/apartment,Thumbnail,SC
9290,1265,2.0,3,1800,38.6274,-90.304,housing/rent/apartment,Thumbnail,MO
9291,1200,2.0,4,1800,39.1915,-84.4468,housing/rent/apartment,Yes,OH
9292,995,1.0,2,1800,41.5781,-83.6642,housing/rent/apartment,Thumbnail,OH
9293,995,2.0,2,1800,33.6091,-85.837,housing/rent/apartment,Thumbnail,AL
9294,1610,3.0,4,1801,33.1932,-87.5349,housing/rent/apartment,Thumbnail,AL
9297,2055,1.5,1,1805,40.4673,-74.6336,housing/rent/apartment,Yes,NJ
9298,1695,2.5,4,1805,39.4443,-84.3711,housing/rent/apartment,Thumbnail,OH
9299,1695,2.5,4,1805,39.4443,-84.3711,housing/rent/apartment,Thumbnail,OH
9300,1695,2.5,4,1805,39.4443,-84.3711,housing/rent/apartment,Thumbnail,OH
9301,1695,2.5,4,1805,39.4443,-84.3711,housing/rent/apartment,Thumbnail,OH
9303,1549,2.0,3,1806,29.925,-95.0704,housing/rent/apartment,Thumbnail,TX
9306,1249,3.0,4,1810,34.119,-81.1962,housing/rent/apartment,Thumbnail,SC
9307,1525,2.5,3,1811,35.0673,-92.3808,housing/rent/apartment,Thumbnail,AR
9308,1895,2.5,4,1812,39.1679,-84.4933,housing/rent/apartment,Thumbnail,OH
9309,1990,4.0,3,1815,39.327,-104.8282,housing/rent/apartment,Thumbnail,CO
9310,1450,2.5,3,1816,35.7238,-78.8695,housing/rent/apartment,Thumbnail,NC
9311,1895,3.0,3,1820,41.2562,-96.0404,housing/rent/apartment,Thumbnail,NE
9312,1895,2.5,3,1820,45.6558,-122.5888,housing/rent/apartment,Thumbnail,WA
9313,1325,2.0,3,1820,33.9217,-84.8634,housing/rent/apartment,Thumbnail,GA
9314,1349,2.0,3,1822,39.7953,-86.1387,housing/rent/apartment,Thumbnail,IN
9315,1345,2.5,3,1823,34.726,-98.2594,housing/rent/apartment,Thumbnail,OK
9316,1525,3.0,4,1824,33.9258,-83.7495,housing/rent/apartment,Thumbnail,GA
9317,1690,2.5,3,1825,30.6859,-97.9119,housing/rent/apartment,Thumbnail,TX
9319,1525,2.0,3,1830,33.56,-101.8904,housing/rent/apartment,Thumbnail,TX
9321,1750,2.5,2,1831,30.3054,-97.7497,housing/rent/apartment,Thumbnail,TX
9322,1625,2.5,4,1832,35.6101,-78.4715,housing/rent/apartment,Thumbnail,NC
9323,1595,2.0,4,1832,44.8033,-122.7585,housing/rent/apartment,Thumbnail,OR
9324,1440,2.0,4,1832,39.1984,-96.6052,housing/rent/apartment,Thumbnail,KS
9325,1895,2.5,3,1833,36.0516,-115.0235,housing/rent/apartment,Thumbnail,NV
9327,1695,2.5,3,1833,46.8013,-100.7562,housing/rent/apartment,Thumbnail,ND
9328,1100,2.0,3,1833,32.4842,-92.6682,housing/rent/apartment,Thumbnail,LA
9329,1795,2.0,3,1835,29.8731,-81.3461,housing/rent/apartment,Thumbnail,FL
9330,1525,2.0,3,1835,33.81,-83.8894,housing/rent/apartment,Thumbnail,GA
9331,1499,2.0,4,1836,35.2635,-80.9706,housing/rent/apartment,Thumbnail,NC
9332,1399,2.0,4,1836,39.7953,-86.1387,housing/rent/apartment,Thumbnail,IN
9333,2250,3.5,3,1840,33.1932,-87.5349,housing/rent/apartment,Thumbnail,AL
9334,1300,2.0,4,1840,33.5178,-112.0848,housing/rent/apartment,Thumbnail,AZ
9335,1649,2.0,4,1842,35.6101,-78.4715,housing/rent/apartment,Thumbnail,NC
9336,1475,2.0,4,1842,35.6101,-78.4715,housing/rent/apartment,Thumbnail,NC
9337,595,1.0,2,1845,35.5427,-100.9644,housing/rent/apartment,Thumbnail,TX
9338,2625,3.0,5,1850,39.1471,-86.5136,housing/rent/apartment,Thumbnail,IN
9339,1625,2.5,4,1850,35.6101,-78.4715,housing/rent/apartment,Thumbnail,NC
9340,1495,2.0,3,1850,41.1765,-96.0829,housing/rent/apartment,Thumbnail,NE
9341,1425,2.0,3,1850,33.7218,-84.744,housing/rent/apartment,Thumbnail,GA
9342,1345,2.0,5,1850,33.7848,-84.3922,housing/rent/apartment,Thumbnail,GA
9343,1200,1.0,4,1850,42.9833,-71.4574,housing/rent/apartment,Thumbnail,NH
9344,2047,2.5,3,1851,28.5335,-81.5918,housing/rent/apartment,Thumbnail,FL
9346,1900,2.5,3,1854,37.6305,-77.3568,housing/rent/apartment,Thumbnail,VA
9347,2380,3.0,3,1856,47.7974,-122.2037,housing/rent/apartment,Thumbnail,WA
9348,2350,2.0,3,1857,39.6828,-104.8078,housing/rent/apartment,Thumbnail,CO
9349,1399,2.0,4,1857,33.7218,-84.744,housing/rent/apartment,Thumbnail,GA
9350,1549,2.0,3,1865,30.0021,-95.2555,housing/rent/apartment,Thumbnail,TX
9352,1599,2.0,3,1868,35.2016,-80.8124,housing/rent/apartment,Thumbnail,NC
9353,1575,2.0,3,1868,35.2016,-80.8124,housing/rent/apartment,Thumbnail,NC
9354,1525,2.0,4,1868,35.687,-78.6082,housing/rent/apartment,Thumbnail,NC
9355,1400,3.0,4,1869,30.5969,-96.3034,housing/rent/apartment,Thumbnail,TX
9356,1995,2.0,3,1870,44.5716,-123.282,housing/rent/apartment,Thumbnail,OR
9357,1000,2.0,3,1870,43.6309,-84.2394,housing/rent/apartment,Thumbnail,MI
9358,3100,2.5,4,1871,25.7951,-80.3434,housing/rent/apartment,Thumbnail,FL
9359,2060,3.0,4,1874,37.2425,-113.2009,housing/rent/apartment,Thumbnail,UT
9360,1750,2.0,3,1874,35.6241,-117.6882,housing/rent/apartment,Thumbnail,CA
9361,4995,2.0,2,1875,47.616,-122.3275,housing/rent/apartment,Thumbnail,WA
9362,3600,2.0,4,1875,33.8103,-117.8473,housing/rent/apartment,Thumbnail,CA
9364,1475,2.0,4,1876,30.0021,-95.2555,housing/rent/apartment,Thumbnail,TX
9365,1495,2.0,3,1878,35.6592,-97.5298,housing/rent/apartment,No,OK
9366,1695,2.0,3,1879,46.8296,-100.8908,housing/rent/apartment,Thumbnail,ND
9369,4525,2.5,3,1884,42.5447,-83.2141,housing/rent/apartment,Thumbnail,MI
9370,1500,4.0,4,1884,40.4969,-86.9659,housing/rent/apartment,Thumbnail,IN
9371,3454,3.0,4,1885,41.8625,-87.6825,housing/rent/apartment,Thumbnail,IL
9373,1250,2.0,3,1886,35.2441,-97.4144,housing/rent/apartment,Yes,OK
9374,1775,2.0,3,1890,36.3127,-86.607,housing/rent/apartment,Thumbnail,TN
9375,1449,2.0,4,1891,34.119,-81.1962,housing/rent/apartment,Thumbnail,SC
9376,5500,2.0,2,1892,47.616,-122.3275,housing/rent/apartment,Thumbnail,WA
9377,1725,2.0,4,1894,28.2107,-81.2565,housing/rent/apartment,Thumbnail,FL
9378,1795,2.0,3,1895,32.9079,-96.5532,housing/rent/apartment,Thumbnail,TX
9379,1450,2.0,3,1896,35.6592,-97.5298,housing/rent/apartment,No,OK
9380,1850,2.0,3,1898,35.1872,-101.8587,housing/rent/apartment,Thumbnail,TX
9381,4200,2.0,2,1900,37.8808,-122.1757,housing/rent/apartment,Thumbnail,CA
9383,3150,3.0,4,1900,39.3191,-76.6126,housing/rent/apartment,Thumbnail,MD
9384,2795,2.0,3,1900,45.5091,-122.6449,housing/rent/apartment,Thumbnail,OR
9385,2305,2.0,2,1900,41.4712,-81.5155,housing/rent/apartment,Thumbnail,OH
9387,1600,1.5,1,1900,48.0224,-122.5457,housing/rent/apartment,Thumbnail,WA
9388,1500,2.0,4,1900,36.1716,-83.4221,housing/rent/apartment,Thumbnail,TN
9389,1599,2.0,3,1904,29.9972,-95.6676,housing/rent/apartment,Thumbnail,TX
9390,1399,2.0,3,1904,39.6391,-86.3099,housing/rent/apartment,Thumbnail,IN
9391,1849,2.0,3,1907,28.0076,-82.4792,housing/rent/apartment,Thumbnail,FL
9393,2200,3.5,5,1909,35.9907,-78.9074,housing/rent/apartment,Thumbnail,NC
9394,1650,2.5,3,1909,36.0516,-115.0235,housing/rent/apartment,Thumbnail,NV
9395,4000,3.0,4,1910,37.9003,-122.0495,housing/rent/apartment,Thumbnail,CA
9397,2775,2.0,3,1912,47.7179,-122.2059,housing/rent/apartment,Yes,WA
9398,1399,2.0,4,1913,33.5944,-112.1837,housing/rent/apartment,Thumbnail,AZ
9399,2733,3.0,2,1917,38.9146,-94.6318,housing/rent/apartment,Thumbnail,KS
9400,2300,4.0,3,1918,38.8724,-77.6605,housing/rent/apartment,Thumbnail,VA
9401,1649,2.0,4,1918,35.0978,-80.6294,housing/rent/apartment,Thumbnail,NC
9403,4500,3.0,5,1920,39.1471,-86.5136,housing/rent/apartment,Thumbnail,IN
9404,1850,4.0,4,1920,35.414,-80.8526,housing/rent/apartment,Thumbnail,NC
9405,1400,2.5,3,1920,30.4415,-91.1012,housing/rent/apartment,Thumbnail,LA
9406,1425,3.0,4,1921,33.4015,-84.2813,housing/rent/apartment,Thumbnail,GA
9408,1495,2.5,3,1928,29.5659,-98.2283,housing/rent/apartment,Thumbnail,TX
9409,2200,2.0,3,1929,41.4039,-90.5777,housing/rent/apartment,Thumbnail,IL
9411,4000,2.0,4,1932,34.0372,-118.2972,housing/rent/apartment,Thumbnail,CA
9414,1750,2.5,3,1936,36.1554,-115.1733,housing/rent/apartment,Thumbnail,NV
9415,1800,2.5,4,1938,39.8895,-104.9641,housing/rent/apartment,Thumbnail,CO
9416,2095,2.0,3,1940,38.6274,-90.304,housing/rent/apartment,Thumbnail,MO
9417,1250,1.5,4,1940,34.7191,-86.5855,housing/rent/apartment,Thumbnail,AL
9418,1550,2.5,4,1941,29.4782,-98.2759,housing/rent/apartment,Thumbnail,TX
9421,1850,2.5,4,1946,28.5163,-81.3644,housing/rent/apartment,Thumbnail,FL
9422,2200,2.5,4,1947,37.2312,-80.4159,housing/rent/apartment,Thumbnail,VA
9424,5595,4.0,4,1950,34.0372,-118.2972,housing/rent/apartment,Thumbnail,CA
9425,2800,2.0,4,1950,47.4696,-122.1655,housing/rent/apartment,Thumbnail,WA
9426,1795,2.5,3,1950,44.5716,-123.282,housing/rent/apartment,Thumbnail,OR
9428,1299,2.0,3,1950,34.0505,-81.0098,housing/rent/apartment,Thumbnail,SC
9429,575,4.0,4,1950,35.285,-83.1791,housing/rent/apartment,Thumbnail,NC
9430,1599,2.0,3,1957,35.6101,-78.4715,housing/rent/apartment,Thumbnail,NC
9431,4195,2.0,3,1958,33.8363,-118.333,housing/rent/apartment,Thumbnail,CA
9432,2950,2.0,3,1959,29.4624,-98.5253,housing/rent/apartment,Thumbnail,TX
9433,1349,2.0,3,1959,30.0871,-95.4685,housing/rent/apartment,Thumbnail,TX
9435,1315,1.0,3,1966,41.2562,-96.0404,housing/rent/apartment,Thumbnail,NE
9436,1500,2.0,4,1968,42.0259,-93.6516,housing/rent/apartment,Thumbnail,IA
9437,1500,3.5,3,1968,37.1366,-80.4038,housing/rent/apartment,Thumbnail,VA
9438,1500,3.5,3,1968,37.1366,-80.4038,housing/rent/apartment,Thumbnail,VA
9439,665,2.0,4,1968,34.7191,-86.5855,housing/rent/apartment,Thumbnail,AL
9440,1695,2.0,2,1971,46.8296,-100.8908,housing/rent/apartment,Thumbnail,ND
9442,1549,2.0,3,1974,35.2016,-80.8124,housing/rent/apartment,Thumbnail,NC
9443,2650,2.0,4,1977,32.0057,-102.1036,housing/rent/apartment,Thumbnail,TX
9444,1750,3.5,4,1977,34.48,-77.5024,housing/rent/apartment,Thumbnail,NC
9445,1750,2.0,4,1980,44.0763,-103.2121,housing/rent/apartment,Thumbnail,SD
9447,1525,3.0,3,1980,33.8691,-84.7686,housing/rent/apartment,Thumbnail,GA
9448,1499,2.0,3,1992,39.6093,-86.139,housing/rent/apartment,Thumbnail,IN
9449,1649,2.0,4,1994,32.5252,-96.8173,housing/rent/apartment,Thumbnail,TX
9450,1299,2.0,3,1996,29.4782,-98.2759,housing/rent/apartment,Thumbnail,TX
9452,5000,2.0,4,2000,40.7147,-74.3634,housing/rent/apartment,Thumbnail,NJ
9453,4600,3.0,3,2000,37.3166,-122.0465,housing/rent/apartment,Thumbnail,CA
9454,3925,2.0,2,2000,42.3362,-71.1037,housing/rent/apartment,Thumbnail,MA
9456,3600,3.0,3,2000,34.1881,-118.3905,housing/rent/apartment,Thumbnail,CA
9457,3500,2.0,2,2000,41.8625,-87.6825,housing/rent/apartment,Thumbnail,IL
9458,3400,1.5,5,2000,37.7078,-122.1435,housing/rent/apartment,Thumbnail,CA
9462,1995,2.0,3,2000,35.1211,-89.9517,housing/rent/apartment,Thumbnail,TN
9463,1995,1.0,4,2000,44.9855,-93.3023,housing/rent/apartment,Thumbnail,MN
9464,1750,2.5,3,2000,34.9402,-82.2598,housing/rent/apartment,Thumbnail,SC
9465,1700,2.0,4,2000,39.9974,-82.9829,housing/rent/apartment,Thumbnail,OH
9466,1620,2.0,4,2000,37.0835,-113.5823,housing/rent/apartment,Thumbnail,UT
9467,1600,2.0,3,2000,40.5007,-80.0667,housing/rent/apartment,Yes,PA
9468,1200,2.0,4,2004,33.1932,-87.5349,housing/rent/apartment,Thumbnail,AL
9470,2995,2.0,2,2010,47.5988,-122.1507,housing/rent/apartment,Thumbnail,WA
9472,1499,2.0,4,2012,33.9531,-81.2381,housing/rent/apartment,Thumbnail,SC
9473,1349,2.0,4,2015,34.0505,-81.0098,housing/rent/apartment,Thumbnail,SC
9474,2850,2.5,3,2016,33.7848,-84.3922,housing/rent/apartment,Thumbnail,GA
9475,2000,2.0,2,2016,48.0338,-122.4486,housing/rent/apartment,Thumbnail,WA
9476,1400,2.0,3,2017,30.2356,-90.8457,housing/rent/apartment,Thumbnail,LA
9477,2050,2.5,3,2019,36.2342,-115.144,housing/rent/apartment,Thumbnail,NV
9482,1399,2.0,3,2024,33.4373,-112.3818,housing/rent/apartment,Thumbnail,AZ
9483,2680,2.0,3,2030,39.736,-104.9819,housing/rent/apartment,Thumbnail,CO
9484,1275,2.0,3,2032,33.7218,-84.744,housing/rent/apartment,Thumbnail,GA
9485,1549,2.0,4,2034,33.4128,-112.2753,housing/rent/apartment,Thumbnail,AZ
9487,2300,2.5,3,2037,30.1726,-81.3964,housing/rent/apartment,Thumbnail,FL
9488,1675,3.0,4,2039,29.7714,-95.4343,housing/rent/apartment,Thumbnail,TX
9491,3700,3.0,3,2041,33.6783,-117.7903,housing/rent/apartment,Thumbnail,CA
9492,2450,3.5,4,2042,39.0275,-77.3955,housing/rent/apartment,Thumbnail,VA
9493,1449,2.0,3,2042,35.224,-81.1809,housing/rent/apartment,Thumbnail,NC
9494,3200,2.5,2,2046,32.8212,-96.7853,housing/rent/apartment,Thumbnail,TX
9495,1045,1.0,3,2048,48.2469,-101.3017,housing/rent/apartment,Thumbnail,ND
9496,4500,2.0,5,2050,42.3584,-71.1318,housing/rent/apartment,Thumbnail,MA
9498,1595,2.0,3,2060,29.4624,-98.5253,housing/rent/apartment,Thumbnail,TX
9499,1500,3.0,4,2060,36.0341,-95.7854,housing/rent/apartment,Thumbnail,OK
9502,1525,2.0,4,2065,33.632,-112.3522,housing/rent/apartment,Thumbnail,AZ
9503,1750,2.5,3,2068,28.3288,-80.6118,housing/rent/apartment,Thumbnail,FL
9504,2800,2.0,3,2070,47.6767,-122.0799,housing/rent/apartment,Thumbnail,WA
9505,1675,2.0,4,2072,34.9269,-80.736,housing/rent/apartment,Thumbnail,NC
9508,2300,3.0,3,2084,40.1145,-88.2723,housing/rent/apartment,Thumbnail,IL
9510,2200,3.5,3,2087,33.4146,-111.766,housing/rent/apartment,Thumbnail,AZ
9511,1649,2.0,4,2088,34.1666,-80.8805,housing/rent/apartment,Thumbnail,SC
9512,1499,2.0,4,2092,35.2016,-80.8124,housing/rent/apartment,Thumbnail,NC
9513,1399,2.0,4,2099,33.5032,-84.3521,housing/rent/apartment,Thumbnail,GA
9515,6000,2.5,3,2100,27.3181,-82.4987,housing/rent/apartment,Thumbnail,FL
9516,4500,3.0,3,2100,32.6596,-117.1595,housing/rent/apartment,Thumbnail,CA
9518,3580,2.0,4,2100,41.8625,-87.6825,housing/rent/apartment,Thumbnail,IL
9520,2500,3.5,3,2100,38.9524,-77.3439,housing/rent/apartment,Thumbnail,VA
9521,2500,2.0,2,2100,41.8625,-87.6825,housing/rent/apartment,Thumbnail,IL
9522,2200,2.0,3,2100,43.0762,-85.5885,housing/rent/apartment,Thumbnail,MI
9523,1975,3.5,3,2100,40.4927,-104.9218,housing/rent/apartment,Thumbnail,CO
9524,1875,2.0,3,2100,40.8062,-96.6778,housing/rent/apartment,Thumbnail,NE
9525,1650,3.0,4,2100,34.0648,-84.0849,housing/rent/apartment,No,GA
9527,1600,2.5,4,2100,35.7797,-78.7859,housing/rent/apartment,Thumbnail,NC
9529,1349,2.0,4,2102,39.4846,-86.0525,housing/rent/apartment,Thumbnail,IN
9530,1799,3.0,4,2106,35.2016,-80.8124,housing/rent/apartment,Thumbnail,NC
9531,1450,2.0,4,2108,35.7238,-78.8695,housing/rent/apartment,Thumbnail,NC
9532,1750,2.5,3,2114,37.3074,-120.4792,housing/rent/apartment,Thumbnail,CA
9533,1900,2.0,3,2115,47.7409,-116.9448,housing/rent/apartment,Thumbnail,ID
9535,2150,2.0,3,2120,28.0076,-82.4792,housing/rent/apartment,Thumbnail,FL
9537,1250,2.0,4,2123,43.5884,-96.5752,housing/rent/apartment,Thumbnail,SD
9538,3800,3.0,5,2126,38.9118,-77.0132,housing/rent/apartment,Thumbnail,DC
9539,1325,3.0,4,2128,31.8486,-81.6036,housing/rent/apartment,Thumbnail,GA
9540,6700,3.0,3,2130,25.7603,-80.3005,housing/rent/apartment,Thumbnail,FL
9541,1695,2.0,4,2130,35.471,-97.5299,housing/rent/apartment,Thumbnail,OK
9543,5250,2.0,5,2138,42.328,-71.071,housing/rent/apartment,Thumbnail,MA
9544,1649,2.0,4,2144,33.9649,-84.5107,housing/rent/apartment,Thumbnail,GA
9546,3200,2.0,3,2149,29.4624,-98.5253,housing/rent/apartment,Thumbnail,TX
9548,1950,2.5,4,2150,33.9612,-81.1134,housing/rent/apartment,Thumbnail,SC
9549,1825,2.5,4,2150,34.0505,-81.0098,housing/rent/apartment,Thumbnail,SC
9550,1799,3.0,4,2157,35.2016,-80.8124,housing/rent/apartment,Thumbnail,NC
9551,1449,2.0,3,2157,33.7848,-84.3922,housing/rent/apartment,Thumbnail,GA
9552,3700,2.0,4,2158,34.1375,-118.1656,housing/rent/apartment,Yes,CA
9553,2095,2.5,4,2158,47.3765,-122.0994,housing/rent/apartment,Yes,WA
9555,1675,2.5,4,2159,30.4415,-91.1012,housing/rent/apartment,Thumbnail,LA
9556,1895,2.0,4,2162,28.2107,-81.2565,housing/rent/apartment,Thumbnail,FL
9557,1895,2.0,4,2162,28.2107,-81.2565,housing/rent/apartment,Thumbnail,FL
9558,1795,3.5,4,2164,41.6834,-93.7839,housing/rent/apartment,Thumbnail,IA
9559,1725,2.0,3,2166,32.7025,-97.1196,housing/rent/apartment,Thumbnail,TX
9561,1700,1.0,2,2170,44.4872,-73.2278,housing/rent/apartment,Yes,VT
9562,1820,2.0,3,2174,37.0835,-113.5823,housing/rent/apartment,Thumbnail,UT
9563,2100,4.0,4,2175,33.7147,-84.1355,housing/rent/apartment,Thumbnail,GA
9564,4850,3.0,4,2176,34.152,-118.0876,housing/rent/apartment,Yes,CA
9565,2575,3.0,3,2176,45.3402,-122.5586,housing/rent/apartment,Thumbnail,OR
9566,1175,2.0,3,2176,36.116,-95.9281,housing/rent/apartment,Thumbnail,OK
9568,1600,3.0,4,2178,43.5884,-96.5752,housing/rent/apartment,Thumbnail,SD
9569,1349,2.0,4,2187,29.4624,-98.5253,housing/rent/apartment,Thumbnail,TX
9572,1850,2.0,3,2196,29.4624,-98.5253,housing/rent/apartment,Thumbnail,TX
9573,1750,2.5,3,2199,35.5985,-78.7843,housing/rent/apartment,Thumbnail,NC
9575,4995,2.5,3,2200,33.6954,-118.0013,housing/rent/apartment,Thumbnail,CA
9576,2899,2.0,5,2200,43.0724,-89.4003,housing/rent/apartment,Thumbnail,WI
9578,2200,2.5,5,2200,39.1471,-86.5136,housing/rent/apartment,Thumbnail,IN
9579,2000,3.5,4,2200,38.9401,-92.3167,housing/rent/apartment,Thumbnail,MO
9585,6400,2.5,3,2207,34.4312,-119.7292,housing/rent/apartment,Thumbnail,CA
9587,1795,2.5,4,2210,33.9531,-81.2381,housing/rent/apartment,Thumbnail,SC
9588,430,3.0,4,2214,34.6464,-82.7686,housing/rent/apartment,Thumbnail,SC
9589,3195,2.0,5,2215,43.0724,-89.4003,housing/rent/apartment,Thumbnail,WI
9590,1649,2.0,4,2216,35.2016,-80.8124,housing/rent/apartment,Thumbnail,NC
9592,1750,2.0,3,2218,33.03,-116.8607,housing/rent/apartment,Thumbnail,CA
9593,1399,2.0,3,2220,35.2016,-80.8124,housing/rent/apartment,Thumbnail,NC
9594,1275,3.0,4,2224,39.9551,-85.7961,housing/rent/apartment,Thumbnail,IN
9595,2225,2.0,5,2225,39.9974,-82.9829,housing/rent/apartment,Thumbnail,OH
9596,2800,3.5,3,2232,30.2989,-81.6324,housing/rent/apartment,Thumbnail,FL
9597,5495,3.5,3,2234,32.9619,-117.2327,housing/rent/apartment,Thumbnail,CA
9598,2500,3.0,3,2238,32.7018,-97.6264,housing/rent/apartment,Thumbnail,TX
9599,1599,2.0,3,2238,35.2016,-80.8124,housing/rent/apartment,Thumbnail,NC
9601,1750,2.0,3,2242,39.0744,-108.5228,housing/rent/apartment,Thumbnail,CO
9602,2250,2.0,4,2246,28.1932,-81.6047,housing/rent/apartment,Thumbnail,FL
9603,4000,4.0,5,2247,32.7876,-117.1265,housing/rent/apartment,Thumbnail,CA
9605,1600,4.0,4,2266,37.1366,-80.4038,housing/rent/apartment,Thumbnail,VA
9606,1595,2.5,3,2270,35.3892,-97.7313,housing/rent/apartment,Thumbnail,OK
9608,3950,4.5,3,2280,38.9118,-77.0132,housing/rent/apartment,Thumbnail,DC
9609,2300,3.0,6,2280,39.1984,-96.6052,housing/rent/apartment,Thumbnail,KS
9610,1995,2.5,4,2280,35.3752,-97.4945,housing/rent/apartment,Thumbnail,OK
9611,3000,3.0,3,2281,29.2364,-81.0578,housing/rent/apartment,Thumbnail,FL
9612,7240,2.0,3,2283,39.736,-104.9819,housing/rent/apartment,Thumbnail,CO
9613,5350,3.5,2,2283,33.0534,-117.266,housing/rent/apartment,Thumbnail,CA
9614,4800,3.0,5,2284,39.1471,-86.5136,housing/rent/apartment,Thumbnail,IN
9616,2145,2.0,4,2291,39.5197,-119.8342,housing/rent/apartment,Thumbnail,NV
9617,1950,3.0,3,2298,29.7714,-95.4343,housing/rent/apartment,Thumbnail,TX
9618,4800,4.0,5,2300,39.1471,-86.5136,housing/rent/apartment,Thumbnail,IN
9619,4000,3.0,4,2300,41.8625,-87.6825,housing/rent/apartment,Thumbnail,IL
9620,3495,1.5,3,2300,45.5091,-122.6449,housing/rent/apartment,Thumbnail,OR
9621,2750,3.0,3,2300,38.8488,-77.3296,housing/rent/apartment,Thumbnail,VA
9624,1749,2.5,4,2300,43.6046,-116.2475,housing/rent/apartment,Thumbnail,ID
9625,1595,2.5,4,2300,36.1147,-80.0915,housing/rent/apartment,Thumbnail,NC
9626,1500,3.5,3,2300,30.8458,-83.3267,housing/rent/apartment,Thumbnail,GA
9627,1800,4.0,3,2302,42.5765,-92.789,housing/rent/apartment,Thumbnail,IA
9628,2100,2.5,4,2303,28.5335,-81.5918,housing/rent/apartment,Thumbnail,FL
9629,4250,2.0,3,2314,34.2098,-118.2019,housing/rent/apartment,No,CA
9630,2195,2.5,4,2321,35.6592,-97.5298,housing/rent/apartment,Thumbnail,OK
9631,1795,2.0,4,2322,43.6046,-116.2475,housing/rent/apartment,Thumbnail,ID
9632,4850,3.0,3,2323,40.0054,-75.1415,housing/rent/apartment,Thumbnail,PA
9633,2750,3.0,4,2328,35.7552,-120.977,housing/rent/apartment,Thumbnail,CA
9635,4900,2.5,5,2336,37.3108,-121.8645,housing/rent/apartment,Thumbnail,CA
9636,1599,3.0,4,2340,39.1984,-96.6052,housing/rent/apartment,Thumbnail,KS
9637,2275,3.5,4,2344,36.0516,-115.0235,housing/rent/apartment,Thumbnail,NV
9638,3675,2.0,4,2345,41.8625,-87.6825,housing/rent/apartment,Thumbnail,IL
9639,3295,2.0,3,2348,21.388,-157.9305,housing/rent/apartment,Thumbnail,HI
9642,1895,3.5,5,2379,35.4975,-97.7329,housing/rent/apartment,Thumbnail,OK
9643,2250,3.5,4,2383,35.1149,-80.7015,housing/rent/apartment,Thumbnail,NC
9644,2050,1.0,5,2386,43.0724,-89.4003,housing/rent/apartment,Thumbnail,WI
9645,1899,3.0,4,2392,32.7025,-97.1196,housing/rent/apartment,Thumbnail,TX
9646,1750,3.0,4,2397,30.0021,-95.2555,housing/rent/apartment,Thumbnail,TX
9648,2945,3.0,4,2400,47.3949,-122.0287,housing/rent/apartment,Yes,WA
9649,2700,2.5,3,2400,40.1778,-122.2598,housing/rent/apartment,Thumbnail,CA
9650,2495,2.5,4,2400,45.5091,-122.6449,housing/rent/apartment,Thumbnail,OR
9651,2400,2.0,3,2400,48.0338,-122.4486,housing/rent/apartment,Thumbnail,WA
9655,3095,2.0,3,2420,47.616,-122.3275,housing/rent/apartment,Thumbnail,WA
9656,2525,2.5,3,2421,32.96,-96.8292,housing/rent/apartment,Thumbnail,TX
9657,2737,4.0,3,2425,28.5163,-81.3644,housing/rent/apartment,Thumbnail,FL
9658,1699,2.0,4,2425,32.5942,-96.7624,housing/rent/apartment,Thumbnail,TX
9659,1699,2.0,4,2426,34.1241,-84.0331,housing/rent/apartment,Thumbnail,GA
9661,2095,3.0,4,2428,39.5197,-119.8342,housing/rent/apartment,Thumbnail,NV
9662,1575,2.5,5,2436,47.9179,-97.0658,housing/rent/apartment,Thumbnail,ND
9663,1395,2.0,4,2436,47.9179,-97.0658,housing/rent/apartment,Thumbnail,ND
9666,3095,2.5,3,2440,47.616,-122.3275,housing/rent/apartment,Thumbnail,WA
9668,1549,2.0,3,2446,32.59,-96.9436,housing/rent/apartment,Thumbnail,TX
9669,2150,3.5,4,2447,34.1994,-84.8286,housing/rent/apartment,Thumbnail,GA
9670,1449,2.0,4,2448,33.9531,-81.2381,housing/rent/apartment,Thumbnail,SC
9671,4395,3.0,5,2450,21.3155,-157.8379,housing/rent/apartment,Thumbnail,HI
9672,2100,2.0,3,2450,35.6757,-97.4949,housing/rent/apartment,Thumbnail,OK
9673,2130,2.0,6,2454,43.7012,-85.4657,housing/rent/apartment,Thumbnail,MI
9675,2200,2.5,3,2458,25.5919,-80.3438,housing/rent/apartment,Thumbnail,FL
9676,1395,2.5,4,2467,29.553,-98.3049,housing/rent/apartment,Thumbnail,TX
9678,1300,3.0,4,2474,34.0692,-83.8713,housing/rent/apartment,Thumbnail,GA
9679,1949,3.0,4,2478,33.7848,-84.3922,housing/rent/apartment,Thumbnail,GA
9680,2000,2.5,3,2485,40.6057,-80.2842,housing/rent/apartment,Yes,PA
9681,3600,3.5,3,2486,30.2989,-81.6324,housing/rent/apartment,Thumbnail,FL
9683,1649,2.0,4,2490,35.5795,-80.8153,housing/rent/apartment,Thumbnail,NC
9684,850,2.0,2,2492,36.116,-95.9281,housing/rent/apartment,Thumbnail,OK
9686,6995,3.0,3,2500,41.8625,-87.6825,housing/rent/apartment,Thumbnail,IL
9687,4000,3.5,3,2500,42.2391,-87.8692,housing/rent/apartment,Thumbnail,IL
9688,3800,2.0,4,2500,42.328,-71.071,housing/rent/apartment,Thumbnail,MA
9689,2130,2.0,6,2500,43.7012,-85.4657,housing/rent/apartment,Thumbnail,MI
9690,2000,2.0,5,2500,40.1171,-88.1889,housing/rent/apartment,Thumbnail,IL
9691,1900,2.5,3,2500,35.0868,-85.0599,housing/rent/apartment,Thumbnail,TN
9692,1800,2.0,5,2500,60.4923,-151.0806,housing/rent/apartment,Thumbnail,AK
9693,1540,2.0,4,2500,43.7012,-85.4657,housing/rent/apartment,Thumbnail,MI
9694,1499,2.0,4,2500,33.9217,-84.8634,housing/rent/apartment,Thumbnail,GA
9695,1899,2.0,5,2508,34.0505,-81.0098,housing/rent/apartment,Thumbnail,SC
9699,2595,2.5,4,2527,38.4306,-121.3643,housing/rent/apartment,Thumbnail,CA
9700,2700,3.0,4,2528,30.6505,-97.6809,housing/rent/apartment,Thumbnail,TX
9704,1995,3.5,5,2546,29.8731,-81.3461,housing/rent/apartment,Thumbnail,FL
9705,4195,2.0,3,2562,37.6812,-121.7519,housing/rent/apartment,Thumbnail,CA
9706,1549,2.0,4,2563,33.81,-83.8894,housing/rent/apartment,Thumbnail,GA
9707,2250,3.0,3,2567,33.0476,-96.7467,housing/rent/apartment,Thumbnail,TX
9708,1995,3.0,3,2576,42.1882,-121.7383,housing/rent/apartment,Thumbnail,OR
9709,1499,3.0,4,2593,33.9569,-84.0214,housing/rent/apartment,Thumbnail,GA
9710,2300,3.0,4,2594,26.1806,-81.7257,housing/rent/apartment,Thumbnail,FL
9711,1549,2.0,4,2598,33.3526,-112.1976,housing/rent/apartment,Thumbnail,AZ
9712,2800,2.0,2,2600,37.53,-77.477,housing/rent/apartment,Thumbnail,VA
9714,4750,3.0,4,2605,37.8808,-122.1757,housing/rent/apartment,Thumbnail,CA
9715,8500,3.5,4,2613,21.3991,-157.7452,housing/rent/apartment,Thumbnail,HI
9716,3400,3.0,3,2625,38.8082,-121.1681,housing/rent/apartment,Thumbnail,CA
9717,1250,2.0,3,2628,35.358,-94.3964,housing/rent/apartment,Thumbnail,AR
9718,2099,2.0,3,2629,34.0718,-84.2525,housing/rent/apartment,Thumbnail,GA
9720,1499,2.0,5,2640,34.0505,-81.0098,housing/rent/apartment,Thumbnail,SC
9722,6850,2.5,4,2650,37.5173,-122.2946,housing/rent/apartment,Thumbnail,CA
9723,1750,3.0,4,2661,37.3961,-79.1892,housing/rent/apartment,Thumbnail,VA
9725,3200,3.0,5,2670,32.7876,-117.1265,housing/rent/apartment,Thumbnail,CA
9728,2375,3.0,3,2674,42.333,-122.8597,housing/rent/apartment,Thumbnail,OR
9729,7000,3.5,3,2678,33.9932,-118.4609,housing/rent/apartment,Thumbnail,CA
9730,4695,3.5,5,2680,47.616,-122.3275,housing/rent/apartment,Thumbnail,WA
9731,1700,2.5,3,2680,45.3056,-93.7978,housing/rent/apartment,Thumbnail,MN
9732,4500,3.5,4,2700,42.418,-71.1669,housing/rent/apartment,Thumbnail,MA
9733,2495,3.5,5,2700,40.6084,-111.8482,housing/rent/apartment,Thumbnail,UT
9734,2000,2.5,4,2700,38.9401,-92.3167,housing/rent/apartment,Thumbnail,MO
9735,1675,2.0,3,2702,27.8492,-82.3155,housing/rent/apartment,Thumbnail,FL
9736,5765,2.5,4,2710,37.7904,-122.2151,housing/rent/apartment,Thumbnail,CA
9738,1795,3.0,5,2736,35.8514,-86.3903,housing/rent/apartment,Thumbnail,TN
9742,2995,2.5,5,2751,46.599,-120.5572,housing/rent/apartment,Thumbnail,WA
9743,2370,3.0,5,2760,37.1329,-113.5097,housing/rent/apartment,Thumbnail,UT
9745,3395,3.0,4,2781,45.5091,-122.6449,housing/rent/apartment,Thumbnail,OR
9746,1375,2.0,3,2784,33.9217,-84.8634,housing/rent/apartment,Thumbnail,GA
9747,7000,3.5,5,2800,41.6588,-70.3461,housing/rent/apartment,Thumbnail,MA
9749,2995,2.5,4,2800,38.6576,-120.9626,housing/rent/apartment,Thumbnail,CA
9750,2350,3.5,5,2800,39.0994,-104.8503,housing/rent/apartment,Thumbnail,CO
9751,1475,2.0,3,2800,33.81,-83.8894,housing/rent/apartment,Thumbnail,GA
9754,2590,4.0,3,2828,39.0976,-76.8614,housing/rent/apartment,Thumbnail,MD
9755,2500,4.0,4,2829,39.327,-104.8282,housing/rent/apartment,Thumbnail,CO
9756,3995,3.0,3,2831,45.5091,-122.6449,housing/rent/apartment,Thumbnail,OR
9758,2495,3.0,4,2844,37.1555,-76.4593,housing/rent/apartment,Thumbnail,VA
9760,1900,2.5,4,2856,38.4352,-77.3813,housing/rent/apartment,Thumbnail,VA
9761,2495,3.0,5,2878,33.9531,-81.2381,housing/rent/apartment,Thumbnail,SC
9763,6500,3.0,5,2894,32.6596,-117.1595,housing/rent/apartment,Thumbnail,CA
9764,3495,2.5,5,2900,43.0724,-89.4003,housing/rent/apartment,Thumbnail,WI
9767,8800,4.0,4,2916,34.0372,-118.2972,housing/rent/apartment,Thumbnail,CA
9768,2750,3.0,5,2916,38.4306,-121.3643,housing/rent/apartment,Thumbnail,CA
9770,4800,2.5,3,2925,33.1201,-117.2858,housing/rent/apartment,Thumbnail,CA
9771,2595,3.0,5,2940,45.2763,-123.0194,housing/rent/apartment,Thumbnail,OR
9772,3000,3.5,5,2957,28.5163,-81.3644,housing/rent/apartment,Thumbnail,FL
9773,3999,4.0,5,2980,47.7046,-122.1989,housing/rent/apartment,Thumbnail,WA
9774,2100,3.5,4,2980,41.6595,-91.535,housing/rent/apartment,Thumbnail,IA
9776,1775,2.0,5,2986,32.5879,-97.3702,housing/rent/apartment,Thumbnail,TX
9777,2750,2.0,3,2990,38.6274,-90.304,housing/rent/apartment,Thumbnail,MO
9778,4430,2.5,6,2995,42.2711,-83.745,housing/rent/apartment,Thumbnail,MI
9779,7700,7.0,7,3000,41.824,-71.4315,housing/rent/apartment,Thumbnail,RI
9780,3895,2.0,5,3000,45.4248,-122.6129,housing/rent/apartment,Thumbnail,OR
9781,3500,2.0,3,3000,45.6658,-111.1159,housing/rent/apartment,Thumbnail,MT
9782,3000,2.0,3,3000,35.7626,-83.9603,housing/rent/apartment,Thumbnail,TN
9783,2895,2.5,4,3000,28.5401,-81.7602,housing/rent/apartment,Thumbnail,FL
9786,1750,3.0,4,3011,35.8514,-86.3903,housing/rent/apartment,Thumbnail,TN
9789,5355,2.0,7,3058,43.0724,-89.4003,housing/rent/apartment,Thumbnail,WI
9791,3195,3.0,2,3077,42.4982,-70.8647,housing/rent/apartment,Thumbnail,MA
9793,2750,2.0,4,3100,45.7941,-122.5216,housing/rent/apartment,Thumbnail,WA
9794,5499,2.5,3,3106,32.7089,-117.1625,housing/rent/apartment,Thumbnail,CA
9795,3500,3.5,4,3114,31.4884,-97.2262,housing/rent/apartment,Thumbnail,TX
9796,4750,3.5,4,3116,38.9899,-77.1242,housing/rent/apartment,Thumbnail,MD
9797,6500,5.5,4,3117,32.6596,-117.1595,housing/rent/apartment,Thumbnail,CA
9798,2700,4.0,4,3123,44.7469,-93.0751,housing/rent/apartment,Thumbnail,MN
9799,5200,4.0,4,3127,39.736,-104.9819,housing/rent/apartment,Thumbnail,CO
9800,4045,2.5,5,3140,47.6767,-122.0799,housing/rent/apartment,Thumbnail,WA
9802,2899,2.5,4,3156,45.4851,-122.8349,housing/rent/apartment,Thumbnail,OR
9803,2395,3.0,4,3173,30.5118,-97.6873,housing/rent/apartment,Thumbnail,TX
9804,5700,3.5,4,3176,33.0534,-117.266,housing/rent/apartment,Thumbnail,CA
9805,3295,3.5,4,3180,35.6757,-97.4949,housing/rent/apartment,Thumbnail,OK
9809,2597,4.0,4,3200,28.279,-81.4156,housing/rent/apartment,Thumbnail,FL
9810,4999,3.0,5,3208,37.9003,-122.0495,housing/rent/apartment,Thumbnail,CA
9811,1795,4.0,4,3208,39.9955,-81.8023,housing/rent/apartment,Thumbnail,OH
9812,2695,3.5,3,3213,37.0835,-113.5823,housing/rent/apartment,Thumbnail,UT
9815,2500,4.0,4,3280,33.56,-101.8904,housing/rent/apartment,Thumbnail,TX
9816,2000,3.5,5,3280,38.365,-81.6468,housing/rent/apartment,Thumbnail,WV
9817,2200,3.0,4,3325,38.9577,-104.7566,housing/rent/apartment,Thumbnail,CO
9818,7500,3.0,3,3331,34.1873,-119.1738,housing/rent/apartment,Thumbnail,CA
9819,4950,3.0,4,3350,33.6042,-117.6526,housing/rent/apartment,Thumbnail,CA
9820,2495,3.5,6,3369,37.0835,-113.5823,housing/rent/apartment,Thumbnail,UT
9821,6900,4.0,4,3400,34.1677,-118.6141,housing/rent/apartment,Thumbnail,CA
9822,1695,3.5,4,3400,33.6642,-95.5327,housing/rent/apartment,Thumbnail,TX
9823,1365,2.5,3,3400,43.4251,-83.9731,housing/rent/apartment,Thumbnail,MI
9824,3600,3.0,4,3474,36.0516,-115.0235,housing/rent/apartment,Thumbnail,NV
9825,3200,3.0,4,3475,28.5163,-81.3644,housing/rent/apartment,Thumbnail,FL
9826,2500,2.0,3,3500,47.9587,-122.4023,housing/rent/apartment,Thumbnail,WA
9827,2550,3.0,5,3525,38.4352,-77.3813,housing/rent/apartment,Thumbnail,VA
9829,4000,4.0,8,3580,40.1171,-88.1889,housing/rent/apartment,Thumbnail,IL
9833,2500,4.5,4,3630,38.9401,-92.3167,housing/rent/apartment,Thumbnail,MO
9834,2745,3.5,4,3700,42.0259,-93.6516,housing/rent/apartment,Thumbnail,IA
9835,2550,3.0,4,3731,28.5335,-81.5918,housing/rent/apartment,Thumbnail,FL
9836,1799,3.0,4,3740,32.9749,-112.0905,housing/rent/apartment,Thumbnail,AZ
9837,2295,3.5,5,3748,33.9343,-83.9594,housing/rent/apartment,Thumbnail,GA
9838,3750,4.5,4,3797,35.4801,-80.8625,housing/rent/apartment,Thumbnail,NC
9839,6500,4.0,4,3800,38.9844,-76.4994,housing/rent/apartment,Thumbnail,MD
9841,7000,4.0,6,3820,47.6767,-122.0799,housing/rent/apartment,Thumbnail,WA
9842,1995,4.5,5,3888,35.5795,-80.8153,housing/rent/apartment,Thumbnail,NC
9843,2599,4.0,5,3966,33.9531,-81.2381,housing/rent/apartment,Thumbnail,SC
9844,3195,5.0,9,4000,42.2837,-85.5793,housing/rent/apartment,Thumbnail,MI
9845,2550,3.5,5,4000,38.4417,-76.5173,housing/rent/apartment,Thumbnail,MD
9846,2950,3.5,4,4075,38.9329,-94.7538,housing/rent/apartment,Thumbnail,KS
9847,4500,4.0,4,4113,44.8119,-93.6091,housing/rent/apartment,Thumbnail,MN
9848,2900,3.5,3,4408,36.4616,-94.2604,housing/rent/apartment,Thumbnail,AR
9849,4350,4.5,4,4480,35.1211,-89.9517,housing/rent/apartment,Thumbnail,TN
9850,2500,4.5,4,4500,37.2312,-80.4159,housing/rent/apartment,Thumbnail,VA
9851,6500,5.0,4,4555,37.3108,-121.8645,housing/rent/apartment,Thumbnail,CA
9852,3100,2.0,4,4560,39.1471,-86.5136,housing/rent/apartment,Thumbnail,IN
9853,2395,3.5,5,4614,29.7714,-95.4343,housing/rent/apartment,Thumbnail,TX
9854,7800,3.5,4,4650,33.5783,-111.8902,housing/rent/apartment,Thumbnail,AZ
9857,4500,5.0,5,4741,37.6836,-97.3369,housing/rent/apartment,Thumbnail,KS
9858,8345,4.0,8,4900,43.0724,-89.4003,housing/rent/apartment,Thumbnail,WI
9860,3200,5.0,6,5199,33.4072,-84.4523,housing/rent/apartment,Thumbnail,GA
9861,4500,5.0,4,5407,44.8653,-93.4749,housing/rent/apartment,Thumbnail,MN
9862,6900,5.0,5,5700,28.1253,-82.4468,housing/rent/apartment,Thumbnail,FL
9863,3000,4.0,6,5921,37.0835,-113.5823,housing/rent/apartment,Thumbnail,UT
